dom,sup,seed,client,logn,prev_gap,feat_shift,cc_port,score_w1,disagree,T_in,T_gap,T_diag,ba_local,fpr_local,fnr_local,ba_bk30,fpr_bk30,fnr_bk30,ba_bk100,fpr_bk100,fnr_bk100,ba_bk300,fpr_bk300,fnr_bk300,ba_shrink,fpr_shrink,fnr_shrink,ba_bk1000,fpr_bk1000,fnr_bk1000,ba_bk3000,fpr_bk3000,fnr_bk3000,ba_fedavg,fpr_fedavg,fnr_fedavg,ba_blend_val,fpr_blend_val,fnr_blend_val,ba_fedavg_ft,fpr_fedavg_ft,fnr_fedavg_ft,ba_cluster,fpr_cluster,fnr_cluster
mobile_A,100,0,1mobile,4.605170185988092,0.0971428571428572,0.10271059475289634,-0.4893133342266083,0.12331102725584063,0.18333333333333332,-0.7853505679592637,-0.20994907951429687,-0.9952996474735606,0.9309676129548181,0.056097560975609806,0.08196721311475408,0.9456817273090763,0.04634146341463419,0.06229508196721312,0.9489004398240704,0.03170731707317076,0.07049180327868854,0.9419432227109157,0.034146341463414664,0.08196721311475408,0.9407237105157937,0.03658536585365857,0.08196721311475408,0.9399040383846462,0.03658536585365857,0.08360655737704914,0.9345861655337865,0.039024390243902474,0.09180327868852456,0.933766493402639,0.039024390243902474,0.09344262295081962,0.9448020791683327,0.03170731707317076,0.07868852459016396,0.9342063174730107,0.04634146341463419,0.08524590163934431,0.9216113554578169,0.07317073170731703,0.08360655737704914
mobile_A,100,0,PlayDrone,4.605170185988092,0.06285714285714283,0.20148979205821438,-0.19544216990470886,0.0889036220808824,0.21666666666666667,-0.6357466063348416,-0.26696832579185514,-0.9027149321266967,0.7693938845120589,0.28395061728395066,0.1772616136919315,0.741265960336865,0.4111111111111111,0.10635696821515894,0.7245992936701984,0.4444444444444444,0.10635696821515894,0.7297850825560687,0.38395061728395063,0.15647921760391204,0.7585906607503999,0.2432098765432099,0.2396088019559902,0.7474312535844728,0.2753086419753087,0.22982885085574567,0.745561290712065,0.282716049382716,0.226161369193154,0.7461785746626823,0.28148148148148144,0.226161369193154,0.7269839113767393,0.45679012345679015,0.08924205378973105,0.754263636089227,0.25308641975308643,0.23838630806845962,0.7766428204896012,0.17654320987654326,0.27017114914425433
mobile_A,100,0,angeeks,4.605170185988092,0.0928571428571428,0.0713267440608657,-0.47712019085884094,0.15005027789932987,0.11666666666666667,-0.7545420837968112,-0.16981831664812763,-0.9243604004449388,0.8270253474061697,0.1839622641509434,0.16198704103671702,0.8418716125351481,0.13915094339622647,0.17710583153347736,0.8310724764660337,0.13915094339622647,0.1987041036717062,0.8241218061045682,0.09905660377358494,0.25269978401727866,0.8257722401075838,0.1367924528301887,0.21166306695464365,0.8210807286360488,0.09433962264150941,0.2634989200863931,0.8189209014222258,0.09433962264150941,0.2678185745140389,0.8246923265006724,0.1367924528301887,0.21382289416846656,0.8462905986389013,0.1367924528301887,0.17062634989200864,0.8269514853906027,0.13443396226415094,0.21166306695464365,0.8068559232242554,0.07311320754716977,0.3131749460043196
mobile_A,100,0,anzhi,4.605170185988092,0.31714285714285717,0.16753675843769056,0.01147442776709795,0.06335750396052996,0.1,-0.4799382716049383,-0.36265432098765427,-0.8425925925925926,0.7294885629246659,0.37869822485207105,0.16232464929859725,0.7397598804258277,0.44575936883629186,0.07472087031205266,0.7725456548487225,0.3214990138067061,0.1334096764958489,0.7663921813759951,0.2859960552268245,0.18121958202118527,0.7648658827940469,0.2741617357001972,0.19610649871170915,0.7624965343479294,0.26429980276134124,0.21070712854279994,0.7570570840186995,0.26429980276134124,0.2215860292012597,0.7578685124546077,0.2583826429980276,0.22588033209275693,0.7294885629246659,0.37869822485207105,0.16232464929859725,0.7558961258668365,0.26232741617357,0.22588033209275693,0.746404615373322,0.18540433925049304,0.3217864300028629
mobile_A,100,0,appchina,4.605170185988092,0.30714285714285716,0.21638000752495623,-0.15543271601200104,0.1416361153125763,0.21666666666666667,-0.6410455486542443,-0.0483954451345755,-0.6894409937888198,0.6558702632185653,0.23817034700315454,0.4500891265597148,0.7518757813803276,0.2365930599369085,0.25965537730243615,0.77948345957253,0.2271293375394322,0.213903743315508,0.7905057252802661,0.17507886435331232,0.24390968508615563,0.7945164204674318,0.17507886435331232,0.23588829471182415,0.7954184637242718,0.17981072555205047,0.22935234699940588,0.7976466277171417,0.17981072555205047,0.22489601901366607,0.7957263299163466,0.1845425867507886,0.22400475341651815,0.7957263299163466,0.1845425867507886,0.22400475341651815,0.7896036820234259,0.17034700315457418,0.250445632798574,0.7704433460603437,0.32334384858044163,0.13576945929887108
mobile_A,100,0,play,4.605170185988092,0.4028571428571428,0.30940794807609906,0.2155906707048416,0.06730103032180967,0.15,-0.5926666666666667,-0.1213333333333333,-0.714,0.7189816290020598,0.3649041255084253,0.19713261648745517,0.7572533265022627,0.25072632190586863,0.23476702508960579,0.7908031506230229,0.1406159209761766,0.2777777777777778,0.801805235349124,0.19029633933759438,0.2060931899641577,0.7964564862889167,0.21353864032539216,0.19354838709677424,0.7999199223590518,0.21557234166182448,0.1845878136200717,0.7998236000991339,0.21934921557234166,0.18100358422939067,0.8000896578008535,0.21702498547356186,0.18279569892473113,0.7908031506230229,0.1406159209761766,0.2777777777777778,0.7914638692599743,0.1876815804764672,0.22939068100358428,0.7501608842071064,0.10720511330621729,0.3924731182795699
mobile_A,100,0,slideme,4.605170185988092,0.1628571428571428,0.1297435835850259,-0.4826829135417938,0.1339761879295111,0.21666666666666667,-0.7456140350877193,-0.10606060606060608,-0.8516746411483254,0.8641563934961427,0.05278174037089867,0.21890547263681592,0.8338638476660918,0.0014265335235378318,0.3308457711442786,0.9122096365533248,0.108416547788873,0.06716417910447758,0.9142021703181666,0.08701854493580596,0.08457711442786064,0.9124278748908807,0.08559201141226824,0.08955223880597019,0.9113668462253639,0.08273894436519258,0.09452736318407962,0.9124456178451537,0.07560627674750353,0.09950248756218905,0.9119151035123951,0.07417974322396581,0.10199004975124382,0.9119151035123951,0.07417974322396581,0.10199004975124382,0.9133238940816601,0.08131241084165475,0.09203980099502485,0.8233458243731414,0.3209700427960057,0.03233830845771146
mobile_A,100,1,1mobile,4.605170185988092,0.1171428571428571,0.09337161033063202,-0.4378199577331543,0.15071118008345363,0.1,-0.7794180573384683,-0.14741121095421472,-0.926829268292683,0.8398455710955711,0.3090909090909091,0.011217948717948678,0.822465034965035,0.34545454545454546,0.009615384615384581,0.9409527972027971,0.036363636363636376,0.08173076923076927,0.9461746586746587,0.04675324675324677,0.0608974358974359,0.9472798035298036,0.04935064935064937,0.05608974358974361,0.9483849483849484,0.051948051948051965,0.05128205128205132,0.9515900765900767,0.051948051948051965,0.04487179487179482,0.9515900765900767,0.051948051948051965,0.04487179487179482,0.9515900765900767,0.051948051948051965,0.04487179487179482,0.9504849317349318,0.04935064935064937,0.049679487179487225,0.9455107392607393,0.07532467532467535,0.033653846153846145
mobile_A,100,1,PlayDrone,4.605170185988092,0.11285714285714293,0.20649510929725012,0.021907666698098183,0.15206444058567287,0.43333333333333335,-0.5131627734519837,-0.34556915090841667,-0.8587319243604004,0.7389685759361215,0.10457516339869277,0.41748768472906406,0.7859283943462443,0.12026143790849675,0.3078817733990148,0.8022030651340997,0.11111111111111116,0.2844827586206896,0.7780095946424548,0.13856209150326793,0.3054187192118226,0.774480826813484,0.23921568627450984,0.21182266009852213,0.7776940661322,0.27712418300653596,0.16748768472906406,0.7625752599890532,0.28888888888888886,0.1859605911330049,0.7554992111787243,0.2993464052287582,0.18965517241379315,0.7950239866061367,0.14640522875816997,0.2635467980295566,0.7889291348723397,0.27189542483660134,0.1502463054187192,0.7389685759361215,0.10457516339869277,0.41748768472906406
mobile_A,100,1,angeeks,4.605170185988092,0.06285714285714289,0.0980153419040477,-0.40231338143348694,0.121937312434117,0.16666666666666666,-0.7353161242050131,-0.146838757949869,-0.8821548821548821,0.8335986020900921,0.12742382271468145,0.20537897310513442,0.8283259622483051,0.27977839335180055,0.0635696821515892,0.8522746513691254,0.20498614958448758,0.09046454767726164,0.8475472234827192,0.20221606648199442,0.10268948655256727,0.8530873896877054,0.1911357340720221,0.10268948655256727,0.8530873896877054,0.1911357340720221,0.10268948655256727,0.8543098835752359,0.1911357340720221,0.10024449877750607,0.8543098835752359,0.1911357340720221,0.10024449877750607,0.8543098835752359,0.1911357340720221,0.10024449877750607,0.8503173065852122,0.19667590027700832,0.10268948655256727,0.7851424662544277,0.3490304709141274,0.0806845965770171
mobile_A,100,1,anzhi,4.605170185988092,0.3371428571428571,0.19108864981211804,-0.1330435872077942,0.1598784935971101,0.2833333333333333,-0.5868606701940035,0.032627865961199265,-0.5542328042328042,0.7011983312386538,0.19696969696969702,0.40063364055299544,0.7111393310990085,0.4337121212121212,0.14400921658986177,0.7052087697248988,0.3257575757575758,0.2638248847926268,0.7044799958106409,0.4772727272727273,0.11376728110599077,0.6930072615556486,0.5189393939393939,0.09504608294930872,0.6838037634408602,0.5416666666666667,0.09072580645161288,0.6813337871805614,0.5454545454545454,0.09187788018433185,0.6761450914676721,0.5587121212121212,0.08899769585253459,0.6761450914676721,0.5587121212121212,0.08899769585253459,0.6784361471861472,0.5359848484848485,0.1071428571428571,0.7096861471861472,0.4109848484848485,0.1696428571428571
mobile_A,100,1,appchina,4.605170185988092,0.2671428571428571,0.18687231505365143,-0.21461614966392517,0.05584294175108274,0.06666666666666667,-0.5500801282051282,-0.3465544871794872,-0.8966346153846154,0.7044520543389037,0.4050073637702504,0.18608852755194216,0.7448851619918588,0.2503681885125184,0.2598614875037639,0.7206443664829383,0.10162002945508097,0.45709123757904246,0.7299103886146046,0.10898379970544914,0.43119542306534175,0.7317662981899006,0.11340206185567014,0.4230653417645287,0.7278846311618082,0.11634756995581741,0.4278831677205661,0.7253579776838515,0.11929307805596467,0.4299909665763324,0.7243204865365622,0.1207658321060383,0.43059319482083713,0.7253639644889331,0.3225331369661266,0.2267389340560072,0.7283063683197788,0.10014727540500734,0.44323998795543507,0.7269156556726752,0.11045655375552288,0.43571213489912675
mobile_A,100,1,play,4.605170185988092,0.35285714285714287,0.3891318765776608,-0.16741345822811127,0.056483067978357816,0.06666666666666667,-0.49382716049382713,-0.22839506172839508,-0.7222222222222222,0.7283915856390235,0.3756954612005856,0.16752136752136748,0.74114076910563,0.3809663250366032,0.1367521367521367,0.7441165796949106,0.3715959004392386,0.14017094017094012,0.7506100536847242,0.36544655929721814,0.1333333333333333,0.7498066599091489,0.372181551976574,0.1282051282051282,0.7412909361664852,0.39092240117130306,0.1264957264957265,0.7529288833827633,0.36251830161054177,0.1316239316239316,0.7488806297005419,0.3774524158125915,0.12478632478632479,0.7537560536096408,0.35402635431918006,0.1384615384615384,0.7477769018032561,0.36427525622254764,0.14017094017094012,0.7890553240480034,0.187701317715959,0.23418803418803413
mobile_A,100,1,slideme,4.605170185988092,0.1928571428571429,0.12490965654847785,-0.3985249698162079,0.13460610384742422,0.18333333333333332,-0.7488977072310407,-0.17570546737213388,-0.9246031746031745,0.8266006699896302,0.08392603129445231,0.26287262872628725,0.8828000015419784,0.085348506401138,0.14905149051490518,0.8819596232946683,0.14935988620199148,0.08672086720867211,0.8884532799808795,0.04694167852062592,0.17615176151761514,0.8903846079712575,0.05120910384068278,0.1680216802168022,0.8895384473048145,0.05832147937411092,0.16260162601626016,0.8759883118034595,0.05832147937411092,0.18970189701897022,0.8753445358066667,0.056899004267425335,0.19241192411924124,0.8836153226397129,0.10810810810810811,0.12466124661246614,0.8854734066544079,0.05832147937411092,0.1707317073170732,0.8872389719629771,0.0981507823613087,0.12737127371273715
mobile_A,100,2,1mobile,4.605170185988092,0.06428571428571428,0.09241044214951533,-0.4780823588371277,0.17573756777370966,0.13333333333333333,-0.8275862068965516,-0.16685205784204682,-0.9944382647385984,0.9269430745271081,0.058673469387755084,0.08744038155802858,0.9365935563414556,0.09183673469387754,0.03497615262321141,0.9353180461373739,0.09438775510204078,0.03497615262321141,0.9359831770546057,0.07397959183673475,0.05405405405405406,0.931860582070666,0.06632653061224492,0.06995230524642293,0.9348922001232925,0.058673469387755084,0.07154213036565982,0.9340972875636742,0.058673469387755084,0.0731319554848967,0.9325074624444372,0.058673469387755084,0.07631160572337048,0.9325074624444372,0.058673469387755084,0.07631160572337048,0.931860582070666,0.06632653061224492,0.06995230524642293,0.9388302618344635,0.08418367346938771,0.038155802861685184
mobile_A,100,2,PlayDrone,4.605170185988092,0.005714285714285672,0.15884595100529741,-0.10393331199884415,0.1924616019222109,0.4,-0.5124434389140271,-0.30995475113122173,-0.8223981900452488,0.7755064641646793,0.207741935483871,0.24124513618677046,0.7557031086565416,0.07354838709677425,0.41504539559014264,0.7546445755407724,0.415483870967742,0.07522697795071331,0.6972302414124932,0.032258064516129004,0.5732814526588845,0.7679820927994645,0.3070967741935484,0.1569390402075227,0.7641044307769549,0.31225806451612903,0.15953307392996108,0.6888381239278691,0.5470967741935484,0.07522697795071331,0.6881929626375466,0.5483870967741935,0.07522697795071331,0.7726245763775574,0.09677419354838712,0.357976653696498,0.7095719844357976,0.040000000000000036,0.5408560311284047,0.7565658340655202,0.15612903225806452,0.330739299610895
mobile_A,100,2,angeeks,4.605170185988092,0.055714285714285716,0.09034067112126876,-0.4290619194507599,0.12366284249971307,0.2,-0.7541713014460512,-0.1646273637374861,-0.9187986651835373,0.8416149068322981,0.1428571428571429,0.17391304347826086,0.8476918227245132,0.15816326530612246,0.14645308924485123,0.8571078316910288,0.15306122448979587,0.13272311212814647,0.8448781114276374,0.16836734693877553,0.14187643020594964,0.8139652314014851,0.25765306122448983,0.11441647597254001,0.8157661233829916,0.24489795918367352,0.1235697940503433,0.813609139307897,0.24234693877551017,0.13043478260869568,0.8140031756409658,0.23469387755102045,0.13729977116704806,0.8452721477607061,0.1607142857142857,0.14874141876430202,0.8455902956148134,0.19897959183673475,0.10983981693363842,0.8193503946200906,0.15306122448979587,0.20823798627002288
mobile_A,100,2,anzhi,4.605170185988092,0.29428571428571426,0.17295557829205532,-0.1220867857336998,0.06325612696042904,0.08333333333333333,-0.5206971677559914,-0.26579520697167747,-0.7864923747276689,0.6783580417491317,0.11680327868852458,0.5264806378132119,0.7471806266104037,0.24795081967213117,0.25768792710706145,0.7461326972627805,0.27254098360655743,0.2351936218678815,0.7346638223981478,0.2991803278688525,0.23149202733485197,0.7300519997012584,0.30327868852459017,0.23661731207289294,0.7261520221068748,0.3073770491803278,0.2403189066059226,0.7205436162664774,0.3114754098360656,0.24743735763097952,0.7204012472459763,0.3114754098360656,0.24772209567198178,0.7204012472459763,0.3114754098360656,0.24772209567198178,0.7448583778333768,0.30327868852459017,0.20700455580865607,0.7621900556406138,0.264344262295082,0.21127562642369024
mobile_A,100,2,appchina,4.605170185988092,0.2242857142857143,0.18446908039968357,-0.3546583950519562,0.1333472124999389,0.26666666666666666,-0.6503703703703704,-0.08592592592592596,-0.7362962962962963,0.7246165911188324,0.444104134762634,0.10666268299970127,0.7784224038257844,0.30781010719754975,0.1353450851508814,0.7331852116887377,0.4885145482388974,0.04511502838362713,0.7423930186388945,0.45635528330781006,0.05885867941440093,0.7484442423124913,0.4379785604900459,0.06513295488497162,0.7547567225523897,0.4226646248085758,0.06782193008664472,0.7575770123504353,0.41194486983154666,0.07290110546758288,0.7582120808513578,0.4088820826952527,0.07469375560203162,0.747174105310646,0.444104134762634,0.06154765461607414,0.7437750246958375,0.4532924961715161,0.05915745443680909,0.803633433702829,0.2741194486983155,0.11861368389602633
mobile_A,100,2,play,4.605170185988092,0.4357142857142857,0.3419967763235805,0.1626102179288864,0.07040694753789394,0.08333333333333333,-0.44084362139917704,-0.25051440329218094,-0.691358024691358,0.6747272564075364,0.1680280046674446,0.4825174825174825,0.6815356463839544,0.4848308051341891,0.15209790209790208,0.7918611435239207,0.16627771295215865,0.25,0.8047965744873562,0.21907817969661614,0.17132867132867136,0.8074209920767681,0.21557759626604434,0.16958041958041958,0.8044987393003729,0.23016336056009334,0.16083916083916083,0.8039091888275085,0.24183197199533257,0.1503496503496503,0.8053626653393282,0.24766627771295213,0.14160839160839156,0.7883768798296219,0.14527421236872817,0.277972027972028,0.799688497033888,0.23453908984830807,0.16608391608391604,0.7529650920841119,0.16190198366394404,0.3321678321678322
mobile_A,100,2,slideme,4.605170185988092,0.08571428571428569,0.13426630784977034,-0.4054104685783386,0.14316090850625188,0.18333333333333332,-0.731875,-0.14312499999999995,-0.875,0.8089551206162267,0.2344213649851632,0.1476683937823834,0.886141049491859,0.04896142433234418,0.1787564766839378,0.8747213296228533,0.16765578635014833,0.08290155440414504,0.881209544748697,0.1572700296735905,0.0803108808290155,0.8700819483095279,0.17952522255192882,0.0803108808290155,0.8357459141157116,0.271513353115727,0.05699481865284972,0.8348157316154425,0.27596439169139464,0.05440414507772018,0.8311065328023862,0.2833827893175074,0.05440414507772018,0.8789840254608632,0.16172106824925814,0.0803108808290155,0.84948724650605,0.228486646884273,0.07253886010362698,0.8684099260466475,0.185459940652819,0.07772020725388606
mobile_A,100,3,1mobile,4.605170185988092,0.06285714285714283,0.09465790490488712,-0.4913071095943451,0.13460505058368047,0.06666666666666667,-0.7712495103799452,-0.14179396788092447,-0.9130434782608696,0.8640876331423764,0.18615751789976132,0.08566721581548598,0.916678134571605,0.08591885441527447,0.0807248764415156,0.9340077772054747,0.06443914081145585,0.06754530477759468,0.9326453900988074,0.05727923627684961,0.07742998352553543,0.9338387075212418,0.054892601431980936,0.07742998352553543,0.9370490655951056,0.05011933174224348,0.07578253706754534,0.9362253423661105,0.05011933174224348,0.07742998352553543,0.9345778959081205,0.05011933174224348,0.0807248764415156,0.9320752713961618,0.0715990453460621,0.06425041186161451,0.9337541726791254,0.05011933174224348,0.0823723228995058,0.9340392320304483,0.042959427207637235,0.08896210873146626
mobile_A,100,3,PlayDrone,4.605170185988092,0.027142857142857135,0.17830830828877142,-0.0892988070845604,0.13425879710509134,0.3,-0.5685947348906192,-0.3045977011494253,-0.8731924360400445,0.7662060681800154,0.12836970474967913,0.33921815889029006,0.8074875313032681,0.23748395378690634,0.14754098360655743,0.8219708068189728,0.1681643132220796,0.18789407313997475,0.8025154310745337,0.1578947368421053,0.23707440100882726,0.8021528230812938,0.19897304236200253,0.19672131147540983,0.7859366374907526,0.25032092426187424,0.17780580075662045,0.752953069784232,0.34403080872913994,0.15006305170239598,0.7542262447247821,0.12836970474967913,0.36317780580075665,0.7849176119026073,0.1514762516046213,0.2786885245901639,0.7971880073881379,0.189987163029525,0.21563682219419922,0.794903900787863,0.16302952503209245,0.24716267339218156
mobile_A,100,3,angeeks,4.605170185988092,0.0128571428571429,0.08409073171171444,-0.3948687016963959,0.12965602011730273,0.21666666666666667,-0.6963292547274751,-0.20467185761957718,-0.9010011123470523,0.8455041982554823,0.10804597701149421,0.20094562647754133,0.8451373603978153,0.16551724137931034,0.1442080378250591,0.8308469878535909,0.24137931034482762,0.09692671394799057,0.823950436129453,0.2551724137931034,0.09692671394799057,0.8351838265264531,0.21379310344827585,0.11583924349881791,0.8145919947827505,0.26206896551724135,0.10874704491725773,0.8316703350452433,0.21609195402298853,0.12056737588652477,0.8351186109073123,0.20919540229885059,0.12056737588652477,0.8180402706448194,0.2551724137931034,0.10874704491725773,0.8296975625662346,0.2436781609195402,0.09692671394799057,0.8257275617510393,0.21379310344827585,0.13475177304964536
mobile_A,100,3,anzhi,4.605170185988092,0.33285714285714285,0.18771217825971676,0.052944574505090714,0.052256460487842556,0.016666666666666666,-0.610632183908046,-0.10488505747126431,-0.7155172413793103,0.6567636969324424,0.22413793103448276,0.46233467510063253,0.6968244840585266,0.2222222222222222,0.3841288096607246,0.7259076758343083,0.2068965517241379,0.3412880966072456,0.7216917945091093,0.210727969348659,0.3458884416331225,0.7251437057012993,0.21647509578544066,0.3332374928119609,0.7246656047096253,0.22030651340996166,0.3303622771707878,0.7251938291923619,0.22413793103448276,0.3254744105807935,0.7250985394785835,0.22605363984674332,0.3237492811960897,0.7250985394785835,0.22605363984674332,0.3237492811960897,0.720733940102979,0.21264367816091956,0.3458884416331225,0.7417698329290405,0.20881226053639845,0.3076480736055204
mobile_A,100,3,appchina,4.605170185988092,0.2728571428571428,0.19598222127954157,-0.18942900002002716,0.08094115965068344,0.11666666666666667,-0.6419586702605571,-0.3068283917340521,-0.9487870619946092,0.7020516057760593,0.43157894736842106,0.16431784107946024,0.7483660425426384,0.3398496240601504,0.1634182908545727,0.7773613193403299,0.19999999999999996,0.2452773613193403,0.7567212634284362,0.1669172932330827,0.319640179910045,0.7499881638128304,0.1578947368421053,0.3421289355322339,0.7461036399093686,0.14887218045112782,0.35892053973013494,0.7426666366065088,0.14135338345864656,0.3733133433283359,0.7401201654811692,0.13984962406015033,0.37991004497751124,0.742639582464407,0.3593984962406015,0.15532233883058466,0.7480323747900486,0.162406015037594,0.34152923538230884,0.7431896833538119,0.39248120300751876,0.12113943028485752
mobile_A,100,3,play,4.605170185988092,0.42714285714285716,0.33849894650152823,0.029291046783328056,0.0921860442025718,0.11666666666666667,-0.5881410256410255,-0.13782051282051289,-0.7259615384615384,0.6813475251662366,0.14986776373787836,0.48743718592964824,0.7272824599045773,0.3896561857184837,0.15577889447236182,0.7418579822415043,0.37055539230091095,0.14572864321608037,0.7840704649705575,0.2677049662062886,0.16415410385259632,0.7903295988218101,0.2518366147516897,0.1675041876046901,0.7926952324557452,0.25213047311196,0.16247906197654938,0.7925337826363672,0.2641786658830444,0.1507537688442211,0.7910644908350155,0.2671172494857479,0.1507537688442211,0.7426512029242107,0.3555686159271231,0.1591289782244556,0.7199072057318624,0.4446076990890391,0.11557788944723613,0.754565756591755,0.23626212165736116,0.25460636515912893
mobile_A,100,3,slideme,4.605170185988092,0.22714285714285715,0.13086049258991894,-0.4384545385837555,0.20581525464852649,0.2,-0.7918518518518519,-0.14037037037037037,-0.9322222222222223,0.8312486613835939,0.28035982008995497,0.05714285714285716,0.8921785860316596,0.11694152923538226,0.09870129870129873,0.8972448840514808,0.03148425787106446,0.17402597402597397,0.8768667614244826,0.025487256371814038,0.22077922077922074,0.8679764014096848,0.022488755622188883,0.24155844155844153,0.87097490215931,0.016491754122938573,0.24155844155844153,0.8702252769719037,0.01799100449775115,0.24155844155844153,0.8676278743745011,0.01799100449775115,0.24675324675324672,0.8774158375357776,0.026986506746626726,0.21818181818181814,0.8880293619424053,0.13043478260869568,0.09350649350649354,0.8930333534531436,0.09445277361319337,0.11948051948051952
mobile_A,100,4,1mobile,4.605170185988092,0.17714285714285716,0.11761799298175502,-0.4871428310871124,0.1777361986382554,0.26666666666666666,-0.7982456140350876,-0.10725677830940994,-0.9055023923444976,0.8948071145868104,0.052238805970149294,0.15814696485623003,0.9216656334938724,0.11194029850746268,0.04472843450479236,0.9198853972946768,0.12189054726368154,0.03833865814696491,0.92779314291164,0.10447761194029848,0.039936102236421744,0.9285918649563683,0.10447761194029848,0.03833865814696491,0.9298356460508956,0.10199004975124382,0.03833865814696491,0.931079427145423,0.09950248756218905,0.03833865814696491,0.9302807051006946,0.09950248756218905,0.039936102236421744,0.9302807051006946,0.09950248756218905,0.039936102236421744,0.9357922845834724,0.08208955223880599,0.04632587859424919,0.9327682672897493,0.09452736318407962,0.039936102236421744
mobile_A,100,4,PlayDrone,4.605170185988092,0.1628571428571428,0.19761190534203865,-0.13379031419754028,0.12075035504531113,0.23333333333333334,-0.6374627976190476,-0.27325148809523814,-0.9107142857142857,0.7954161838394421,0.12985274431057559,0.27931488801054016,0.8170283241000894,0.14591700133868812,0.22002635046113306,0.8013873676524279,0.12449799196787148,0.2727272727272727,0.7874713610701038,0.21820615796519416,0.20685111989459815,0.7848257324422856,0.2195448460508701,0.2108036890645586,0.7716716669047732,0.2168674698795181,0.23978919631093543,0.7682931991470493,0.22757697456492643,0.23583662714097497,0.7400193660015557,0.22088353413654616,0.29907773386034253,0.8080808080808081,0.11111111111111116,0.2727272727272727,0.7823811715901816,0.19544846050870146,0.23978919631093543,0.653793037763703,0.12851405622489964,0.5638998682476943
mobile_A,100,4,angeeks,4.605170185988092,0.03285714285714281,0.08549813056710176,-0.3905044198036194,0.13079305881013473,0.08333333333333333,-0.7456433073785688,-0.19317760474601398,-0.9388209121245827,0.8345972217434766,0.2263279445727483,0.10447761194029848,0.8305125641997863,0.2494226327944573,0.08955223880597019,0.8365533763055393,0.24480369515011546,0.08208955223880599,0.8006704353521078,0.3464203233256351,0.052238805970149294,0.8017361230797514,0.34180138568129326,0.05472636815920395,0.808664529546264,0.32794457274826794,0.05472636815920395,0.8095521239070238,0.31870669745958424,0.062189054726368154,0.8095521239070238,0.31870669745958424,0.062189054726368154,0.8018251697631933,0.34411085450346424,0.052238805970149294,0.8131025013500626,0.2817551963048499,0.09203980099502485,0.7794399825353602,0.37644341801385683,0.06467661691542292
mobile_A,100,4,anzhi,4.605170185988092,0.27714285714285714,0.20757560152922616,-0.22080232203006744,0.052325566609700516,0.03333333333333333,-0.6015274034141959,-0.15318957771787967,-0.7547169811320755,0.7047502323227628,0.31238447319778184,0.2781150621566927,0.7277086375973311,0.3789279112754159,0.16565481352992195,0.7332413661166268,0.40110905730129387,0.13240821046545248,0.7338502948989456,0.4048059149722736,0.12749349522983522,0.7300088867798595,0.4121996303142329,0.12778259612604803,0.7296628741545401,0.41404805914972276,0.1266261925411969,0.7290846723621146,0.41404805914972276,0.12778259612604803,0.7260229282126671,0.4195933456561922,0.12836079791847355,0.7302103489570726,0.41035120147874304,0.12922810060711187,0.7295706931848605,0.4029574861367837,0.13790112749349526,0.7318220463747762,0.3955637707948244,0.14079213645562305
mobile_A,100,4,appchina,4.605170185988092,0.29714285714285715,0.17887368238154588,-0.46075111627578735,0.08400821470810722,0.1,-0.6756365740740741,-0.09693287037037035,-0.7725694444444444,0.6413178722765916,0.15918958031837915,0.5581746751284375,0.7346381114698806,0.2865412445730825,0.24418253248715627,0.7579506227588749,0.3227206946454414,0.16137805983680875,0.7453071677952381,0.44138929088277856,0.06799637352674526,0.7462691103813264,0.43704775687409547,0.07041402236325178,0.7459669042767632,0.43704775687409547,0.07101843457237833,0.7720029879480556,0.21997105643994208,0.23602296766394681,0.7757422964777463,0.23878437047756873,0.2097310365669387,0.7757422964777463,0.23878437047756873,0.2097310365669387,0.7722564299706235,0.30680173661360344,0.14868540344514958,0.7701984982412129,0.3299565846599132,0.12964641885766093
mobile_A,100,4,play,4.605170185988092,0.4128571428571428,0.31191149900521886,0.06796075403690338,0.06533929359184186,0.11666666666666667,-0.5873842592592593,-0.13657407407407396,-0.7239583333333333,0.6973738411773378,0.2537485582468282,0.3515037593984962,0.6854116259506899,0.48068050749711644,0.1484962406015038,0.7233720113432369,0.38408304498269896,0.16917293233082709,0.7247931680412103,0.416955017301038,0.1334586466165414,0.7238587385418565,0.4207035755478662,0.13157894736842102,0.7218402841012566,0.42474048442906576,0.13157894736842102,0.7228495113215565,0.422722029988466,0.13157894736842102,0.7237145632246706,0.4209919261822376,0.13157894736842102,0.7233720113432369,0.38408304498269896,0.16917293233082709,0.7294761557873923,0.4057093425605537,0.13533834586466165,0.6973738411773378,0.2537485582468282,0.3515037593984962
mobile_A,100,4,slideme,4.605170185988092,0.14285714285714285,0.11577438237137927,-0.4384702444076538,0.16475577304760616,0.25,-0.8045436741088915,-0.16020368194281231,-0.9647473560517038,0.8868347195626435,0.05637982195845692,0.16995073891625612,0.9262728216222538,0.041543026706231445,0.10591133004926112,0.9163621347444124,0.07121661721068251,0.09605911330049266,0.909477277046089,0.06528189910979232,0.11576354679802958,0.9032757889813041,0.08753709198813053,0.10591133004926112,0.8990622853049948,0.10089020771513357,0.10098522167487689,0.896836766017161,0.10534124629080122,0.10098522167487689,0.8960949262545497,0.10682492581602376,0.10098522167487689,0.9208570259168847,0.0400593471810089,0.11822660098522164,0.8926378798731198,0.1112759643916914,0.10344827586206895,0.9038677990381664,0.0370919881305638,0.15517241379310343
mobile_A,300,0,1mobile,5.703782474656201,0.0847619047619047,0.0929195020080843,-0.48605877161026,0.05930925480555744,0.08,-0.8441567628749294,-0.12825410299943396,-0.9724108658743633,0.9407636945221911,0.04634146341463419,0.0721311475409836,0.9419232307077169,0.029268292682926855,0.08688524590163937,0.9468212714914035,0.024390243902439046,0.08196721311475408,0.9355857656937225,0.08292682926829265,0.04590163934426228,0.9416833266693323,0.07073170731707312,0.04590163934426228,0.9457616953218713,0.06585365853658531,0.042622950819672156,0.9400639744102359,0.07560975609756093,0.04426229508196722,0.941623350659736,0.056097560975609806,0.060655737704918056,0.9400639744102359,0.07560975609756093,0.04426229508196722,0.9432626949220312,0.056097560975609806,0.05737704918032782,0.9453218712514994,0.05853658536585371,0.050819672131147575
mobile_A,300,0,PlayDrone,5.703782474656201,0.05523809523809525,0.17761471517438387,-0.1892659217119217,0.03665914298733696,0.16,-0.5713804713804713,-0.3490235690235691,-0.9204040404040404,0.8182936400132814,0.28395061728395066,0.0794621026894865,0.8246838117661264,0.22716049382716053,0.12347188264058684,0.8302937003833499,0.20493827160493827,0.13447432762836187,0.8246234416976064,0.23950617283950615,0.11124694376528121,0.8165383802710615,0.26790123456790127,0.09902200488997559,0.8155754776781672,0.2148148148148148,0.15403422982885084,0.8059464517492227,0.18395061728395057,0.20415647921760394,0.8041428959521869,0.1777777777777778,0.21393643031784837,0.8246234416976064,0.23950617283950615,0.11124694376528121,0.8158109209453953,0.16666666666666663,0.20171149144254275,0.8013824745691087,0.11728395061728392,0.27995110024449876
mobile_A,300,0,angeeks,5.703782474656201,0.041904761904761945,0.07279778376873203,-0.5059600472450256,0.11834425545763223,0.15,-0.7621715352807789,-0.15899693210617594,-0.9211684673869548,0.8322517217490526,0.1367924528301887,0.1987041036717062,0.8382218101797139,0.17452830188679247,0.1490280777537797,0.8532285341700966,0.2028301886792453,0.09071274298056153,0.8671935490443783,0.15330188679245282,0.11231101511879049,0.8745670157708139,0.13207547169811318,0.11879049676025921,0.8688694527079344,0.13915094339622647,0.12311015118790491,0.8600442153306981,0.11792452830188682,0.16198704103671702,0.8615214556420392,0.10849056603773588,0.16846652267818574,0.8580448469782795,0.1910377358490566,0.09287257019438444,0.8755603325318879,0.10849056603773588,0.14038876889848817,0.8673056155507559,0.125,0.14038876889848817
mobile_A,300,0,anzhi,5.703782474656201,0.2980952380952381,0.16127205552317347,0.014133836142718792,0.06334718480706217,0.16,-0.5973145071982282,-0.26813399778516045,-0.8654485049833887,0.7455796348967306,0.47534516765285995,0.033495562553678804,0.8240640198401876,0.26627218934911245,0.08559977097051241,0.8326418969243079,0.15779092702169628,0.17692527912968792,0.818535634243974,0.1301775147928994,0.23275121671915255,0.8153206949260595,0.1755424063116371,0.19381620383624387,0.803438943257041,0.1932938856015779,0.19982822788434007,0.7827314250930715,0.18145956607495073,0.25307758373890643,0.7692126998431916,0.17357001972386588,0.288004580589751,0.8363952475251997,0.1617357001972387,0.16547380475236184,0.7973461716332073,0.21893491124260356,0.18637274549098193,0.7768159593348433,0.15779092702169628,0.2885771543086172
mobile_A,300,0,appchina,5.703782474656201,0.3114285714285714,0.2272102059696205,-0.24114148318767548,0.13971326729282738,0.2,-0.6458818958818959,-0.18337218337218342,-0.8292540792540793,0.7375349336752195,0.1577287066246057,0.3672014260249554,0.7852171745287351,0.24447949526813884,0.18508615567439102,0.8015354884903967,0.23501577287066244,0.1619132501485443,0.7935679864145258,0.25867507886435326,0.15418894830659535,0.7940056531168055,0.2334384858044164,0.17855020796197263,0.7927849660081985,0.21924290220820186,0.19518716577540107,0.7946054533083666,0.19242902208201895,0.2183600713012478,0.7907540800470843,0.1971608832807571,0.2213309566250743,0.7927441983389283,0.2665615141955836,0.14795008912655971,0.7750215084599943,0.26813880126182965,0.18181818181818177,0.7943758422975347,0.2003154574132492,0.2109328579916815
mobile_A,300,0,play,5.703782474656201,0.3952380952380953,0.31992579517522646,0.19159410893917084,0.08603064304064449,0.16,-0.5859121721190688,-0.2200117889773061,-0.8059239610963749,0.7601862091515519,0.268158047646717,0.2114695340501792,0.8018708386180411,0.1417780360255665,0.2544802867383512,0.8211759021490799,0.1658919233004067,0.19175627240143367,0.8407621225469063,0.12492736780941316,0.19354838709677424,0.8416123617385074,0.1429401510749564,0.1738351254480287,0.8460910864942655,0.13219058686809992,0.17562724014336917,0.8409349819538945,0.14787914003486347,0.17025089605734767,0.832728325408875,0.16966879721092387,0.16487455197132617,0.8253578502121173,0.11272515979081932,0.23655913978494625,0.8383139751623941,0.11011040092969204,0.21326164874551967,0.7978310309709908,0.17315514235909357,0.23118279569892475
mobile_A,300,0,slideme,5.703782474656201,0.20190476190476192,0.12947286932949698,-0.4879363477230072,0.08454133754596113,0.11,-0.7991898148148148,-0.12485532407407407,-0.9240451388888888,0.8794348514205009,0.15406562054208273,0.08706467661691542,0.9067572267052754,0.07703281027104136,0.1094527363184079,0.9144558945642685,0.0442225392296719,0.12686567164179108,0.9270942008928255,0.031383737517831634,0.11442786069651745,0.9288862392743842,0.022824536376604865,0.11940298507462688,0.9329121155988956,0.05706134094151216,0.07711442786069655,0.9321988488371268,0.05848787446504988,0.07711442786069655,0.9270409720300069,0.061340941512125546,0.08457711442786064,0.9290689917033946,0.0199714693295292,0.12189054726368154,0.9220126187890789,0.09129814550641935,0.06467661691542292,0.9195605425085698,0.07132667617689015,0.08955223880597019
mobile_A,300,1,1mobile,5.703782474656201,0.06952380952380954,0.0905805040030001,-0.49821290373802185,0.07210280041210355,0.03,-0.8658333333333333,-0.07208333333333339,-0.9379166666666667,0.9500707625707625,0.038961038961038974,0.0608974358974359,0.9555694305694306,0.03116883116883118,0.05769230769230771,0.9519501332001332,0.020779220779220786,0.07532051282051277,0.9606809856809857,0.03376623376623378,0.04487179487179482,0.9436313686313686,0.09350649350649354,0.019230769230769273,0.9431339493839493,0.09610389610389614,0.017628205128205177,0.9421391108891108,0.10129870129870133,0.014423076923076872,0.9421391108891108,0.10129870129870133,0.014423076923076872,0.9421391108891108,0.10129870129870133,0.014423076923076872,0.9519501332001332,0.020779220779220786,0.07532051282051277,0.9550158175158174,0.06753246753246755,0.022435897435897467
mobile_A,300,1,PlayDrone,5.703782474656201,0.06047619047619046,0.21819786780518136,0.030303077772259712,0.08569978215979066,0.2,-0.4868666666666668,-0.40513333333333323,-0.892,0.8046363372935381,0.2823529411764706,0.10837438423645318,0.7476158279403715,0.465359477124183,0.039408866995073843,0.815028655140217,0.2849673202614379,0.08497536945812811,0.8397686660871245,0.196078431372549,0.12438423645320196,0.8363976625132812,0.22745098039215683,0.0997536945812808,0.8255030747931357,0.22091503267973855,0.1280788177339901,0.8252994301168743,0.1215686274509804,0.2278325123152709,0.8226093885830195,0.12941176470588234,0.22536945812807885,0.8397686660871245,0.196078431372549,0.12438423645320196,0.8224371357738498,0.09281045751633987,0.26231527093596063,0.8338106506970604,0.2104575163398693,0.1219211822660099
mobile_A,300,1,angeeks,5.703782474656201,0.04380952380952374,0.08158103398339211,-0.40399205684661865,0.0980381302535534,0.12,-0.7812794612794612,-0.13831649831649828,-0.9195959595959595,0.8526708612994331,0.1357340720221607,0.15892420537897312,0.8584582354096539,0.1412742382271468,0.14180929095354522,0.8129279575208772,0.31301939058171746,0.06112469437652812,0.8616448469004192,0.1911357340720221,0.08557457212713937,0.8367140989779815,0.24099722991689754,0.08557457212713937,0.8398092774079066,0.22991689750692523,0.09046454767726164,0.8441269497253622,0.21883656509695293,0.09290953545232272,0.8425793605103997,0.22437673130193903,0.09046454767726164,0.8425793605103997,0.22437673130193903,0.09046454767726164,0.8597721623580248,0.20221606648199442,0.07823960880195602,0.8196838447940724,0.260387811634349,0.10024449877750607
mobile_A,300,1,anzhi,5.703782474656201,0.32952380952380955,0.20197126815858824,-0.06087058037519455,0.1582122813165188,0.27,-0.643018018018018,-0.22756410256410264,-0.8705821205821206,0.7672767420751292,0.3882575757575758,0.07718894009216593,0.7532031140902109,0.4564393939393939,0.037154377880184386,0.767695677977936,0.428030303030303,0.036578341013824844,0.7817605781315459,0.38636363636363635,0.05011520737327191,0.7582870758273984,0.44886363636363635,0.03456221198156684,0.7514531839128613,0.4602272727272727,0.03686635944700456,0.7424373341712052,0.47537878787878785,0.039746543778801824,0.7338535120793186,0.490530303030303,0.04176267281105994,0.7579161429967881,0.4507575757575758,0.033410138248847976,0.7616298352185449,0.4185606060606061,0.05817972350230416,0.7829824745147326,0.3617424242424242,0.07229262672811065
mobile_A,300,1,appchina,5.703782474656201,0.2561904761904762,0.20629719068057684,-0.2718484699726105,0.07980827927589415,0.13,-0.5819490586932446,-0.2851605758582504,-0.867109634551495,0.781085376718601,0.17525773195876293,0.26257151460403494,0.7750389253197065,0.13254786450662737,0.3173742848539597,0.7738730504634452,0.10898379970544914,0.3432700993676604,0.7293882061713761,0.048600883652430094,0.4926227040048178,0.7348574852137001,0.05301914580265099,0.47726588376994883,0.7384708546807282,0.05301914580265099,0.4700391448358928,0.7391551243282029,0.06038291605301915,0.46130683529057515,0.7421826738313202,0.061855670103092786,0.4537789822342668,0.781085376718601,0.17525773195876293,0.26257151460403494,0.7361275748250855,0.05891016200294552,0.46883468834688347,0.7364615055085258,0.061855670103092786,0.4652213188798555
mobile_A,300,1,play,5.703782474656201,0.4038095238095238,0.34586480804567243,-0.0871409922838211,0.0641459717449385,0.09,-0.5429009193054136,-0.3702757916241063,-0.9131767109295199,0.8028118782145137,0.07642752562225474,0.31794871794871793,0.8133861420830675,0.2108345534407028,0.16239316239316237,0.8272165283878314,0.1677891654465593,0.1777777777777778,0.8440978088123037,0.12035139092240121,0.19145299145299144,0.8340503810489168,0.15754026354319184,0.1743589743589744,0.8361001614295904,0.15344070278184485,0.1743589743589744,0.8272440590156549,0.1762811127379209,0.16923076923076918,0.8266584074783196,0.17745241581259152,0.16923076923076918,0.8440978088123037,0.12035139092240121,0.19145299145299144,0.8244384377620102,0.183601756954612,0.16752136752136748,0.8111448986998036,0.09224011713030744,0.28547008547008546
mobile_A,300,1,slideme,5.703782474656201,0.14714285714285713,0.11592140817420948,-0.44408276677131653,0.1034697688696906,0.08,-0.8545008912655971,-0.09826203208556161,-0.9527629233511588,0.8883858184243293,0.049786628733997196,0.17344173441734423,0.8600153426854326,0.2176386913229018,0.06233062330623307,0.9014328834611248,0.09957325746799428,0.09756097560975607,0.9079014829977603,0.08392603129445231,0.10027100271002709,0.9123038314309174,0.06970128022759603,0.10569105691056913,0.904983288808706,0.03556187766714081,0.1544715447154471,0.8742902080514404,0.015647226173541973,0.2357723577235772,0.8620950861002209,0.015647226173541973,0.26016260162601623,0.8620950861002209,0.015647226173541973,0.26016260162601623,0.904750064570347,0.07396870554765289,0.11653116531165308,0.9151487816442887,0.06401137980085347,0.10569105691056913
mobile_A,300,2,1mobile,5.703782474656201,0.1009523809523809,0.09238059152623646,-0.5049907565116882,0.08111883603036404,0.04,-0.9061200237670827,-0.06714200831847872,-0.9732620320855614,0.9372769378021479,0.058673469387755084,0.06677265500794916,0.944911748483177,0.056122448979591844,0.05405405405405406,0.9410669673274715,0.07653061224489799,0.04133545310015896,0.9464833230589533,0.06887755102040816,0.038155802861685184,0.9431373900911716,0.07397959183673475,0.03974562798092207,0.948571996366114,0.0535714285714286,0.049284578696343395,0.9393108594789268,0.08163265306122447,0.03974562798092207,0.9401057720385452,0.08163265306122447,0.038155802861685184,0.9445791830245611,0.06632653061224492,0.04451510333863273,0.9420646637033192,0.04591836734693877,0.06995230524642293,0.9433036728204796,0.06887755102040816,0.04451510333863273
mobile_A,300,2,PlayDrone,5.703782474656201,0.01904761904761909,0.18419028816954341,-0.1769460290670395,0.14889540078031133,0.23,-0.5472887767969735,-0.3774695250105087,-0.9247583018074822,0.8407413915735743,0.10580645161290325,0.21271076523994814,0.8351960169030584,0.21806451612903222,0.11154345006485089,0.8371147650725911,0.207741935483871,0.11802853437094685,0.8113150077402619,0.26193548387096777,0.11543450064850846,0.7939793314087277,0.3290322580645161,0.08300907911802857,0.8176327350320071,0.19741935483870965,0.16731517509727623,0.8091887368729342,0.19225806451612903,0.1893644617380026,0.804662566419815,0.19741935483870965,0.19325551232166016,0.8486808083343793,0.16645161290322585,0.13618677042801552,0.8028107610560228,0.23354838709677417,0.16083009079118027,0.8414936613530815,0.14580645161290318,0.1712062256809338
mobile_A,300,2,angeeks,5.703782474656201,0.039047619047619,0.08104653504747616,-0.4508216381072998,0.08493319606408477,0.12,-0.7567693744164332,-0.12638388688808844,-0.8831532613045217,0.8454589501704572,0.201530612244898,0.10755148741418763,0.8589466679120161,0.11734693877551017,0.1647597254004577,0.8687742259375146,0.17091836734693877,0.09153318077803207,0.8860505300518376,0.10204081632653061,0.1258581235697941,0.8870633493672069,0.10459183673469385,0.1212814645308925,0.884944309531593,0.07908163265306123,0.15102974828375282,0.8736340073786952,0.07653061224489799,0.17620137299771166,0.8657561995049736,0.07397959183673475,0.19450800915331812,0.8860505300518376,0.10204081632653061,0.1258581235697941,0.8724694111054032,0.1658163265306123,0.08924485125858128,0.8796729790314295,0.11479591836734693,0.1258581235697941
mobile_A,300,2,anzhi,5.703782474656201,0.29761904761904767,0.17713982473716683,-0.3152218163013458,0.05995283964206464,0.12,-0.5971760797342193,-0.18770764119601324,-0.7848837209302325,0.8121592479181449,0.12909836065573765,0.2465831435079726,0.8288210911535159,0.14959016393442626,0.1927676537585421,0.8083806340789425,0.2909836065573771,0.092255125284738,0.8125490122857463,0.2151639344262295,0.15973804100227795,0.8037268008514135,0.235655737704918,0.1568906605922551,0.7691941446655962,0.3872950819672131,0.0743166287015945,0.7732878374845962,0.35860655737704916,0.09481776765375849,0.7739693416483064,0.35040983606557374,0.10165148063781326,0.8264591657642182,0.15573770491803274,0.19134396355353078,0.7758014675678704,0.26844262295081966,0.17995444191343968,0.7772461630382016,0.360655737704918,0.08485193621867881
mobile_A,300,2,appchina,5.703782474656201,0.27428571428571424,0.15596969729332122,-0.4708603024482727,0.1195278833546945,0.16,-0.7416849415204677,-0.14866593567251474,-0.8903508771929824,0.7669536523530707,0.36600306278713635,0.10008963250672243,0.7912328976464489,0.29862174578866774,0.11891245891843438,0.8025669029566831,0.3124042879019908,0.082461906184643,0.8178822112645963,0.25727411944869827,0.10696145802210932,0.8144462985069028,0.25727411944869827,0.11383328353749622,0.8120748575556909,0.25574272588055125,0.12010755900806691,0.8100209508549403,0.2526799387442573,0.12727815954586197,0.8066969071523447,0.25574272588055125,0.13086345981475944,0.7904484416343223,0.30168453292496167,0.1174185838063938,0.7749073362765495,0.38744257274119454,0.06274275470570656,0.8142225603967073,0.2511485451761103,0.12040633403047507
mobile_A,300,2,play,5.703782474656201,0.4123809523809524,0.33605618865452147,-0.00978161208331585,0.0765541948006403,0.11,-0.5929519918283964,-0.3712972420837588,-0.9642492339121552,0.7943805028110745,0.09305717619603271,0.31818181818181823,0.7697866602475704,0.04609101516919489,0.4143356643356644,0.7792592471705657,0.04113185530921826,0.4003496503496503,0.8245465153283122,0.07817969661610269,0.2727272727272727,0.832841021289096,0.09480746791131855,0.23951048951048948,0.8304940392163263,0.12222870478413073,0.21678321678321677,0.8266956205987712,0.14031505250875143,0.20629370629370625,0.8256593173454316,0.16861143523920652,0.1800699300699301,0.7754730683552153,0.03821470245040837,0.41083916083916083,0.8275758663739994,0.12981330221703613,0.215034965034965,0.8058961167187538,0.0822637106184364,0.30594405594405594
mobile_A,300,2,slideme,5.703782474656201,0.20238095238095238,0.12032824219656768,-0.44805219769477844,0.06265751064289361,0.15,-0.8381576963666516,-0.06776722448364247,-0.9059249208502941,0.8656885656739595,0.13649851632047483,0.13212435233160624,0.871173567442075,0.029673590504451064,0.227979274611399,0.8874479174674437,0.03857566765578635,0.18652849740932642,0.9139196814317123,0.029673590504451064,0.1424870466321243,0.9096685167817222,0.02522255192878342,0.15544041450777202,0.90816177488046,0.04896142433234418,0.13471502590673579,0.9063014098799218,0.05786350148367958,0.1295336787564767,0.9024153995172275,0.05786350148367958,0.13730569948186533,0.9024153995172275,0.05786350148367958,0.13730569948186533,0.901861902492274,0.05637982195845692,0.13989637305699487,0.8975646130902046,0.09347181008902072,0.1113989637305699
mobile_A,300,3,1mobile,5.703782474656201,0.05666666666666664,0.08681487400466525,-0.5290351510047913,0.06713454820332117,0.11,-0.8663359514951082,-0.10265950117128286,-0.9689954526663911,0.9117672500226082,0.06443914081145585,0.11202635914332781,0.9248092068272697,0.03341288782816232,0.11696869851729819,0.9421919294782823,0.03818615751789978,0.07742998352553543,0.9470811888351098,0.011933174224343701,0.09390444810543652,0.9450641481836805,0.014319809069212375,0.09555189456342672,0.9519920733841066,0.03341288782816232,0.06260296540362442,0.9457718817455856,0.031026252983293534,0.07742998352553543,0.9461414759390248,0.02863961813842486,0.07907742998352552,0.943870830761246,0.01670644391408116,0.09555189456342672,0.9409455320387052,0.014319809069212375,0.10378912685337727,0.9482430514325707,0.031026252983293534,0.07248764415156506
mobile_A,300,3,PlayDrone,5.703782474656201,0.00666666666666671,0.1835368362009745,-0.060152918100357056,0.12460229439660905,0.19,-0.5928819444444444,-0.32338408119658124,-0.9162660256410257,0.8310886171847051,0.2066752246469833,0.1311475409836066,0.8379563154495286,0.21437740693196405,0.10970996216897855,0.8428571891081624,0.15917843388960207,0.15510718789407318,0.8409923480000712,0.08472400513478817,0.23329129886506939,0.8434011010980224,0.09756097560975607,0.21563682219419922,0.8351363907878144,0.10526315789473684,0.2244640605296343,0.828377960556668,0.15661103979460844,0.18663303909205553,0.8043009516841038,0.2413350449293966,0.15006305170239598,0.8379223209501625,0.21822849807445444,0.10592686002522067,0.8219254808198178,0.17329910141206673,0.18284993694829765,0.8205284687744335,0.18870346598202825,0.1702395964691047
mobile_A,300,3,angeeks,5.703782474656201,0.053333333333333344,0.08148315292760688,-0.41819676756858826,0.10973724436946211,0.14,-0.7894491129785247,-0.15452847805788983,-0.9439775910364145,0.8560039129371484,0.1816091954022988,0.1063829787234043,0.8570229069862232,0.1701149425287356,0.11583924349881791,0.8547240564115106,0.17471264367816097,0.11583924349881791,0.8473139316866389,0.06896551724137934,0.2364066193853428,0.8396837042471672,0.19770114942528738,0.1229314420803782,0.8293062688513899,0.21609195402298853,0.12529550827423164,0.8258253851797506,0.2206896551724138,0.12765957446808507,0.8257927773701802,0.2183908045977011,0.1300236406619385,0.8257927773701802,0.2183908045977011,0.1300236406619385,0.8467759028287274,0.19770114942528738,0.10874704491725773,0.82368957365289,0.23678160919540225,0.11583924349881791
mobile_A,300,3,anzhi,5.703782474656201,0.33666666666666667,0.20018068704095038,-0.03631170466542244,0.07796872989740224,0.04,-0.6666666666666666,-0.1648936170212767,-0.8315602836879433,0.7458210227836053,0.4655172413793104,0.04284071305347903,0.7717767290401186,0.4061302681992337,0.05031627372052905,0.7707268897657746,0.421455938697318,0.03709028177113283,0.7948588720782411,0.3524904214559387,0.057791834387579066,0.8055340740593859,0.31417624521072796,0.0747556066705003,0.7937522996217053,0.33716475095785436,0.07533064979873494,0.7985399192295743,0.32183908045977017,0.08108108108108103,0.7077139501937741,0.09578544061302685,0.48878665899942497,0.7985399192295743,0.32183908045977017,0.08108108108108103,0.7673653110190161,0.39655172413793105,0.06871765382403683,0.8085233068725365,0.210727969348659,0.17222541690626803
mobile_A,300,3,appchina,5.703782474656201,0.2766666666666666,0.19515669964181337,-0.29713869094848633,0.07930896287783978,0.11,-0.7302714646464646,-0.14567550505050508,-0.8759469696969697,0.7686070498585293,0.23909774436090225,0.22368815592203894,0.7887263135349618,0.21954887218045116,0.20299850074962522,0.8137040502305238,0.15939849624060154,0.2131934032983508,0.8124370145754191,0.20451127819548875,0.17061469265367313,0.8181544566062833,0.19097744360902258,0.17271364317841076,0.819051752319329,0.1924812030075188,0.16941529235382313,0.815323916988874,0.17894736842105263,0.19040479760119944,0.8120413477471791,0.16842105263157892,0.20749625187406295,0.8183066361556064,0.18947368421052635,0.17391304347826086,0.8169956375195861,0.16390977443609023,0.2020989505247376,0.7942307041967738,0.24812030075187974,0.1634182908545727
mobile_A,300,3,play,5.703782474656201,0.42000000000000004,0.3074120986457326,-0.10050372779369354,0.07042756806405517,0.09,-0.5281007751937985,-0.32655038759689914,-0.8546511627906976,0.791561392032156,0.0852189244784014,0.3316582914572864,0.8158347324830637,0.08022333235380552,0.28810720268006695,0.8204941348923085,0.18983250073464586,0.16917922948073705,0.7963674775090065,0.1777843079635616,0.22948073701842542,0.7835258179426863,0.20011754334410814,0.2328308207705193,0.7782513803221219,0.23244196297384656,0.21105527638190957,0.7632793707001064,0.2674111078460182,0.20603015075376885,0.7512018905380069,0.2982662356744049,0.1993299832495813,0.8326747362042852,0.1771965912430209,0.15745393634840876,0.7785142285036704,0.12136350279165442,0.321608040201005,0.7699797843168237,0.28416103438142815,0.1758793969849246
mobile_A,300,3,slideme,5.703782474656201,0.19,0.13410216927750507,-0.4660191535949707,0.12207886930555106,0.16,-0.8788555194805195,-0.08177759740259738,-0.9606331168831169,0.8864347047255593,0.11544227886056968,0.11168831168831173,0.9073190677388578,0.09445277361319337,0.09090909090909094,0.9145290990868202,0.025487256371814038,0.1454545454545455,0.926713915769388,0.03748125937031488,0.10909090909090913,0.9175801709534843,0.008995502248875575,0.1558441558441559,0.9158803715025604,0.014992503748125885,0.1532467532467533,0.918974279094219,0.026986506746626726,0.1350649350649351,0.9165774255729278,0.02398800599700146,0.1428571428571429,0.9165774255729278,0.02398800599700146,0.1428571428571429,0.9222161646449503,0.046476761619190454,0.10909090909090913,0.9030413364746199,0.022488755622188883,0.17142857142857137
mobile_A,300,4,1mobile,5.703782474656201,0.09904761904761905,0.10398821569912642,-0.48346763849258423,0.05786012831085828,0.04,-0.8504378762999453,-0.10974274767378212,-0.9601806239737274,0.9251466310619427,0.07462686567164178,0.07507987220447288,0.9391818860966732,0.04975124378109452,0.0718849840255591,0.9406879341312606,0.05472636815920395,0.06389776357827481,0.9493944017929521,0.03731343283582089,0.06389776357827481,0.947260502598827,0.04477611940298509,0.060702875399361034,0.95028451989255,0.03233830845771146,0.06709265175718848,0.9506381828874795,0.03482587064676612,0.06389776357827481,0.9313416940854831,0.10696517412935325,0.030351437699680517,0.9375844420072164,0.04975124378109452,0.07507987220447288,0.9470896317136364,0.03233830845771146,0.07348242811501593,0.9492235309077615,0.02487562189054726,0.07667731629392971
mobile_A,300,4,PlayDrone,5.703782474656201,0.06761904761904763,0.19363579942349995,-0.05261196196079254,0.1256345633929596,0.15,-0.5772975857009471,-0.3574763238628784,-0.9347739095638256,0.8444714298564482,0.09103078982597057,0.22002635046113306,0.8553846479461985,0.1271753681392236,0.1620553359683794,0.8588371933055013,0.107095046854083,0.1752305665349143,0.8244096279717024,0.045515394912985285,0.30566534914361,0.8184913567312729,0.04417670682730923,0.3188405797101449,0.8229915710271918,0.22489959839357432,0.12911725955204212,0.8205866946045051,0.1124497991967871,0.24637681159420288,0.8104618738458444,0.14323962516733602,0.23583662714097497,0.8237508664433756,0.045515394912985285,0.30698287220026355,0.8065701541343239,0.052208835341365445,0.3346508563899868,0.8370768978416961,0.1097724230254351,0.2160737812911726
mobile_A,300,4,angeeks,5.703782474656201,0.030952380952380953,0.07876487238806507,-0.4285507798194885,0.07126731715630741,0.05,-0.809714973906062,-0.10959454034524274,-0.9193095142513047,0.8483649879930601,0.19630484988452657,0.10696517412935325,0.8542277067319293,0.18706697459584298,0.10447761194029848,0.8609780198315582,0.1685912240184757,0.1094527363184079,0.8662174117863339,0.14318706697459582,0.12437810945273631,0.8627532085530776,0.15011547344110854,0.12437810945273631,0.8668378660967679,0.12702078521939952,0.1393034825870647,0.8601765996805809,0.14780600461893767,0.1318407960199005,0.8589328185860535,0.14780600461893767,0.13432835820895528,0.8589328185860535,0.14780600461893767,0.13432835820895528,0.8621298817689842,0.13394919168591224,0.14179104477611937,0.8445417255523766,0.1616628175519631,0.14925373134328357
mobile_A,300,4,anzhi,5.703782474656201,0.3057142857142857,0.18466018443845855,-0.2845127284526825,0.05279071882367134,0.08,-0.6788235294117646,-0.2349019607843138,-0.9137254901960784,0.8240203834835216,0.22735674676524953,0.12460248626770742,0.8345634816939282,0.20887245841035118,0.12200057820179244,0.8367841078939507,0.19778188539741215,0.12864989881468636,0.8116061451842256,0.20332717190388172,0.173460537727667,0.809351318508496,0.26247689463955637,0.11882046834345183,0.802500535718389,0.2643253234750462,0.13067360508817583,0.7963155934397075,0.26802218114602583,0.1393466319745591,0.7909410421205577,0.2735674676524954,0.14455044810638917,0.8396227473776519,0.20887245841035118,0.11188204683434522,0.8015626945486045,0.23844731977818856,0.15842729112460252,0.7924912855584751,0.25138632162661734,0.16363110725643248
mobile_A,300,4,appchina,5.703782474656201,0.3023809523809524,0.1751769205629904,-0.3981825113296509,0.11868549483828246,0.16,-0.7347844920944336,-0.13591076456573536,-0.870695256660169,0.7816053573138907,0.16208393632416784,0.2747053490480508,0.7847831135450876,0.3198263386396527,0.11060743427017228,0.7612580520870371,0.41099855282199715,0.06648534300392872,0.7629201856621353,0.41099855282199715,0.06316107585373221,0.7899696000776727,0.33574529667149056,0.08431550317316405,0.7948897428798973,0.20260492040520983,0.2076155938349955,0.7945088144904984,0.2127351664254703,0.19824720459353284,0.7917336352770303,0.2170767004341534,0.19945602901178605,0.7545797782568175,0.43704775687409547,0.05379268661226955,0.7752041421916896,0.37192474674384945,0.07766696887277125,0.7855513118412749,0.2793053545586107,0.14959202175883957
mobile_A,300,4,play,5.703782474656201,0.42428571428571427,0.3205101496525219,-0.01705109141767025,0.05732505255862984,0.05,-0.6306755260243633,-0.18327796234772975,-0.813953488372093,0.7409082828177711,0.36216839677047286,0.15601503759398494,0.7839625014092324,0.23846597462514418,0.193609022556391,0.74576254650467,0.36937716262975784,0.13909774436090228,0.7155735359159143,0.040657439446366794,0.5281954887218046,0.7933902663232475,0.10870818915801617,0.30451127819548873,0.7760187666397829,0.0945790080738178,0.3533834586466166,0.7279953777176505,0.08160322952710497,0.46240601503759393,0.7234403049145355,0.08131487889273359,0.47180451127819545,0.7234403049145355,0.08131487889273359,0.47180451127819545,0.7868969569251849,0.11793540945790082,0.30827067669172936,0.802462471056534,0.08304498269896199,0.3120300751879699
mobile_A,300,4,slideme,5.703782474656201,0.18428571428571433,0.12058491054746989,-0.44380760192871094,0.06513907874003051,0.12,-0.8344651952461799,-0.13157894736842113,-0.966044142614601,0.913734633319203,0.029673590504451064,0.1428571428571429,0.919654733887825,0.02522255192878342,0.1354679802955665,0.9282608060107292,0.03264094955489616,0.11083743842364535,0.9318822996301764,0.06973293768545996,0.06650246305418717,0.9257392816944643,0.06231454005934722,0.08620689655172409,0.9185584189677098,0.08160237388724034,0.08128078817733986,0.9113921737732236,0.09347181008902072,0.08374384236453203,0.9076975924924354,0.09347181008902072,0.09113300492610843,0.9319553872915174,0.03264094955489616,0.10344827586206895,0.9063016181608221,0.05192878338278928,0.1354679802955665,0.9020296443554399,0.09495548961424327,0.10098522167487689
mobile_A,1000,0,1mobile,6.907755278982137,0.06099999999999994,0.08224779514259051,-0.5019633173942566,0.04820458436699085,0.05105105105105105,-0.9195283971719369,-0.06431124232771357,-0.9838396394996505,0.9595361855257897,0.02682926829268295,0.0540983606557377,0.9587165133946421,0.02682926829268295,0.05573770491803276,0.9619152339064374,0.007317073170731714,0.06885245901639347,0.9623350659736105,0.009756097560975618,0.06557377049180324,0.9619152339064374,0.007317073170731714,0.06885245901639347,0.9557576969212316,0.004878048780487809,0.08360655737704914,0.9598760495801679,0.009756097560975618,0.07049180327868854,0.9565973610555778,0.009756097560975618,0.0770491803278689,0.9565973610555778,0.009756097560975618,0.0770491803278689,0.960295881647341,0.012195121951219523,0.06721311475409841,0.9615553778488605,0.019512195121951237,0.05737704918032782
mobile_A,1000,0,PlayDrone,6.907755278982137,0.06000000000000005,0.1813168702313387,-0.09035246819257736,0.018525605302953576,0.12312312312312312,-0.6035759805689825,-0.35338960632950955,-0.9569655868984921,0.8717302061637839,0.10617283950617284,0.15036674816625917,0.8767288478372424,0.08395061728395059,0.1625916870415648,0.8742476380210691,0.09135802469135801,0.1601466992665037,0.8747562558483504,0.11234567901234571,0.13814180929095354,0.8797005644601407,0.10123456790123453,0.13936430317848414,0.8648072685562498,0.1469135802469136,0.12347188264058684,0.8488846629840925,0.15308641975308646,0.14914425427872857,0.8404117238673066,0.13580246913580252,0.18337408312958436,0.8771831326028555,0.11604938271604937,0.1295843520782396,0.8470750701802047,0.14814814814814814,0.15770171149144252,0.8620106251320596,0.09382716049382711,0.18215158924205377
mobile_A,1000,0,angeeks,6.907755278982137,0.029000000000000026,0.07583920429819613,-0.4783070385456085,0.044785463098138044,0.06306306306306306,-0.8454589197642247,-0.12444364248767004,-0.9699025622518948,0.9112968132360733,0.10613207547169812,0.07127429805615548,0.9112968132360733,0.10613207547169812,0.07127429805615548,0.9143378907045927,0.11084905660377353,0.06047516198704106,0.9132707119279515,0.08490566037735847,0.08855291576673863,0.9151325441134521,0.09198113207547165,0.0777537796976242,0.9078711438933942,0.08490566037735847,0.09935205183585316,0.9101175679530543,0.10849056603773588,0.07127429805615548,0.8959793593870982,0.11084905660377353,0.09719222462203025,0.9078711438933942,0.08490566037735847,0.09935205183585316,0.8933101389624678,0.1485849056603774,0.06479481641468687,0.8743938220791394,0.08490566037735847,0.16630669546436283
mobile_A,1000,0,anzhi,6.907755278982137,0.30499999999999994,0.16364826582539627,-0.07666907459497452,0.09382006559694359,0.12312312312312312,-0.6849836455545644,-0.20600654177817435,-0.8909901873327387,0.8371058826585264,0.26824457593688367,0.0575436587460636,0.841177988549655,0.2583826429980276,0.05926137990266245,0.859630221276591,0.20315581854043396,0.07758373890638415,0.8582620298359469,0.2110453648915187,0.07243057543658749,0.8602668848545216,0.1932938856015779,0.08617234468937873,0.8554474403865493,0.19921104536489154,0.08989407386200976,0.8306387359108185,0.14003944773175547,0.19868308044660754,0.7869641791331323,0.13806706114398426,0.288004580589751,0.8636232735970673,0.18343195266272194,0.08932150014314344,0.8376993491067795,0.1637080867850098,0.1608932150014314,0.8369977486672415,0.20118343195266275,0.12482107071285431
mobile_A,1000,0,appchina,6.907755278982137,0.30399999999999994,0.20333826717027625,-0.3084369897842407,0.09143988553199683,0.13813813813813813,-0.7193885648533905,-0.17318374796651181,-0.8925723128199023,0.8364059035333855,0.17507886435331232,0.15210932857991677,0.8370108582578428,0.17981072555205047,0.14616755793226377,0.842976995788278,0.16876971608832803,0.14527629233511585,0.8409189313809837,0.17823343848580442,0.13992869875222813,0.818245078358272,0.2886435331230284,0.07486631016042777,0.8340076399549401,0.16561514195583593,0.166369578134284,0.8288381120539221,0.2003154574132492,0.14200831847890671,0.8249544058135634,0.1908517350157729,0.15923945335710044,0.8258536375070055,0.21608832807570977,0.1322043969102793,0.8159578715340452,0.21924290220820186,0.14884135472370763,0.8238307176421855,0.21924290220820186,0.13309566250742721
mobile_A,1000,0,play,6.907755278982137,0.402,0.31540002515725174,0.08543799817562103,0.060606020255865235,0.15015015015015015,-0.6155712603062425,-0.3031213191990578,-0.9186925795053004,0.8494582003044824,0.13800116211504942,0.1630824372759857,0.8504750509726986,0.1359674607786171,0.1630824372759857,0.8564308906008218,0.12405578152237073,0.1630824372759857,0.8652415137485708,0.0920976176641487,0.17741935483870963,0.8604785081608384,0.1464264962231261,0.13261648745519716,0.8599448307748059,0.14032539221382911,0.13978494623655913,0.8461353426677413,0.10342823939570023,0.20430107526881724,0.8125381384083189,0.22080185938407904,0.15412186379928317,0.8640856466295539,0.13742010459035447,0.13440860215053763,0.8368290503770626,0.057524694944799504,0.26881720430107525,0.8404361888457782,0.04851830331202789,0.2706093189964157
mobile_A,1000,0,slideme,6.907755278982137,0.17900000000000005,0.12608233002061786,-0.46683669090270996,0.05506051234535974,0.07807807807807808,-0.8699375050726402,-0.0983280577875173,-0.9682655628601575,0.9352701542217585,0.029957203994293913,0.09950248756218905,0.9377577164108133,0.029957203994293913,0.09452736318407962,0.9404102880746056,0.03708987161198285,0.08208955223880599,0.9459336697397464,0.02853067047075608,0.07960199004975121,0.9487867367868219,0.022824536376604865,0.07960199004975121,0.9512742989758767,0.022824536376604865,0.07462686567164178,0.9501955273560869,0.029957203994293913,0.06965174129353235,0.9455504219274526,0.0442225392296719,0.06467661691542292,0.9478907175960426,0.02710413694721825,0.07711442786069655,0.9384709831725822,0.02853067047075608,0.09452736318407962,0.9427150978346499,0.03994293865905851,0.07462686567164178
mobile_A,1000,1,1mobile,6.907755278982137,0.042857142857142816,0.08343200538542983,-0.5077340006828308,0.04182699465166702,0.05105105105105105,-0.9211417785444637,-0.05392009800245001,-0.9750618765469137,0.9638861138861139,0.03376623376623378,0.038461538461538436,0.9638861138861139,0.03376623376623378,0.038461538461538436,0.963969363969364,0.020779220779220786,0.05128205128205132,0.965571928071928,0.020779220779220786,0.04807692307692313,0.9671744921744923,0.020779220779220786,0.04487179487179482,0.9694950882450882,0.03376623376623378,0.027243589743589758,0.963499000999001,0.04415584415584417,0.028846153846153855,0.9626977189477189,0.04415584415584417,0.03044871794871795,0.9626977189477189,0.04415584415584417,0.03044871794871795,0.9601565101565102,0.01558441558441559,0.0641025641025641,0.9693847818847818,0.025974025974025983,0.03525641025641024
mobile_A,1000,1,PlayDrone,6.907755278982137,0.04414285714285715,0.18608108014020397,-0.041441433131694794,0.07634939957374176,0.12612612612612611,-0.5934102934102934,-0.3354858104858105,-0.9288961038961039,0.8690226665378795,0.20653594771241834,0.05541871921182262,0.8716370456228468,0.2013071895424836,0.05541871921182262,0.8706284812775685,0.10849673202614374,0.1502463054187192,0.8703805660195112,0.07450980392156858,0.18472906403940892,0.8572772787275831,0.03790849673202612,0.24753694581280783,0.8545115747448404,0.048366013071895475,0.2426108374384236,0.8425094175601275,0.05882352941176472,0.2561576354679803,0.8191313306931969,0.1006535947712418,0.26108374384236455,0.8654544576451271,0.07450980392156858,0.19458128078817738,0.8354333687497988,0.06928104575163396,0.25985221674876846,0.8242232525193987,0.2013071895424836,0.1502463054187192
mobile_A,1000,1,angeeks,6.907755278982137,0.04614285714285715,0.07554528201075295,-0.45901620388031006,0.03888733694770347,0.07207207207207207,-0.8255837722146069,-0.11511314719957677,-0.9406969194141837,0.8778555899464271,0.14404432132963985,0.10024449877750607,0.8778555899464271,0.14404432132963985,0.10024449877750607,0.8827455654965493,0.14404432132963985,0.09046454767726164,0.8803005777214881,0.14404432132963985,0.09535452322738391,0.8790780838339576,0.14404432132963985,0.097799511002445,0.8759829054040326,0.15512465373961215,0.09290953545232272,0.887791315891066,0.09972299168975074,0.12469437652811732,0.8824983575913146,0.12742382271468145,0.10757946210268954,0.8813605239453026,0.146814404432133,0.09046454767726164,0.8732128223015394,0.16066481994459836,0.09290953545232272,0.8486139425258552,0.24653739612188363,0.05623471882640585
mobile_A,1000,1,anzhi,6.907755278982137,0.31985714285714284,0.18149837063320173,-0.10768832266330719,0.0466316354463811,0.08408408408408409,-0.6929379386961573,-0.22010553956471235,-0.9130434782608696,0.8442431224689289,0.18939393939393945,0.12211981566820274,0.8446533305404273,0.19318181818181823,0.11751152073732718,0.8491568914956011,0.19886363636363635,0.10282258064516125,0.8538917399804496,0.18939393939393945,0.10282258064516125,0.8537651864264768,0.19886363636363635,0.09360599078341014,0.8463596215612345,0.19696969696969702,0.11031105990783407,0.8304356933389192,0.19886363636363635,0.14026497695852536,0.8157031140902109,0.20643939393939392,0.16215437788018439,0.8538262812456361,0.2007575757575758,0.09158986175115202,0.8347821533305404,0.18181818181818177,0.14861751152073732,0.8342846669459573,0.19318181818181823,0.13824884792626724
mobile_A,1000,1,appchina,6.907755278982137,0.2928571428571428,0.18584291314277301,-0.3537236452102661,0.05726555368483561,0.08708708708708708,-0.7484031389725341,-0.147230586732366,-0.8956337257049001,0.8410813677765316,0.14138438880706927,0.17645287563986756,0.844147498912397,0.11929307805596467,0.19241192411924124,0.8453896501000684,0.17673048600883656,0.13249021379102677,0.8509525006884826,0.13549337260677463,0.16260162601626016,0.8515846629583952,0.1516936671575847,0.1451370069256248,0.8391791158952335,0.11929307805596467,0.20234869015356816,0.8387159145687348,0.17231222385861567,0.15025594700391454,0.8334869946637611,0.21649484536082475,0.11653116531165308,0.8334869946637611,0.21649484536082475,0.11653116531165308,0.829778058048949,0.19440353460972015,0.14604034929238185,0.8258886303476027,0.1561119293078056,0.19211080999698882
mobile_A,1000,1,play,6.907755278982137,0.39714285714285713,0.3121169262020539,0.030931297689676285,0.022406901805473133,0.07207207207207207,-0.6452410023838596,-0.29545322402465246,-0.9406942264085121,0.8417314262116604,0.12679355783308932,0.18974358974358974,0.8477931699015154,0.14202049780380677,0.16239316239316237,0.8511881968690167,0.14377745241581263,0.15384615384615385,0.8584738021048417,0.10014641288433379,0.18290598290598292,0.853863673336587,0.11449487554904836,0.1777777777777778,0.8487116917570797,0.11625183016105423,0.18632478632478633,0.8432819011149904,0.15959004392386533,0.15384615384615385,0.8021548973232722,0.08286969253294285,0.3128205128205128,0.8417314262116604,0.12679355783308932,0.18974358974358974,0.8468771508302988,0.04128843338213761,0.2649572649572649,0.8163306678680031,0.18272327964860913,0.18461538461538463
mobile_A,1000,1,slideme,6.907755278982137,0.16814285714285715,0.12053433237422495,-0.48083949089050293,0.03767365375907767,0.057057057057057055,-0.9040395644584822,-0.07925359487989359,-0.9832931593383758,0.9249345622901464,0.022759601706970112,0.12737127371273715,0.9289321413840028,0.02560455192034139,0.11653116531165308,0.9291036864849445,0.04694167852062592,0.09485094850948506,0.93045870003508,0.04694167852062592,0.09214092140921404,0.9351308946944377,0.02133712660028453,0.10840108401084014,0.9338433427008523,0.01849217638691325,0.11382113821138207,0.9317462520286653,0.049786628733997196,0.08672086720867211,0.929373532711145,0.03556187766714081,0.10569105691056913,0.9298823855948375,0.042674253200568946,0.09756097560975607,0.9350634331378875,0.024182076813655806,0.10569105691056913,0.927442204720767,0.031294452347083945,0.11382113821138207
mobile_A,1000,2,1mobile,6.907755278982137,0.07357142857142862,0.0888384173345178,-0.5123461484909058,0.025351287776030268,0.02702702702702703,-0.9475939849624061,-0.028872180451127605,-0.9764661654135337,0.9402903053113136,0.06377551020408168,0.055643879173290944,0.9417138477012427,0.06887755102040816,0.04769475357710651,0.9428230751760164,0.0714285714285714,0.042925278219395846,0.9471484539761851,0.04846938775510201,0.05723370429252783,0.9474627688913404,0.05102040816326525,0.05405405405405406,0.9496812238408877,0.056122448979591844,0.04451510333863273,0.9471119528892638,0.07397959183673475,0.031796502384737635,0.9460027254144902,0.0714285714285714,0.0365659777424483,0.9471119528892638,0.07397959183673475,0.031796502384737635,0.9442466175659453,0.07653061224489799,0.03497615262321141,0.953211690081438,0.03316326530612246,0.060413354531001606
mobile_A,1000,2,PlayDrone,6.907755278982137,0.015428571428571347,0.1816949665952019,-0.1552063226699829,0.05908364706732202,0.13213213213213212,-0.6273948483057524,-0.3213159968479119,-0.9487108451536643,0.8823429982009121,0.14322580645161287,0.09208819714656291,0.8817145726120246,0.1509677419354839,0.08560311284046696,0.8849571147650726,0.1509677419354839,0.079118028534371,0.8888113468055729,0.13677419354838705,0.08560311284046696,0.8830216308941048,0.1548387096774193,0.079118028534371,0.8623630810426341,0.19096774193548383,0.08430609597924776,0.8507468306765407,0.2129032258064516,0.08560311284046696,0.8222392368520146,0.22322580645161294,0.13229571984435795,0.8868892514957534,0.14580645161290318,0.08041504539559019,0.8441780678632693,0.1806451612903226,0.13099870298313876,0.8363156353290657,0.1496774193548387,0.17769130998702987
mobile_A,1000,2,angeeks,6.907755278982137,0.03842857142857137,0.07781832987992476,-0.46348896622657776,0.04327950889210417,0.08708708708708708,-0.8385185454721878,-0.10315236639739955,-0.9416709118695874,0.9032509456871993,0.07908163265306123,0.11441647597254001,0.9043951104469248,0.07908163265306123,0.11212814645308922,0.8981868491103535,0.06632653061224492,0.13729977116704806,0.8970426843506281,0.06632653061224492,0.13958810068649885,0.8981868491103535,0.06632653061224492,0.13729977116704806,0.898093447905478,0.04591836734693877,0.1578947368421053,0.8949791014804092,0.08418367346938771,0.1258581235697941,0.8893896231261383,0.08163265306122447,0.13958810068649885,0.8983181945547097,0.06377551020408168,0.13958810068649885,0.8935722458319713,0.0892857142857143,0.1235697940503433,0.8775159949563349,0.11224489795918369,0.13272311212814647
mobile_A,1000,2,anzhi,6.907755278982137,0.3115714285714286,0.1783515477044466,-0.15451842546463013,0.10109547741974036,0.11711711711711711,-0.6432116947580865,-0.28421425844106263,-0.9274259531991491,0.8569494753351506,0.13319672131147542,0.1529043280182233,0.8466919041039621,0.10245901639344257,0.2041571753986332,0.8533855819858844,0.11270491803278693,0.1805239179954442,0.859281059785653,0.11885245901639341,0.1625854214123007,0.8619580641547481,0.12090163934426235,0.1551822323462415,0.8533365697001382,0.14754098360655743,0.14578587699316625,0.8308492662160648,0.17827868852459017,0.16002277904328022,0.8076594533029613,0.25,0.1346810933940774,0.86594439672878,0.12090163934426235,0.14720956719817768,0.8237938309869675,0.20491803278688525,0.14749430523917995,0.835209025729116,0.19262295081967218,0.13695899772209563
mobile_A,1000,2,appchina,6.907755278982137,0.2725714285714286,0.16641795884187227,-0.4411115050315857,0.08399430954467212,0.11411411411411411,-0.7090814607748271,-0.1966813604271942,-0.9057628212020213,0.8315160521799367,0.21745788667687593,0.1195100089632507,0.83194751442516,0.18223583460949466,0.1538691365401852,0.8346733217697182,0.19142419601837668,0.13922916044218703,0.8229426274174811,0.2588055130168453,0.09530923214819242,0.8298151392460895,0.24655436447166923,0.09381535703615174,0.8238208795698738,0.24808575803981625,0.10427248282043622,0.8203508799221813,0.18989280245022966,0.16940543770540784,0.8159623644131038,0.19448698315467072,0.17358828801912163,0.8315160521799367,0.21745788667687593,0.1195100089632507,0.8126175025427905,0.23583460949464008,0.13893038541977887,0.7929781921686171,0.14395099540581935,0.27009262025694647
mobile_A,1000,2,play,6.907755278982137,0.40542857142857136,0.3224538634297107,-0.012636570259928703,0.03143473973853523,0.08108108108108109,-0.6854613640327926,-0.2426739926739927,-0.9281353567067853,0.8511976646457393,0.09480746791131855,0.2027972027972028,0.8517831351845355,0.09014002333722282,0.20629370629370625,0.8478602785778981,0.07176196032672111,0.2325174825174825,0.8599481032386517,0.07905484247374561,0.20104895104895104,0.8637363220210361,0.0784714119019837,0.19405594405594406,0.8443709149660141,0.05950991831971997,0.2517482517482518,0.8475379637865053,0.1248541423570595,0.1800699300699301,0.8192660606604598,0.1394399066511085,0.22202797202797198,0.8624246232180888,0.07934655775962662,0.19580419580419584,0.8465118603683364,0.1356476079346558,0.17132867132867136,0.8331419164266305,0.0784714119019837,0.2552447552447552
mobile_A,1000,2,slideme,6.907755278982137,0.1984285714285714,0.11857392138651979,-0.4794912040233612,0.05057084284113284,0.0990990990990991,-0.8772805239357555,-0.09901762045844376,-0.9762981443941993,0.9292638489568119,0.04302670623145399,0.0984455958549223,0.9294521916944696,0.0400593471810089,0.10103626943005184,0.9279800433572669,0.03264094955489616,0.1113989637305699,0.9315008994326655,0.028189910979228516,0.10880829015544047,0.9359404068203133,0.029673590504451064,0.0984455958549223,0.9311472763333897,0.013353115727002929,0.12435233160621761,0.9194200581171876,0.07566765578635015,0.08549222797927458,0.8988253563137099,0.12462908011869434,0.07772020725388606,0.9372357436078781,0.029673590504451064,0.09585492227979275,0.9098222659553206,0.053412462908011826,0.12694300518134716,0.9309358712196922,0.0370919881305638,0.10103626943005184
mobile_A,1000,3,1mobile,6.907755278982137,0.06542857142857139,0.08580769974194025,-0.5149181485176086,0.04014188274108405,0.06606606606606606,-0.9288406987160348,-0.06373171095849484,-0.9925724096745296,0.9537240546842132,0.03818615751789978,0.054365733113673764,0.9537240546842132,0.03818615751789978,0.054365733113673764,0.9589514534095065,0.031026252983293534,0.05107084019769359,0.962615940518926,0.02863961813842486,0.04612850082372322,0.963439663747921,0.02863961813842486,0.04448105436573313,0.9574730766357492,0.04057279236276845,0.04448105436573313,0.9559101650198755,0.04534606205250602,0.04283360790774304,0.9574730766357492,0.04057279236276845,0.04448105436573313,0.9554560359843198,0.042959427207637235,0.04612850082372322,0.9543472534040018,0.05011933174224348,0.041186161449752845,0.9548328372645312,0.031026252983293534,0.05930807248764414
mobile_A,1000,3,PlayDrone,6.907755278982137,0.0505714285714286,0.1812423829774905,-0.10272596031427383,0.10815784336252934,0.13813813813813813,-0.5693041323904363,-0.39107976138932987,-0.9603838937797662,0.8918602599446052,0.10783055198973046,0.10844892812105922,0.8965005091080976,0.08215661103979466,0.12484237074401006,0.895824666084983,0.0872913992297818,0.12105926860025218,0.8919622434427039,0.09627727856225932,0.11979823455233296,0.8924794454687761,0.10911424903722722,0.10592686002522067,0.8822212005885904,0.12836970474967913,0.10718789407314,0.8626185153468977,0.13478818998716302,0.13997477931904156,0.8200752087828835,0.24005134788189986,0.11979823455233296,0.8894061808474991,0.1001283697047497,0.12105926860025218,0.8501328213653809,0.12066752246469836,0.17906683480453978,0.8724842046986874,0.08857509627727855,0.16645649432534682
mobile_A,1000,3,angeeks,6.907755278982137,0.0475714285714286,0.07462710277390872,-0.44940587878227234,0.029167346499004484,0.07507507507507508,-0.8344879010920286,-0.12246836965411079,-0.9569562707461394,0.8879595663161327,0.10114942528735638,0.1229314420803782,0.8902584168908454,0.096551724137931,0.1229314420803782,0.8915056656069129,0.10114942528735638,0.11583924349881791,0.8781446156354447,0.07586206896551728,0.1678486997635934,0.8887829135077852,0.07586206896551728,0.14657210401891252,0.894725686801989,0.07816091954022986,0.13238770685579193,0.8959729355180566,0.08275862068965523,0.12529550827423164,0.8797179424472161,0.10344827586206895,0.1371158392434988,0.8938045161816255,0.096551724137931,0.11583924349881791,0.8902258090812749,0.09425287356321843,0.12529550827423164,0.8904540637482676,0.1103448275862069,0.10874704491725773
mobile_A,1000,3,anzhi,6.907755278982137,0.3294285714285714,0.17939852009210755,-0.08651715517044067,0.08365311136012323,0.08108108108108109,-0.7373120645397874,-0.15542720938760524,-0.8927392739273926,0.8168867693812668,0.13218390804597702,0.23404255319148937,0.8238374104111448,0.13984674329501912,0.21247843588269122,0.8383087783307885,0.13793103448275867,0.18545140885566413,0.8532648569332355,0.15517241379310343,0.13829787234042556,0.8593578905391084,0.1800766283524904,0.10120759056929274,0.8577247460226184,0.16666666666666663,0.11788384128809659,0.8246983226807145,0.13409961685823757,0.2165037377803335,0.8214066964984059,0.18582375478927204,0.171362852213916,0.8614641787789257,0.1724137931034483,0.10465784933870037,0.8158231599170704,0.2662835249042146,0.10207015526164465,0.8362074473593182,0.16283524904214564,0.1647498562392179
mobile_A,1000,3,appchina,6.907755278982137,0.2994285714285714,0.18378660709687644,-0.2960233688354492,0.08431979158325835,0.13213213213213212,-0.7401686583608781,-0.17281125519111784,-0.9129799135519959,0.819971593150793,0.17894736842105263,0.18110944527736128,0.8225270823234999,0.17443609022556394,0.18050974512743623,0.8267069472782407,0.18646616541353378,0.16011994002998498,0.8304888908928993,0.16390977443609023,0.17511244377811097,0.8287247353766726,0.24060150375939848,0.10194902548725637,0.8300639154107157,0.1473684210526316,0.19250374812593707,0.8184881243588732,0.16842105263157892,0.1946026986506747,0.8153216624770321,0.18045112781954886,0.18890554722638686,0.8313929501414706,0.16090225563909777,0.17631184407796097,0.8056351523486378,0.14135338345864656,0.24737631184407793,0.8041347747179042,0.2421052631578947,0.14962518740629682
mobile_A,1000,3,play,6.907755278982137,0.4095714285714286,0.31127059514804434,0.003882025368511677,0.038397498994845757,0.07807807807807808,-0.6812358953936014,-0.20692287269348209,-0.8881587680870835,0.8300428088133881,0.05348222156920368,0.2864321608040201,0.8343773426836405,0.053188363208933276,0.2780569514237856,0.83810939308158,0.049074346165148386,0.27470686767169183,0.8458968857412736,0.05024977960622978,0.2579564489112228,0.8523913031707662,0.04731119600352629,0.24790619765494137,0.8527880365683841,0.048192771084337394,0.24623115577889443,0.8590183752536805,0.07258301498677633,0.20938023450586263,0.8563741422363065,0.11137231854246255,0.1758793969849246,0.852905678357504,0.05465765501028508,0.23953098827470687,0.8545514328425358,0.061416397296503056,0.22948073701842542,0.8504814699415384,0.06788128122245074,0.23115577889447236
mobile_A,1000,3,slideme,6.907755278982137,0.1865714285714286,0.12313726676591619,-0.4770331382751465,0.04855492995358311,0.06906906906906907,-0.8862442710268796,-0.09346587390065664,-0.9797101449275363,0.9415487061663973,0.038980509745127456,0.07792207792207795,0.944948305068245,0.026986506746626726,0.08311688311688314,0.9464475554430577,0.02398800599700146,0.08311688311688314,0.9524445569423081,0.01199400299850073,0.08311688311688314,0.9527405128604529,0.026986506746626726,0.06753246753246755,0.9397963355984346,0.05547226386806592,0.06493506493506496,0.9375474600362157,0.05997001499250376,0.06493506493506496,0.9306528553904866,0.06596701649175407,0.07272727272727275,0.9382970852236219,0.058470764617691184,0.06493506493506496,0.9423411670787982,0.06596701649175407,0.04935064935064937,0.9404505539438073,0.0359820089955023,0.08311688311688314
mobile_A,1000,4,1mobile,6.907755278982137,0.07785714285714285,0.08970116972268449,-0.49954652786254883,0.03663846229878241,0.03003003003003003,-0.9497443571517645,-0.04101508916323737,-0.9907594463150019,0.95516824821579,0.027363184079602032,0.06230031948881787,0.9565829001955081,0.03731343283582089,0.04952076677316297,0.9584545324495732,0.02238805970149249,0.060702875399361034,0.9639541907078029,0.027363184079602032,0.04472843450479236,0.9656430308521291,0.02238805970149249,0.04632587859424919,0.9636005277128734,0.02487562189054726,0.04792332268370603,0.9652893678571997,0.01990049751243783,0.04952076677316297,0.9660880899019281,0.01990049751243783,0.04792332268370603,0.9668868119466565,0.01990049751243783,0.04632587859424919,0.9573816222402365,0.03731343283582089,0.04792332268370603,0.9627104096132755,0.02985074626865669,0.04472843450479236
mobile_A,1000,4,PlayDrone,6.907755278982137,0.062142857142857166,0.19102424804288531,-0.09038979560136795,0.055986750771326095,0.13513513513513514,-0.6300303995367689,-0.32871308627678064,-0.9587434858135495,0.8824891132381965,0.11512717536813921,0.11989459815546777,0.8851559068950373,0.11111111111111116,0.11857707509881421,0.8817668566228021,0.12315930388219543,0.11330698287220031,0.8783883888650783,0.13386880856760375,0.10935441370223975,0.877007370721357,0.14190093708165996,0.10408432147562585,0.8698139064823193,0.1352074966532798,0.12516469038208167,0.8440613574191363,0.22623828647925037,0.08563899868247693,0.8440904593340424,0.13922356091030785,0.17259552042160742,0.8817668566228021,0.12315930388219543,0.11330698287220031,0.8523051362234181,0.18340026773761708,0.11198945981554675,0.8710467694228825,0.14591700133868812,0.11198945981554675
mobile_A,1000,4,angeeks,6.907755278982137,0.029142857142857137,0.07473309845080145,-0.4842430651187897,0.04109246988589218,0.0960960960960961,-0.8459001396311812,-0.12266478886802434,-0.9685649284992055,0.8870055036595315,0.13394919168591224,0.09203980099502485,0.8858507692484461,0.1362586605080831,0.09203980099502485,0.8837193937931589,0.1454965357967667,0.08706467661691542,0.8913573012535475,0.11778290993071594,0.09950248756218905,0.8835413004262751,0.14087759815242495,0.09203980099502485,0.8881602380706168,0.13163972286374137,0.09203980099502485,0.8841617547367091,0.12471131639722866,0.10696517412935325,0.8685268806085048,0.1385681293302541,0.12437810945273631,0.8935777233922765,0.11085450346420322,0.10199004975124382,0.8850522215711282,0.14780600461893767,0.08208955223880599,0.879899003826135,0.14318706697459582,0.09701492537313428
mobile_A,1000,4,anzhi,6.907755278982137,0.32485714285714284,0.17033655801277792,-0.18212997913360596,0.07990186159820968,0.10510510510510511,-0.6917662787039949,-0.240051903114187,-0.9318181818181819,0.8302678485068553,0.29205175600739375,0.04741254697889563,0.8331543152183032,0.2828096118299446,0.05088175773344894,0.8470129892337972,0.24584103512014788,0.06013298641225784,0.8499825524135649,0.22920517560073939,0.07082971957213069,0.855667847117461,0.20887245841035118,0.07979184735472677,0.8535383331222522,0.17005545286506474,0.12286788089043077,0.8346329514102085,0.17375231053604434,0.15698178664353857,0.7907713756981039,0.34011090573012936,0.07834634287366293,0.8302678485068553,0.29205175600739375,0.04741254697889563,0.8136196981914896,0.12384473197781887,0.24891587163920204,0.830485342157056,0.20517560073937158,0.13385371494651632
mobile_A,1000,4,appchina,6.907755278982137,0.30785714285714283,0.1953095833692471,-0.38936951756477356,0.09691916154717312,0.13813813813813813,-0.6985736747529199,-0.19003818508535497,-0.8886118598382748,0.8252997241658608,0.18379160636758318,0.16560894530069503,0.8239249269304125,0.19681620839363245,0.1553339377455425,0.829992447034116,0.19102749638205496,0.1489876095497129,0.8215755040740969,0.2547033285094067,0.1021456633423995,0.8116219458486896,0.29667149059334297,0.08008461770927777,0.7921830083196335,0.3675832127351665,0.04805077062556662,0.7964436333133467,0.34153400868306805,0.06557872469023873,0.8052670894053362,0.2894356005788712,0.1000302206104563,0.7921830083196335,0.3675832127351665,0.04805077062556662,0.7963115548132336,0.2807525325615051,0.12662435781202785,0.8152184609006092,0.21997105643994208,0.14959202175883957
mobile_A,1000,4,play,6.907755278982137,0.40314285714285714,0.30883175041000643,-0.00551884388551116,0.03169868383276612,0.08708708708708708,-0.6697207051834818,-0.2388018587716777,-0.9085225639551595,0.8341940491366825,0.1286043829296425,0.20300751879699253,0.8337084059630044,0.14273356401384085,0.18984962406015038,0.8389897754767541,0.1453287197231834,0.17669172932330823,0.8495037333818977,0.11678200692041518,0.1842105263157895,0.8602258240757603,0.08217993079584773,0.19736842105263153,0.8619667681314012,0.0862168396770473,0.18984962406015038,0.8509509066784608,0.11764705882352944,0.18045112781954886,0.8455893193190589,0.10957324106113031,0.1992481203007519,0.8391339507939399,0.14504036908881202,0.17669172932330823,0.8566962388670638,0.091118800461361,0.19548872180451127,0.8305419691096253,0.15282583621683965,0.18609022556390975
mobile_A,1000,4,slideme,6.907755278982137,0.21614285714285714,0.12128040411011332,-0.46534162759780884,0.0686686394582379,0.05405405405405406,-0.9008632299073476,-0.07756275587157935,-0.9784259857789269,0.9464523249185073,0.05044510385756673,0.056650246305418706,0.9489153791056995,0.05044510385756673,0.051724137931034475,0.9469566297817602,0.04451038575667654,0.061576354679802936,0.9516598207890543,0.03264094955489616,0.0640394088669951,0.9509325985587114,0.02670623145400597,0.0714285714285714,0.9514369034219643,0.020771513353115778,0.07635467980295563,0.9460211077165952,0.01928783382789323,0.08866995073891626,0.9410657642776746,0.03412462908011871,0.08374384236453203,0.9474901697095497,0.023738872403560873,0.08128078817733986,0.9329201444212187,0.04302670623145399,0.09113300492610843,0.9306507725365804,0.06973293768545996,0.06896551724137934
mobile_A,5000,0,1mobile,7.779885115070522,0.04130268073987575,0.10644871742230999,-0.37334272265434265,0.03447705125207522,0.057755775577557754,-0.9653544973544973,-0.02380567580567583,-0.9891601731601731,0.9672530987604958,0.009756097560975618,0.05573770491803276,0.9651739304278288,0.0024390243902439046,0.06721311475409841,0.9643542582966813,0.0024390243902439046,0.06885245901639347,0.9726109556177529,0.017073170731707332,0.03770491803278686,0.9717912834866054,0.017073170731707332,0.03934426229508192,0.9742702918832467,0.02195121951219514,0.02950819672131144,0.9717712914834067,0.012195121951219523,0.04426229508196722,0.9619552179128348,0.017073170731707332,0.059016393442622994,0.9656337465013994,0.014634146341463428,0.0540983606557377,0.9672530987604958,0.009756097560975618,0.05573770491803276,0.9673330667732907,0.029268292682926855,0.0360655737704918
mobile_A,5000,0,PlayDrone,8.197263371414335,0.06876505169054276,0.20195882340100313,0.01156048197299242,0.043002676994152035,0.0842754367934224,-0.7008212903735292,-0.2725326034227953,-0.9733538937963245,0.9127561954782819,0.09135802469135801,0.08312958435207829,0.9127561954782819,0.09135802469135801,0.08312958435207829,0.9068067252256331,0.05802469135802468,0.128361858190709,0.9133734794288991,0.09012345679012346,0.08312958435207829,0.9158546892450723,0.08271604938271604,0.08557457212713937,0.9164297141477256,0.09012345679012346,0.07701711491442542,0.9116363307072353,0.07037037037037042,0.10635696821515894,0.8827930212200792,0.09382716049382711,0.14058679706601462,0.9072247879501343,0.09753086419753088,0.08801955990220045,0.9078964049624196,0.08518518518518514,0.09902200488997559,0.9146804914123577,0.07283950617283952,0.097799511002445
mobile_A,5000,0,angeeks,7.554858521040676,0.05231522536949407,0.08497770829714779,-0.35256198048591614,0.03812009636215999,0.07007575757575757,-0.8642742352063365,-0.11014894105492734,-0.9744231762612638,0.9353656424467175,0.07311320754716977,0.056155507559395246,0.9366442194058437,0.06839622641509435,0.05831533477321815,0.9367435510819512,0.06603773584905659,0.06047516198704106,0.9345837238681283,0.06603773584905659,0.06479481641468687,0.9348817188964506,0.05896226415094341,0.07127429805615548,0.9292834875096785,0.06367924528301883,0.0777537796976242,0.9280915073963895,0.09198113207547165,0.05183585313174943,0.9088517258241982,0.08726415094339623,0.09503239740820735,0.9280049105505521,0.06839622641509435,0.0755939524838013,0.9132834467582216,0.05896226415094341,0.1144708423326134,0.90198765230857,0.07075471698113212,0.12526997840172782
mobile_A,5000,0,anzhi,8.517193191416238,0.30762508876663164,0.1658262176917883,-0.172724649310112,0.05142650220721616,0.06533333333333333,-0.721407116739945,-0.2042730201127434,-0.9256801368526884,0.8822709489503981,0.14365671641791045,0.09180138568129326,0.8816935817448555,0.14365671641791045,0.09295612009237875,0.8816935817448555,0.14365671641791045,0.09295612009237875,0.8765339009341284,0.10634328358208955,0.1405889145496536,0.8846472027851504,0.14179104477611937,0.0889145496535797,0.887648219640826,0.10634328358208955,0.11836027713625863,0.8945636999758713,0.12686567164179108,0.08400692840646651,0.8784383509703216,0.16604477611940294,0.07707852193995379,0.8945852435283168,0.13432835820895528,0.0765011547344111,0.8974850056874979,0.11380597014925375,0.09122401847575057,0.8886241425666126,0.11940298507462688,0.10334872979214782
mobile_A,5000,0,appchina,8.517193191416238,0.2704250887666316,0.18224836297269664,-0.45547422766685486,0.029350211013624738,0.07266666666666667,-0.7747757270238774,-0.1663154185977178,-0.9410911456215952,0.8791187861088186,0.11842105263157898,0.12334137515078403,0.8789680020316171,0.11842105263157898,0.12364294330518699,0.8768896507452789,0.13011695906432752,0.11610373944511465,0.8797219224176243,0.11842105263157898,0.1221351025331725,0.8811839107217179,0.11549707602339176,0.1221351025331725,0.8777088227202505,0.1535087719298246,0.09107358262967435,0.8807148047037578,0.14327485380116955,0.09529553679131486,0.8675410379587891,0.13011695906432752,0.13480096501809413,0.8838847974379052,0.1242690058479532,0.10796139927623638,0.8714543697401929,0.16812865497076024,0.08896260554885405,0.8741720102427359,0.14912280701754388,0.10253317249698435
mobile_A,5000,0,play,8.517193191416238,0.4199749112333684,0.31863885264494474,0.012541057541966438,0.038321690481267025,0.06266666666666666,-0.6844600763227695,-0.25854986738023134,-0.9430099437030008,0.8864768545340307,0.055717619603267265,0.17132867132867136,0.8856027286599049,0.055717619603267265,0.17307692307692313,0.8842951097910259,0.049591598599766584,0.18181818181818177,0.8853161132916092,0.04754959159859973,0.18181818181818177,0.8854568710169644,0.056009334889148166,0.17307692307692313,0.8895357851017127,0.05659276546091019,0.16433566433566438,0.8875100978368189,0.03267211201866982,0.1923076923076923,0.8710241042504754,0.07263710618436403,0.1853146853146853,0.8896857226787215,0.049299883313885684,0.17132867132867136,0.8727947956361025,0.03413068844807465,0.22027972027972031,0.8759904039950714,0.05046674445740962,0.1975524475524476
mobile_A,5000,0,slideme,7.899524472032198,0.20013514862209242,0.15255290114507802,-0.3222901523113251,0.04801912568705899,0.04776579352850539,-0.9320363829292401,-0.052886432350718104,-0.9849228152799582,0.9633643480174023,0.01854493580599148,0.05472636815920395,0.9633643480174023,0.01854493580599148,0.05472636815920395,0.9633643480174023,0.01854493580599148,0.05472636815920395,0.9608945287826205,0.008559201141226769,0.06965174129353235,0.9619555574481373,0.011412268188302432,0.06467661691542292,0.9644431196371921,0.011412268188302432,0.05970149253731338,0.9605290239245996,0.014265335235377985,0.06467661691542292,0.9478907175960426,0.02710413694721825,0.07711442786069655,0.9585719760683034,0.015691868758915817,0.06716417910447758,0.9510915465468663,0.025677603423680417,0.07213930348258701,0.9438293553629853,0.012838801711840264,0.09950248756218905
mobile_A,5000,1,1mobile,7.777373602657861,0.036171544472605066,0.1073427750795739,-0.364990770816803,0.03402554017481559,0.048154093097913325,-0.9643272461021621,-0.026046601774485256,-0.9903738478766474,0.9622835497835498,0.03376623376623378,0.04166666666666663,0.9622835497835498,0.03376623376623378,0.04166666666666663,0.9643835331335331,0.03116883116883118,0.04006410256410253,0.96628996003996,0.03376623376623378,0.033653846153846145,0.9696886446886447,0.02857142857142858,0.03205128205128205,0.9730040792540793,0.036363636363636376,0.017628205128205177,0.9712912087912088,0.02857142857142858,0.028846153846153855,0.9591887279387279,0.04155844155844157,0.04006410256410253,0.9717886280386281,0.025974025974025983,0.03044871794871795,0.9728937728937729,0.02857142857142858,0.02564102564102566,0.9621732434232434,0.025974025974025983,0.049679487179487225
mobile_A,5000,1,PlayDrone,8.22040309993373,0.06250507379849013,0.1997135004358902,-0.018444525077939034,0.031987259164951834,0.09158679446219382,-0.6553094431903687,-0.31244614553751304,-0.9677555887278817,0.9079630702855854,0.11633986928104578,0.06773399014778325,0.9086166650568273,0.11503267973856213,0.06773399014778325,0.9028204385202356,0.14509803921568631,0.049261083743842415,0.9022425061978814,0.14379084967320266,0.051724137931034475,0.9028582697446794,0.14379084967320266,0.05049261083743839,0.9174538781029653,0.0862745098039216,0.0788177339901478,0.9160605621558968,0.07058823529411762,0.09729064039408863,0.8865900383141763,0.0888888888888889,0.13793103448275867,0.908740622685856,0.13202614379084965,0.05049261083743839,0.9177460639428185,0.05490196078431375,0.10960591133004927,0.9061809781383818,0.09281045751633987,0.09482758620689657
mobile_A,5000,1,angeeks,7.613324979540639,0.053768745076513746,0.08440106758978716,-0.34423115849494934,0.06596269120897696,0.07735849056603773,-0.8534602659223499,-0.10224386816859155,-0.9557041340909415,0.8913030227092632,0.14404432132963985,0.07334963325183375,0.8937480104843243,0.14404432132963985,0.06845965770171147,0.8949705043718549,0.14404432132963985,0.0660146699266504,0.9244593596976614,0.05817174515235457,0.09290953545232272,0.9296744305752156,0.052631578947368474,0.08801955990220045,0.9232368658101308,0.05817174515235457,0.09535452322738391,0.9120786459779613,0.10249307479224379,0.07334963325183375,0.8984686655514091,0.10526315789473684,0.097799511002445,0.9296744305752156,0.052631578947368474,0.08801955990220045,0.9085737119790855,0.09972299168975074,0.08312958435207829,0.9088141470649987,0.07479224376731297,0.10757946210268954
mobile_A,5000,1,anzhi,8.517193191416238,0.307451008009906,0.16610560202459268,-0.1608540564775467,0.032741016307574075,0.06266666666666666,-0.6890746687474677,-0.25409657718221523,-0.9431712459296829,0.8781830238726791,0.16346153846153844,0.08017241379310347,0.8781830238726791,0.16346153846153844,0.08017241379310347,0.879288240495137,0.16153846153846152,0.0798850574712644,0.8751215738284703,0.18653846153846154,0.06321839080459768,0.8750994694960212,0.19807692307692304,0.051724137931034475,0.8754862953138816,0.19615384615384612,0.05287356321839076,0.8860853227232537,0.08846153846153848,0.13936781609195403,0.8713638373121132,0.07307692307692304,0.18419540229885056,0.8754862953138816,0.19615384615384612,0.05287356321839076,0.8879641909814324,0.13269230769230766,0.0913793103448276,0.8730990274093722,0.11730769230769234,0.1364942528735632
mobile_A,5000,1,appchina,8.517193191416238,0.27365100800990594,0.18432313106702336,-0.46477821469306946,0.027791814129626845,0.056,-0.7614539785503172,-0.16958783969876723,-0.9310418182490844,0.8752353616532721,0.10923076923076924,0.14029850746268657,0.8752353616532721,0.10923076923076924,0.14029850746268657,0.8770723306544201,0.10615384615384615,0.13970149253731345,0.87646383467279,0.11692307692307691,0.13014925373134323,0.8772330654420206,0.11538461538461542,0.13014925373134323,0.884247990815155,0.07538461538461538,0.15611940298507465,0.8865442020665901,0.10153846153846158,0.12537313432835817,0.8796440872560276,0.0938461538461538,0.1468656716417911,0.8818140068886338,0.11846153846153851,0.11791044776119408,0.8825947187141217,0.12615384615384617,0.10865671641791042,0.8518140068886337,0.21846153846153848,0.07791044776119405
mobile_A,5000,1,play,8.517193191416238,0.42194899199009406,0.32215573309083223,0.009232581593096256,0.012112016089926306,0.04066666666666666,-0.6721842495192645,-0.2811356759161553,-0.9533199254354198,0.8947998911111009,0.0562846310877807,0.15411558669001746,0.8943624457917658,0.05715952172645089,0.15411558669001746,0.8948006572149876,0.05803441236512108,0.15236427320490364,0.899316328891463,0.03849518810148733,0.16287215411558664,0.8985864872553511,0.038203557888597306,0.16462346760070057,0.900921061166245,0.03703703703703709,0.16112084063047283,0.9064735267694575,0.05220180810731989,0.13485113835376528,0.9072026023016826,0.05074365704286965,0.13485113835376528,0.9063231150396918,0.04199475065616798,0.14535901926444839,0.9026662458202649,0.023038786818314394,0.17162872154115583,0.8964030911781095,0.0513269174686497,0.15586690017513138
mobile_A,5000,1,slideme,7.906915488678587,0.19916047947168458,0.1488119976109653,-0.31124359369277954,0.03573714373571529,0.03787878787878788,-0.9378934951129086,-0.05658577687900235,-0.994479271991911,0.9441437586495353,0.04125177809388336,0.07046070460704612,0.9441437586495353,0.04125177809388336,0.07046070460704612,0.9434325210961925,0.042674253200568946,0.07046070460704612,0.9434325210961925,0.042674253200568946,0.07046070460704612,0.9469212473063564,0.038406827880512084,0.0677506775067751,0.9496987359631776,0.03556187766714081,0.06504065040650409,0.9544750141669269,0.03413940256045522,0.05691056910569103,0.9449224577594282,0.0369843527738265,0.07317073170731703,0.9538312381701342,0.03271692745376953,0.05962059620596205,0.9518999101797561,0.028449502133712667,0.0677506775067751,0.9271048969380163,0.045519203413940224,0.10027100271002709
mobile_A,5000,2,1mobile,7.78155595923534,0.04331333991310282,0.10611212692365157,-0.37122365832328796,0.02979519683385101,0.04159733777038269,-0.9702514713750668,-0.014574256668959618,-0.9848257280440265,0.965486194477791,0.010204081632653073,0.05882352941176472,0.9658005093929464,0.012755102040816313,0.055643879173290944,0.9665954219525648,0.012755102040816313,0.05405405405405406,0.9629169235261672,0.028061224489795866,0.04610492845786962,0.9622700431523961,0.0357142857142857,0.03974562798092207,0.9645249991888647,0.015306122448979553,0.055643879173290944,0.9660783232211804,0.04081632653061229,0.027027027027026973,0.954468949742059,0.04336734693877553,0.04769475357710651,0.9686293436293436,0.0357142857142857,0.027027027027026973,0.9735833522598228,0.017857142857142905,0.03497615262321141,0.9594047078290776,0.03826530612244894,0.042925278219395846
mobile_A,5000,2,PlayDrone,8.234564993267135,0.05134595117565355,0.1987862578758519,-0.019540725275874138,0.05208582068177376,0.09378407851690294,-0.6998635080812136,-0.27302843236562635,-0.9728919404468399,0.9055319861093678,0.08258064516129038,0.10635538261997401,0.9048834776787582,0.08258064516129038,0.1076523994811932,0.9081561440943893,0.09419354838709681,0.08949416342412453,0.913334170118405,0.0903225806451613,0.08300907911802857,0.911331743441697,0.06838709677419352,0.1089494163424124,0.9171649721768964,0.06709677419354843,0.09857328145265887,0.9210861470231371,0.07870967741935486,0.079118028534371,0.8940496213547551,0.15612903225806452,0.055771725032425445,0.9191406217313083,0.07870967741935486,0.08300907911802857,0.9210961884439981,0.08258064516129038,0.07522697795071331,0.9081862683569726,0.10580645161290325,0.0778210116731517
mobile_A,5000,2,angeeks,7.590852123688581,0.06142351106748778,0.08442058989102685,-0.350615918636322,0.05832732967736864,0.10465116279069768,-0.8611455811138015,-0.0969203995157385,-0.95806598062954,0.9145612478400971,0.08163265306122447,0.08924485125858128,0.9145612478400971,0.08163265306122447,0.08924485125858128,0.9164555410264792,0.0892857142857143,0.0778032036613272,0.9188752159902862,0.08673469387755106,0.07551487414187641,0.9188752159902862,0.08673469387755106,0.07551487414187641,0.9172056694531359,0.09693877551020413,0.06864988558352403,0.9116541353383458,0.0714285714285714,0.10526315789473684,0.8971740297949844,0.06377551020408168,0.14187643020594964,0.9188752159902862,0.08673469387755106,0.07551487414187641,0.9116161910988652,0.09438775510204078,0.08237986270022879,0.8960473777611732,0.13010204081632648,0.0778032036613272
mobile_A,5000,2,anzhi,8.517193191416238,0.3054512364072597,0.16385205160151406,-0.19195549190044403,0.04226906499510119,0.06066666666666667,-0.6966075558982266,-0.23686529353453045,-0.9334728494327571,0.8705717901757772,0.17813765182186236,0.08071876782658305,0.8711422408317956,0.17813765182186236,0.07957786651454646,0.8761256007630644,0.13765182186234814,0.11009697661152307,0.8761256007630644,0.13765182186234814,0.11009697661152307,0.8771377465120522,0.13562753036437247,0.11009697661152307,0.8777953814282514,0.14372469635627527,0.10068454078722189,0.874731229979376,0.15384615384615385,0.0966913861950941,0.84466189828426,0.1923076923076923,0.11836851112378777,0.8705717901757772,0.17813765182186236,0.08071876782658305,0.8641542202955719,0.17813765182186236,0.09355390758699378,0.8512913663332493,0.18218623481781382,0.11523103251568745
mobile_A,5000,2,appchina,8.517193191416238,0.26745123640725976,0.18252852458052005,-0.4602561593055725,0.03471946077000579,0.072,-0.7419707564116794,-0.1851324881714329,-0.9271032445831123,0.86790804912886,0.1418338108882522,0.12235009085402782,0.8673431401304064,0.1432664756446992,0.1220472440944882,0.8707968080472197,0.14756446991404015,0.11084191399152032,0.8725323195632064,0.14469914040114618,0.11023622047244097,0.8729458051818902,0.1432664756446992,0.11084191399152032,0.8753681453803286,0.10601719197707737,0.14324651726226534,0.879491720742313,0.12320916905444124,0.11780738946093272,0.8695737063063282,0.1418338108882522,0.11901877649909143,0.8763465399974661,0.1031518624641834,0.1441550575408843,0.8749780891671106,0.11891117478510027,0.13113264688067838,0.8724095321234504,0.1031518624641834,0.1520290732889158
mobile_A,5000,2,play,8.517193191416238,0.4191487635927402,0.3119234166101289,0.0025413709226995707,0.00838432319550776,0.038,-0.7227030741446376,-0.22954932225926805,-0.9522523964039057,0.8801704094631856,0.10609151850772369,0.13356766256590513,0.8810491440853296,0.10609151850772369,0.13181019332161692,0.8816364184917933,0.10667443893908479,0.1300527240773286,0.890349747136493,0.07694549693966779,0.1423550087873462,0.8909326675678542,0.07577965607694548,0.1423550087873462,0.887165454639519,0.09210142815505684,0.13356766256590513,0.8996938899386806,0.06528708831244534,0.13532513181019334,0.8949782787865626,0.053628679685223,0.156414762741652,0.8889185699087048,0.09035266686097343,0.13181019332161692,0.9050641340532588,0.04575925386184787,0.1441124780316344,0.887757083021085,0.09443310988050135,0.1300527240773286
mobile_A,5000,2,slideme,7.899524472032198,0.2067529178954109,0.14916138665279277,-0.332455039024353,0.03310875800150666,0.05202312138728324,-0.9342247360482655,-0.051318250377073826,-0.9855429864253393,0.9548054304208116,0.03857566765578635,0.051813471502590636,0.9548054304208116,0.03857566765578635,0.051813471502590636,0.9577843206592764,0.022255192878338326,0.06217616580310881,0.9583378176842299,0.023738872403560873,0.059585492227979264,0.9613051767346751,0.017804154302670572,0.059585492227979264,0.9577958518472963,0.011869436201780381,0.07253886010362698,0.9587145031595455,0.017804154302670572,0.06476683937823835,0.933161390507526,0.03264094955489616,0.10103626943005184,0.9638958503098046,0.017804154302670572,0.05440414507772018,0.9618702049476484,0.008902077151335286,0.06735751295336789,0.9357405328946358,0.04302670623145399,0.08549222797927458
mobile_A,5000,3,1mobile,7.795646536334594,0.05389908084930717,0.10591813129268313,-0.38082355260849,0.02897037891181682,0.04092526690391459,-0.9696250376008685,-0.024803494592014252,-0.9944285321928827,0.9680969437705685,0.03579952267303099,0.028006589785831926,0.9619082069570208,0.011933174224343701,0.06425041186161451,0.9697443902285586,0.03579952267303099,0.02471169686985175,0.9606303546924702,0.009546539379474916,0.06919275123558488,0.9725851541089832,0.03341288782816232,0.021416803953871466,0.9713918366865488,0.03579952267303099,0.021416803953871466,0.9685510728061242,0.03818615751789978,0.02471169686985175,0.9526998069460118,0.05011933174224348,0.04448105436573313,0.9697443902285586,0.03579952267303099,0.02471169686985175,0.9698289250706751,0.04057279236276845,0.01976935749588138,0.9543157985790283,0.0715990453460621,0.01976935749588138
mobile_A,5000,3,PlayDrone,8.208764045819667,0.06379952951953949,0.2003954177164491,-0.010348073206841946,0.0255121033374467,0.08713272543059777,-0.688633812457221,-0.28904380561259413,-0.9776776180698151,0.9134791427558531,0.0872913992297818,0.08575031525851196,0.9147401768037724,0.0872913992297818,0.08322824716267341,0.9153706938277321,0.0872913992297818,0.08196721311475408,0.9159445533527479,0.09370988446726569,0.07440100882723832,0.919289773968955,0.07188703465982027,0.08953341740226983,0.9199089594931258,0.07317073170731703,0.08701134930643128,0.918353306450699,0.1065468549422336,0.05674653215636827,0.8826404660807742,0.08087291399229779,0.15384615384615385,0.9134791427558531,0.0872913992297818,0.08575031525851196,0.9217098585666947,0.08344030808729141,0.073139974779319,0.8941144190097241,0.06675224646983313,0.14501891551071877
mobile_A,5000,3,angeeks,7.582738488914411,0.040786326440761855,0.08287844832024338,-0.3620774447917938,0.07268237721644319,0.08151093439363817,-0.8707028487592751,-0.09757712970879118,-0.9682799784680662,0.9070025271052418,0.1103448275862069,0.07565011820330969,0.9058531018178854,0.11264367816091958,0.07565011820330969,0.9082171680117388,0.11264367816091958,0.07092198581560283,0.9119589141599413,0.12643678160919536,0.049645390070921946,0.9142577647346539,0.1218390804597701,0.049645390070921946,0.9183337409309529,0.07586206896551728,0.08747044917257685,0.9094318089182359,0.11494252873563215,0.06619385342789597,0.8824406945463439,0.12873563218390804,0.1063829787234043,0.9107116654438738,0.1218390804597701,0.05673758865248224,0.8966250917094645,0.12873563218390804,0.07801418439716312,0.8971875764245537,0.0850574712643678,0.12056737588652477
mobile_A,5000,3,anzhi,8.517193191416238,0.29699208496453344,0.16829004906164047,-0.19147494435310364,0.04993363865867863,0.066,-0.6894272266645444,-0.2297858051400623,-0.9192130318046067,0.8779578585180303,0.13752455795677798,0.10655972500716127,0.8776714076443553,0.13752455795677798,0.10713262675451163,0.876832314810073,0.13948919449901764,0.10684617588083645,0.8755635456652779,0.14145383104125742,0.10741907762818681,0.8779173389445438,0.13359528487229866,0.11057003723861358,0.8769119470274109,0.16110019646365425,0.08507590948152388,0.876090300120602,0.19253438113948917,0.05528501861930679,0.867418548622644,0.15717092337917482,0.10799197937553706,0.8764808637872632,0.174852652259332,0.0721856201661415,0.8820478029668206,0.1591355599214146,0.07676883414494418,0.879656303973338,0.13555992141453832,0.10512747063878547
mobile_A,5000,3,appchina,8.517193191416238,0.27459208496453347,0.17343375619550283,-0.4775141477584839,0.0478148725879442,0.06933333333333333,-0.7466713388313236,-0.18185837398423965,-0.9285297128155633,0.8742686432406487,0.10534124629080122,0.14612146722790142,0.8754320335598851,0.09940652818991103,0.1497294046903187,0.8773145132942325,0.1112759643916914,0.13409500901984361,0.8777164361000729,0.10385756676557867,0.14070956103427545,0.8801935474661466,0.09198813056379818,0.14762477450390865,0.8815072685129838,0.08605341246290799,0.15093205051112446,0.877670489319827,0.0741839762611276,0.1704750450992183,0.8500653960969325,0.10534124629080122,0.1945279615153337,0.8786411708131777,0.08456973293768544,0.15814792543595912,0.8673012377973381,0.12017804154302669,0.14521948286229702,0.8650462768833274,0.12017804154302669,0.1497294046903187
mobile_A,5000,3,play,8.517193191416238,0.4224079150354665,0.31873251913614364,0.011237857863307,0.011408949768044841,0.04133333333333333,-0.7046790125171921,-0.23530514997013086,-0.939984162487323,0.8914790767872652,0.08289550496205489,0.13414634146341464,0.8914790767872652,0.08289550496205489,0.13414634146341464,0.8914790767872652,0.08289550496205489,0.13414634146341464,0.894981703757493,0.07589025102159952,0.13414634146341464,0.895127646547919,0.07559836544074727,0.13414634146341464,0.8952735893383452,0.07530647985989491,0.13414634146341464,0.8917933368725732,0.12930531231757147,0.08710801393728218,0.8926100062852017,0.0945709281961471,0.12020905923344949,0.9076238072863592,0.07151196730881493,0.11324041811846686,0.9078429757277308,0.043199065966141315,0.14111498257839716,0.8913016062860153,0.039696438995913574,0.17770034843205573
mobile_A,5000,3,slideme,7.912789220690681,0.2058623806284387,0.1544799816208482,-0.3267730474472046,0.03684734757654379,0.05572289156626506,-0.9282629899651177,-0.056818595116467474,-0.9850815850815852,0.9647247804669095,0.04197901049475261,0.02857142857142858,0.9639751552795031,0.04347826086956519,0.02857142857142858,0.9639751552795031,0.04347826086956519,0.02857142857142858,0.9761697073541151,0.016491754122938573,0.03116883116883118,0.9767187834654101,0.01799100449775115,0.02857142857142858,0.9802663603263304,0.013493253373313308,0.025974025974025983,0.9674701610233845,0.04947526236881561,0.01558441558441559,0.9554858934169279,0.03448275862068961,0.054545454545454564,0.9676707100994957,0.046476761619190454,0.018181818181818188,0.9783660117992952,0.022488755622188883,0.020779220779220786,0.961778850834323,0.03748125937031488,0.038961038961038974
mobile_A,5000,4,1mobile,7.766840537085513,0.04582542785447208,0.1056581915967546,-0.37026548385620117,0.03249313532342997,0.04133545310015898,-0.9724177035419803,-0.01919367488394752,-0.9916113784259278,0.9604056395339595,0.02487562189054726,0.054313099041533586,0.9588081954445027,0.02487562189054726,0.057507987220447254,0.958180344284965,0.03731343283582089,0.04632587859424919,0.9610215694689492,0.03482587064676612,0.04313099041533541,0.9655516347972597,0.027363184079602032,0.04153354632587858,0.9716791442150271,0.01990049751243783,0.036741214057507965,0.9729229253095545,0.01741293532338306,0.036741214057507965,0.9676855339913849,0.01990049751243783,0.04472843450479236,0.9716791442150271,0.01990049751243783,0.036741214057507965,0.9674232670513249,0.01243781094527363,0.05271565495207664,0.960679827698568,0.00995024875621886,0.06869009584664532
mobile_A,5000,4,PlayDrone,8.23403420769204,0.06082996365207621,0.20045465803606943,-0.012013084255158901,0.04841129780453644,0.09593326381647549,-0.6868732686478412,-0.28822571755935544,-0.9750989862071966,0.9170727706610368,0.07362784471218209,0.09222661396574439,0.9184008762322016,0.07228915662650603,0.09090909090909094,0.9184008762322016,0.07228915662650603,0.09090909090909094,0.9217475964463916,0.06559571619812588,0.09090909090909094,0.9210888349180648,0.06559571619812588,0.09222661396574439,0.9174246392685366,0.1124497991967871,0.05270092226613965,0.9174563868120704,0.10843373493975905,0.0566534914361001,0.8935399040165934,0.13386880856760375,0.07905138339920947,0.9174669693265817,0.107095046854083,0.05797101449275366,0.9168717028853226,0.09906291834002678,0.06719367588932801,0.894272743146499,0.12449799196787148,0.08695652173913049
mobile_A,5000,4,angeeks,7.590852123688581,0.03392955526772834,0.08523779841781609,-0.3557645082473755,0.05806880926811217,0.10784313725490197,-0.8661832174802072,-0.10467882225407554,-0.9708620397342828,0.9111687520825433,0.11547344110854507,0.062189054726368154,0.9111687520825433,0.11547344110854507,0.062189054726368154,0.9112577987659853,0.11778290993071594,0.05970149253731338,0.9189847529098158,0.09237875288683606,0.06965174129353235,0.9177409718152885,0.09237875288683606,0.07213930348258701,0.9152534096262337,0.09237875288683606,0.07711442786069655,0.9004199556490067,0.12702078521939952,0.07213930348258701,0.8811427849206623,0.14318706697459582,0.09452736318407962,0.9156095963600014,0.10161662817551964,0.06716417910447758,0.8986418944538279,0.11316397228637409,0.08955223880597019,0.8521796330127653,0.13394919168591224,0.1616915422885572
mobile_A,5000,4,anzhi,8.517193191416238,0.3013027679645949,0.1643441978453356,-0.18402916193008423,0.03371503424583079,0.064,-0.7300094035410588,-0.22402019541607643,-0.9540295989571352,0.8766584589297471,0.16535433070866146,0.08132875143184426,0.8759425368220725,0.16535433070866146,0.08276059564719362,0.8756561679790026,0.16535433070866146,0.08333333333333337,0.8682489108964473,0.20078740157480313,0.0627147766323024,0.8713617627693446,0.18110236220472442,0.07617411225658643,0.8682308719142067,0.19881889763779526,0.06471935853379152,0.8656715913088184,0.20078740157480313,0.06786941580756012,0.8523035780321274,0.22637795275590555,0.06901489117983961,0.8734723236914973,0.16141732283464572,0.09163802978235969,0.8757610195632762,0.12992125984251968,0.11855670103092786,0.8574390507887546,0.2086614173228346,0.07646048109965631
mobile_A,5000,4,appchina,8.517193191416238,0.26010276796459486,0.1872765575250871,-0.46658337116241455,0.032271724066179806,0.082,-0.7147398976395998,-0.2029715071423115,-0.9177114047819113,0.8807518125610034,0.1047040971168437,0.13379227776114933,0.8809014683526826,0.1047040971168437,0.13349296617779105,0.8793108929886149,0.11836115326251895,0.12301706076025143,0.8818098494857882,0.10318664643399089,0.13319365459443278,0.8807518125610034,0.1047040971168437,0.13379227776114933,0.8793145265131472,0.07435508345978759,0.16701586351391795,0.8760325454792368,0.07283763277693478,0.17509727626459148,0.8687897956097032,0.10318664643399089,0.1592337623466028,0.8775186570129976,0.07435508345978759,0.17060760251421725,0.8848063717486201,0.12443095599393017,0.10595630050882965,0.8596814579880538,0.16540212443095603,0.11523495959293628
mobile_A,5000,4,play,8.517193191416238,0.4140972320354051,0.31387868017693155,-0.006093005184084177,0.010978360855005418,0.035333333333333335,-0.7349609718188111,-0.22613349182819809,-0.9610944636470092,0.884324298007522,0.05449189985272462,0.1768595041322314,0.8847661242225441,0.053608247422680444,0.1768595041322314,0.8785549970179773,0.04123711340206182,0.2016528925619835,0.884856193478499,0.055081001472754076,0.17520661157024797,0.881091542010005,0.03946980854197346,0.19834710743801653,0.8827444345719885,0.03946980854197346,0.19504132231404958,0.8852724594992636,0.02945508100147276,0.19999999999999996,0.8833907423410703,0.036524300441826196,0.1966942148760331,0.8859187672683455,0.026509572901325495,0.2016528925619835,0.8944789980403851,0.05567010309278353,0.15537190082644625,0.887015421317202,0.030927835051546393,0.19504132231404958
mobile_A,5000,4,slideme,7.8826922062890254,0.20686848816516745,0.15198477149557377,-0.31649887561798096,0.03931109357416828,0.04881450488145049,-0.9387559064029652,-0.053120844297314895,-0.9918767507002801,0.9659338410489542,0.03857566765578635,0.029556650246305383,0.9651920012863429,0.0400593471810089,0.029556650246305383,0.9651920012863429,0.0400593471810089,0.029556650246305383,0.9656816886173276,0.041543026706231445,0.027093596059113323,0.9689158176316675,0.02522255192878342,0.036945812807881784,0.9689158176316675,0.02522255192878342,0.036945812807881784,0.9676842905380714,0.02522255192878342,0.039408866995073843,0.9570902340266916,0.02670623145400597,0.059113300492610876,0.9676842905380714,0.02522255192878342,0.039408866995073843,0.9657255412141321,0.01928783382789323,0.049261083743842415,0.9580842262209294,0.022255192878338326,0.061576354679802936
mobile_B,100,0,1mobile,4.605170185988092,0.21000000000000002,0.13106922589446302,-0.5121934413909912,0.11690285291212299,0.16666666666666666,-0.69165687426557,-0.3036427732079906,-0.9952996474735606,0.9309676129548181,0.056097560975609806,0.08196721311475408,0.9335665733706517,0.09024390243902436,0.042622950819672156,0.9282886845261895,0.10243902439024388,0.040983606557377095,0.9234106357457017,0.1121951219512195,0.040983606557377095,0.9355857656937225,0.08292682926829265,0.04590163934426228,0.9372051179528189,0.07804878048780484,0.04754098360655734,0.9335065973610557,0.07560975609756093,0.05737704918032782,0.9322670931627349,0.07317073170731703,0.06229508196721312,0.9322670931627349,0.07317073170731703,0.06229508196721312,0.9355257896841264,0.06829268292682922,0.060655737704918056,0.9521591363454618,0.02682926829268295,0.06885245901639347
mobile_B,100,0,PlayDrone,4.605170185988092,0.04999999999999999,0.12251098922419057,-0.23853488266468048,0.2112932996979604,0.26666666666666666,-0.5666289592760181,-0.33608597285067865,-0.9027149321266967,0.7693938845120589,0.28395061728395066,0.1772616136919315,0.7951809592803888,0.26049382716049385,0.14914425427872857,0.7461498988801352,0.41234567901234565,0.09535452322738391,0.6490944489721996,0.3851851851851852,0.31662591687041564,0.6467400162999185,0.3666666666666667,0.3398533007334963,0.6579658305412177,0.32098765432098764,0.36308068459657705,0.6530456699568354,0.3271604938271605,0.36674816625916873,0.6505765341543662,0.3320987654320988,0.36674816625916873,0.741253886323161,0.4135802469135802,0.10391198044009775,0.6591339913670802,0.3320987654320988,0.34963325183374083,0.7775272419934196,0.24567901234567902,0.19926650366748166
mobile_B,100,0,angeeks,4.605170185988092,0.020000000000000018,0.11699254216838106,-0.47668471932411194,0.09854918185931939,0.1,-0.6437152391546161,-0.2806451612903227,-0.9243604004449388,0.8270253474061697,0.1839622641509434,0.16198704103671702,0.8380358816577693,0.15330188679245282,0.17062634989200864,0.8388305350666286,0.13443396226415094,0.1879049676025918,0.8283166591955662,0.15330188679245282,0.1900647948164147,0.8246057296548353,0.1132075471698113,0.2375809935205183,0.8214398508496679,0.16273584905660377,0.1943844492440605,0.8204592689188639,0.160377358490566,0.1987041036717062,0.8229170911610091,0.15330188679245282,0.20086393088552912,0.8261695668120135,0.12735849056603776,0.22030237580993517,0.8247789233465097,0.160377358490566,0.1900647948164147,0.8147005786706876,0.09198113207547165,0.2786177105831533
mobile_B,100,0,anzhi,4.605170185988092,0.43,0.2278104994119735,-0.020764023065567017,0.11247905418276785,0.08333333333333333,-0.5450617283950617,-0.29753086419753083,-0.8425925925925926,0.7294885629246659,0.37869822485207105,0.16232464929859725,0.7179532352956124,0.13609467455621305,0.4279988548525623,0.7252049887320429,0.4871794871794872,0.062410535356427155,0.7354655775343304,0.44575936883629186,0.08330947609504724,0.7300103164909701,0.44378698224852076,0.09619238476953906,0.7271316371825081,0.44181459566074954,0.10392212997423422,0.7214058999938451,0.44181459566074954,0.1153736043515603,0.7223604718594698,0.4358974358974359,0.11938162038362443,0.7226445000454558,0.14990138067061143,0.4048096192384769,0.7317130739359814,0.4240631163708086,0.1125107357572287,0.7333500475168426,0.4497041420118343,0.08359576295448035
mobile_B,100,0,appchina,4.605170185988092,0.42,0.28094458900745967,-0.17153534293174744,0.1392712069054445,0.2,-0.6520186335403727,-0.03742236024844714,-0.6894409937888198,0.6558702632185653,0.23817034700315454,0.4500891265597148,0.726195898491315,0.35331230283911674,0.19429590017825316,0.7542656102685793,0.30757097791798105,0.18389780154486035,0.7726448002009331,0.26813880126182965,0.1865715983363042,0.7753645191945433,0.2665615141955836,0.1827094474153298,0.7754671412585683,0.26813880126182965,0.18092691622103385,0.7781868602521784,0.2665615141955836,0.17706476530005943,0.7801638579148321,0.26498422712933756,0.1746880570409982,0.7542656102685793,0.30757097791798105,0.18389780154486035,0.7721640228598848,0.27444794952681384,0.1812240047534165,0.7781840486887805,0.2870662460567823,0.15656565656565657
mobile_B,100,0,play2013-2014,4.605170185988092,0.14,0.06484689541777477,-0.568634033203125,0.08481125740800052,0.06666666666666667,-0.6707250341997264,-0.23351573187414498,-0.9042407660738714,0.7529904027629923,0.3096731594585672,0.184346035015448,0.7987713347017281,0.177946517002311,0.22451081359423275,0.8328862873445468,0.05513370749422253,0.2790937178166838,0.834970839726788,0.07362165731264447,0.25643666323377956,0.8346136676051856,0.08154506437768239,0.24922760041194647,0.8365083288594735,0.08187520633872569,0.2451081359423275,0.8351483207810254,0.0825354902608122,0.24716786817713698,0.8344683167418014,0.08286563222185539,0.24819773429454173,0.8344683167418014,0.08286563222185539,0.24819773429454173,0.8298660494043335,0.09310003301419612,0.24716786817713698,0.8035891633196302,0.040607461208319595,0.3522142121524202
mobile_B,100,0,play2016-2016,4.605170185988092,0.36,0.09935125897130914,-0.40570199489593506,0.10053937225602566,0.1,-0.6254464285714285,0.38883928571428567,-0.23660714285714285,0.45010759948748247,0.8740511667135227,0.2257336343115124,0.5754357763377589,0.7452909755411864,0.10383747178329572,0.6735251952878342,0.07281416924374473,0.5801354401805869,0.6950155830457985,0.020804048355355653,0.5891647855530474,0.7002372202207074,0.021647455721113262,0.5778781038374718,0.7063105147958021,0.025302220972729828,0.562076749435666,0.7095600764333959,0.027832443070002766,0.5530474040632054,0.7089936798390101,0.02670789991565925,0.5553047404063205,0.7089936798390101,0.02670789991565925,0.5553047404063205,0.701510581303772,0.0236154062412145,0.5733634311512416,0.5613904100330572,0.010402024177677771,0.8668171557562077
mobile_B,100,0,play2017-2017,4.605170185988092,0.15000000000000002,0.11196194431650963,-0.12656325101852417,0.07195729112815266,0.08333333333333333,-0.5394435351882161,-0.3247135842880524,-0.8641571194762685,0.7787380824924536,0.32411820781696854,0.11840562719812431,0.808388755587394,0.26247219574197644,0.1207502930832356,0.8108984495924774,0.2469018112488084,0.13130128956623677,0.8205779262409985,0.25802351445821414,0.10082063305978894,0.7719309519365845,0.39752144899904673,0.05861664712778425,0.8273388638242343,0.23863997457896413,0.10668229777256744,0.8263362155513112,0.24181760406736574,0.10550996483001174,0.8270812634970092,0.24149984111852563,0.10433763188745604,0.8270812634970092,0.24149984111852563,0.10433763188745604,0.8260076494072585,0.23895773752780425,0.10902696365767883,0.8742766981412171,0.09787098824277085,0.1535756154747948
mobile_B,100,0,play2018-2018,4.605170185988092,0.08000000000000002,0.15243308733275085,-0.258466511964798,0.13013210056815297,0.15,-0.50625,-0.4081018518518519,-0.9143518518518519,0.8562135596922664,0.11018628616726123,0.17738659444820581,0.8459466073934293,0.20451843043995244,0.10358835477318895,0.8511069856708935,0.20570749108204522,0.09207853757616791,0.8571101183935149,0.19302417756638923,0.09275558564658093,0.8484065755509703,0.21720174395560843,0.08598510494245093,0.8415282179842537,0.23028141101862865,0.08666215301286395,0.7880607416507468,0.3622671422909235,0.06161137440758291,0.7877222176155403,0.3622671422909235,0.06228842247799593,0.8502895903389561,0.2053111375346809,0.09410968178740686,0.8173824511179613,0.3083630598493856,0.056872037914691975,0.878920029164322,0.09591755846214822,0.1462423832092079
mobile_B,100,0,play2019-2021,4.605170185988092,0.33,0.27921423726605676,-0.32219088077545166,0.02786263488028455,0.03333333333333333,-0.7206896551724137,-0.2534482758620691,-0.9741379310344828,0.6772848795395374,0.030654515327257714,0.6147757255936676,0.7293966083218749,0.018779342723004744,0.5224274406332454,0.7386780718456323,0.010770505385252704,0.5118733509234829,0.7765373346187113,0.016846175089754167,0.4300791556728232,0.7814766398588124,0.020160176746755076,0.41688654353562005,0.7786384612189667,0.023198011599005808,0.4195250659630607,0.7809392440316273,0.026512013256006606,0.4116094986807388,0.7796964934102519,0.028997514498757204,0.4116094986807388,0.7796964934102519,0.028997514498757204,0.4116094986807388,0.779528534443247,0.018779342723004744,0.4221635883905013,0.7236288026675236,0.017122341894504234,0.5356200527704486
mobile_B,100,0,slideme,4.605170185988092,0.07,0.15865755996706332,-0.4510042369365692,0.1009298658929765,0.1,-0.6905185185185185,-0.24577777777777776,-0.9362962962962963,0.8504623813883507,0.15977175463623394,0.1393034825870647,0.8789930518591067,0.10271041369472178,0.1393034825870647,0.9037746360920078,0.05563480741797433,0.13681592039800994,0.921187571415391,0.05563480741797433,0.10199004975124382,0.9197610378918532,0.05848787446504988,0.10199004975124382,0.9152986848922293,0.06990014265335232,0.09950248756218905,0.9158291992249878,0.07132667617689015,0.09701492537313428,0.9144026657014499,0.07417974322396581,0.09701492537313428,0.9144026657014499,0.07417974322396581,0.09701492537313428,0.9121155988956785,0.061340941512125546,0.11442786069651745,0.9119860753294866,0.0342368045649073,0.14179104477611937
mobile_B,100,1,1mobile,4.605170185988092,0.23363636363636364,0.11888858599768093,-0.4340313971042633,0.1269416188200315,0.13333333333333333,-0.5984595635430038,-0.3283697047496792,-0.926829268292683,0.8398455710955711,0.3090909090909091,0.011217948717948678,0.9479437229437229,0.020779220779220786,0.08333333333333337,0.9500978188478189,0.05974025974025976,0.04006410256410253,0.9386301198801199,0.09870129870129873,0.024038461538461564,0.9329378954378954,0.11168831168831173,0.022435897435897467,0.9272456709956709,0.12467532467532472,0.02083333333333337,0.9207521645021645,0.1376623376623377,0.02083333333333337,0.9181547619047619,0.1428571428571429,0.02083333333333337,0.9181547619047619,0.1428571428571429,0.02083333333333337,0.9324404761904761,0.11428571428571432,0.02083333333333337,0.965488677988678,0.03376623376623378,0.03525641025641024
mobile_B,100,1,PlayDrone,4.605170185988092,0.0036363636363636043,0.12928747380101036,-0.05145515128970146,0.14569863692546883,0.35,-0.5301446051167964,-0.32858731924360396,-0.8587319243604004,0.7389685759361215,0.10457516339869277,0.41748768472906406,0.7968648378891787,0.2104575163398693,0.19581280788177335,0.8022135290897969,0.13202614379084965,0.2635467980295566,0.800424997585241,0.1725490196078432,0.22660098522167482,0.7718350558614251,0.18169934640522878,0.27463054187192115,0.7176430342251843,0.47973856209150323,0.08497536945812811,0.7001368363437328,0.48888888888888893,0.11083743842364535,0.6884751601790141,0.4875816993464053,0.1354679802955665,0.8119522521652339,0.13594771241830061,0.24014778325123154,0.7667366946778711,0.14509803921568631,0.3214285714285714,0.7100542515856918,0.465359477124183,0.1145320197044335
mobile_B,100,1,angeeks,4.605170185988092,0.05363636363636365,0.13755258242767388,-0.38693368434906006,0.08254005238413811,0.15,-0.5507295173961841,-0.331425364758698,-0.8821548821548821,0.8335986020900921,0.12742382271468145,0.20537897310513442,0.8520985580667664,0.1246537396121884,0.17114914425427874,0.8533210519542971,0.1246537396121884,0.16870415647921755,0.8299311204275004,0.12742382271468145,0.21271393643031788,0.8262636387649087,0.12742382271468145,0.22004889975550124,0.822433609438601,0.1301939058171745,0.2249388753056235,0.8236561033261316,0.1301939058171745,0.22249388753056232,0.8283835312125378,0.13296398891966754,0.2102689486552567,0.8283835312125378,0.13296398891966754,0.2102689486552567,0.8340930179005615,0.16066481994459836,0.17114914425427874,0.8365244600369796,0.07756232686980613,0.24938875305623476
mobile_B,100,1,anzhi,4.605170185988092,0.4536363636363636,0.24180200214517733,-0.16429372131824493,0.10791134585936862,0.16666666666666666,-0.5974867724867725,0.04325396825396832,-0.5542328042328042,0.7011983312386538,0.19696969696969702,0.40063364055299544,0.6643581552855746,0.11742424242424243,0.5538594470046083,0.6844539868733417,0.3162878787878788,0.31480414746543783,0.6775153609831028,0.33333333333333337,0.31163594470046085,0.6628918796257506,0.321969696969697,0.3522465437788018,0.6523835707303449,0.3087121212121212,0.38652073732718895,0.6540069473537216,0.31439393939393945,0.37759216589861755,0.6639915863706186,0.3560606060606061,0.3159562211981567,0.6651567518503002,0.12878787878787878,0.5408986175115207,0.6557568775310711,0.31060606060606055,0.37788018433179726,0.6094033654517526,0.7575757575757576,0.023617511520737322
mobile_B,100,1,appchina,4.605170185988092,0.38363636363636366,0.24191084414080766,-0.17695748805999756,0.05528279865781468,0.08333333333333333,-0.5471153846153846,-0.34951923076923086,-0.8966346153846154,0.7044520543389037,0.4050073637702504,0.18608852755194216,0.7554704985766925,0.2680412371134021,0.22101776573321286,0.7234229092413653,0.09425625920471281,0.45889792231255644,0.7376766052065691,0.08983799705449191,0.4348087925323698,0.7388810616955785,0.08983799705449191,0.4323998795543511,0.7390808435984867,0.09425625920471281,0.4275820535983138,0.7445501226408108,0.09867452135493371,0.41222523336344474,0.7441148597380263,0.10014727540500734,0.4116230051189401,0.7504143090849988,0.28718703976435933,0.21198434206564287,0.7317228384196786,0.08247422680412375,0.45408009635651914,0.7251910123421312,0.11782032400589104,0.4317976513098465
mobile_B,100,1,play2013-2014,4.605170185988092,0.18636363636363637,0.0818551850241902,-0.5226393342018127,0.13316472691173353,0.21666666666666667,-0.6741450068399453,-0.12339261285909697,-0.7975376196990422,0.6791352367718742,0.3969816272965879,0.24474789915966388,0.7812162266481395,0.12139107611548561,0.3161764705882353,0.7919465030106531,0.23228346456692917,0.18382352941176472,0.8079922914047508,0.20964566929133854,0.1743697478991597,0.8118975936831425,0.20603674540682415,0.1701680672268907,0.8215746928692736,0.18143044619422577,0.17542016806722693,0.8328922120029114,0.15354330708661412,0.18067226890756305,0.8335814640816956,0.15321522309711288,0.17962184873949583,0.8335814640816956,0.15321522309711288,0.17962184873949583,0.8043502834204548,0.2158792650918635,0.17542016806722693,0.8496851496504114,0.1010498687664042,0.19957983193277307
mobile_B,100,1,play2016-2016,4.605170185988092,0.3063636363636364,0.07580447102504317,-0.21830327808856964,0.1087883688363945,0.13333333333333333,-0.5774000000000001,0.06740000000000013,-0.51,0.5264407952686548,0.14156285390713474,0.8055555555555556,0.5702079159044051,0.03907134767836917,0.8205128205128205,0.6653986506761138,0.1862967157417894,0.48290598290598286,0.6976568322831064,0.07049830124575307,0.5341880341880342,0.7077477228949483,0.0631370328425821,0.5213675213675213,0.7149033016813311,0.05096262740656854,0.5192307692307692,0.7092516769753463,0.04303510758776896,0.5384615384615384,0.7273765620311486,0.05379388448471123,0.4914529914529915,0.714697612064543,0.05351075877689693,0.517094017094017,0.6931643290646688,0.06879954699886748,0.5448717948717949,0.6590863993185624,0.013023782559456354,0.6688034188034189
mobile_B,100,1,play2017-2017,4.605170185988092,0.17636363636363636,0.14323461295673334,-0.21857662498950958,0.07129834349616432,0.18333333333333332,-0.6529829545454546,-0.14673295454545454,-0.7997159090909092,0.7919094474949002,0.09471016788089959,0.3214709371293001,0.8027312068193937,0.11339879632562555,0.28113879003558717,0.8275710344107184,0.10167880899588222,0.2431791221826809,0.8437755861590599,0.05384859043395629,0.258600237247924,0.8448746520094493,0.06588533417801712,0.2443653618030842,0.848703346533396,0.07602153943617362,0.22657176749703445,0.8466816289921923,0.08362369337979092,0.22301304863582438,0.8468772063512104,0.0867912575229648,0.21945432977461443,0.8468772063512104,0.0867912575229648,0.21945432977461443,0.8465796131363357,0.058916693063034486,0.24792408066429417,0.8336553502337722,0.05036426987646503,0.2823250296559905
mobile_B,100,1,play2018-2018,4.605170185988092,0.046363636363636385,0.13746900481278346,-0.32361355423927307,0.10007649926895584,0.16666666666666666,-0.6128369704749679,-0.33068035943517327,-0.9435173299101411,0.8465217636199972,0.15768302493966213,0.14927344782034346,0.857337948522293,0.1419951729686243,0.14332892998678992,0.8503955041229565,0.169750603378922,0.1294583883751651,0.8430319432148965,0.049074818986323376,0.26486129458388374,0.8412515635776996,0.04867256637168138,0.26882430647291944,0.8391980560092928,0.04947707160096537,0.2721268163804491,0.8391980560092928,0.04947707160096537,0.2721268163804491,0.8391980560092928,0.04947707160096537,0.2721268163804491,0.8636871101683297,0.1319388576025744,0.14068692206076616,0.8524676098967959,0.041432019308125456,0.2536327608982827,0.8453173969739125,0.1508447304907482,0.15852047556142668
mobile_B,100,1,play2019-2021,4.605170185988092,0.3063636363636364,0.2950106737009969,-0.2675549387931824,0.018808250267132603,0.016666666666666666,-0.6301724137931035,-0.22327586206896544,-0.853448275862069,0.6782931097430475,0.2669769989047097,0.37643678160919536,0.7106655461973286,0.22809419496166483,0.3505747126436781,0.7278408304062646,0.21960569550930997,0.3247126436781609,0.732220417721041,0.21659364731653885,0.31896551724137934,0.7461161259457894,0.19167579408543267,0.3160919540229885,0.7487835353955005,0.19496166484118294,0.30747126436781613,0.7518616786896803,0.19742606790799566,0.29885057471264365,0.7504925658747844,0.20016429353778753,0.29885057471264365,0.7214768163563344,0.22371303395399778,0.33333333333333337,0.7422133675768907,0.202354874041621,0.3132183908045977,0.7159169593735444,0.2894304490690033,0.27873563218390807
mobile_B,100,1,slideme,4.605170185988092,0.10636363636363638,0.15117808513823605,-0.3297577202320099,0.1647570027659337,0.23333333333333334,-0.5668148148148149,-0.30281481481481476,-0.8696296296296296,0.8117572000755569,0.024182076813655806,0.3523035230352304,0.8890662164089635,0.07823613086770986,0.14363143631436315,0.879887589772057,0.09388335704125172,0.14634146341463417,0.8654238320477088,0.10384068278805125,0.16531165311653118,0.864712594494366,0.10526315789473684,0.16531165311653118,0.8593600018503742,0.10241820768136556,0.17886178861788615,0.8580049883002386,0.10241820768136556,0.18157181571815717,0.857361212303446,0.10099573257467998,0.1842818428184282,0.8647800560509161,0.10241820768136556,0.1680216802168022,0.8600037778471668,0.10384068278805125,0.17615176151761514,0.9016352681307751,0.09103840682788056,0.10569105691056913
mobile_B,100,2,1mobile,4.605170185988092,0.17909090909090908,0.11651978593218959,-0.4719780385494232,0.1471201690689971,0.08333333333333333,-0.7233592880978865,-0.2710789766407119,-0.9944382647385984,0.9269430745271081,0.058673469387755084,0.08744038155802858,0.9310291684241264,0.09183673469387754,0.04610492845786962,0.9308811362382792,0.08418367346938771,0.05405405405405406,0.9321566464423607,0.08163265306122447,0.05405405405405406,0.9326372440868239,0.07908163265306123,0.055643879173290944,0.9339127542909056,0.07653061224489799,0.055643879173290944,0.9351882644949872,0.07397959183673475,0.055643879173290944,0.9351882644949872,0.07397959183673475,0.055643879173290944,0.9351882644949872,0.07397959183673475,0.055643879173290944,0.9308993867817397,0.0714285714285714,0.06677265500794916,0.933172593361669,0.03826530612244894,0.09538950715421302
mobile_B,100,2,PlayDrone,4.605170185988092,0.10909090909090913,0.0942044023069687,-0.17671431601047516,0.2552484595915303,0.45,-0.5625565610859729,-0.259841628959276,-0.8223981900452488,0.7755064641646793,0.207741935483871,0.24124513618677046,0.7563783942094473,0.08387096774193548,0.4033722438391699,0.8012995272164345,0.1509677419354839,0.24643320363164722,0.7974821137190913,0.1793548387096774,0.22568093385214005,0.7795079703778085,0.25032258064516133,0.19066147859922178,0.7563323710305008,0.31612903225806455,0.1712062256809338,0.7492355968369524,0.3303225806451613,0.1712062256809338,0.7435396008535208,0.38451612903225807,0.12840466926070038,0.8019915484707754,0.16774193548387095,0.22827496757457844,0.7577565792226266,0.3651612903225806,0.11932555123216604,0.7776963306974604,0.3019354838709677,0.1426718547341116
mobile_B,100,2,angeeks,4.605170185988092,0.05909090909090908,0.1261488417157437,-0.4450944662094116,0.0874622774620851,0.16666666666666666,-0.5755283648498332,-0.3432703003337041,-0.9187986651835373,0.8416149068322981,0.1428571428571429,0.17391304347826086,0.8517810442254705,0.14540816326530615,0.15102974828375282,0.8665997291365058,0.10204081632653061,0.1647597254004577,0.8389150282538644,0.08418367346938771,0.2379862700228833,0.8360079157521132,0.07397959183673475,0.25400457665903886,0.8338509316770186,0.0714285714285714,0.26086956521739135,0.8342070237706066,0.08673469387755106,0.2448512585812357,0.8281301078783916,0.0714285714285714,0.2723112128146453,0.843491687292766,0.08418367346938771,0.22883295194508013,0.8347324055480316,0.07653061224489799,0.25400457665903886,0.8395892682015598,0.1377551020408163,0.18306636155606404
mobile_B,100,2,anzhi,4.605170185988092,0.40909090909090906,0.22433395007544799,-0.15278543531894684,0.07295013094941777,0.13333333333333333,-0.5559912854030501,-0.23050108932461877,-0.7864923747276689,0.6783580417491317,0.11680327868852458,0.5264806378132119,0.738283729788267,0.31557377049180324,0.20785876993166286,0.7153949923447478,0.4590163934426229,0.11019362186788151,0.6672089137010344,0.2971311475409836,0.3684510250569476,0.655135553978864,0.29508196721311475,0.3946469248291572,0.6373907726203368,0.2704918032786885,0.45472665148063784,0.6493381007505881,0.34426229508196726,0.3570615034168565,0.6448406400537735,0.35040983606557374,0.35990888382687924,0.7317650957840098,0.32377049180327866,0.21269931662870156,0.6621396430038463,0.2930327868852459,0.38268792710706145,0.7188912020613167,0.3073770491803278,0.2548405466970387
mobile_B,100,2,appchina,4.605170185988092,0.3390909090909091,0.2367254616150598,-0.39401787519454956,0.10746723223710432,0.2,-0.6410370370370371,-0.09525925925925927,-0.7362962962962963,0.7246165911188324,0.444104134762634,0.10666268299970127,0.7277697428292851,0.49157733537519144,0.0528831789662384,0.7502526776510335,0.1562021439509954,0.3432925007469375,0.7807771444886074,0.2741194486983155,0.16432626232446967,0.7748981854335967,0.21745788667687593,0.23274574245593072,0.7759814164681316,0.2143950995405819,0.23364206752315508,0.7765970394277795,0.22511485451761104,0.22169106662683002,0.7766901492548239,0.2297090352220521,0.21691066626830002,0.7766901492548239,0.2297090352220521,0.21691066626830002,0.7833549369484043,0.2588055130168453,0.174484613086346,0.7851288278547999,0.2603369065849923,0.16940543770540784
mobile_B,100,2,play2013-2014,4.605170185988092,0.13090909090909092,0.06417243714063015,-0.5766822099685669,0.11077986772482594,0.21666666666666667,-0.6358413132694938,-0.24787961696306438,-0.8837209302325582,0.7496982093756287,0.08064516129032262,0.41995841995842,0.7942229336238553,0.04772876892692557,0.3638253638253638,0.8284487961907316,0.06451612903225812,0.2785862785862786,0.8240567503240315,0.05562870309414092,0.29625779625779625,0.8258065884793995,0.056287030941408855,0.2920997920997921,0.8246285101123811,0.05760368663594473,0.2931392931392931,0.8238056003032962,0.059249506254114515,0.2931392931392931,0.8252002699007307,0.05957867017774854,0.29002079002079006,0.8232683993052656,0.05200789993416721,0.3014553014553014,0.8068960868500039,0.04213298222514816,0.3440748440748441,0.8411766960154057,0.21889400921658986,0.09875259875259879
mobile_B,100,2,play2016-2016,4.605170185988092,0.3109090909090909,0.0990337934849499,-0.2396446168422699,0.03169442548824009,0.016666666666666666,-0.6017857142857143,0.025892857142857162,-0.5758928571428571,0.5609344344572706,0.6845827439886846,0.19354838709677424,0.5879560767136621,0.6735502121640735,0.15053763440860213,0.6146127055101824,0.6826025459688826,0.08817204301075265,0.6246019071953278,0.6862800565770864,0.06451612903225812,0.631418533558425,0.6661951909476662,0.07096774193548383,0.6373302307189244,0.65007072135785,0.07526881720430112,0.6388587245821356,0.6534653465346535,0.0688172043010753,0.6377271828565345,0.6557284299858557,0.0688172043010753,0.5829736429864184,0.6577086280056577,0.17634408602150542,0.6189730954662287,0.7018387553041019,0.06021505376344083,0.62677069550273,0.6152758132956153,0.13118279569892477
mobile_B,100,2,play2017-2017,4.605170185988092,0.2509090909090909,0.12648703052807486,-0.09753835946321487,0.053748120808692595,0.016666666666666666,-0.5976,-0.3084,-0.906,0.7712661727070198,0.039911308203991136,0.41755634638196915,0.7996401075994861,0.18245169464681665,0.21826809015421111,0.8223806254793149,0.1761165663604688,0.17912218268090152,0.8344354051757923,0.1840354767184036,0.14709371293001183,0.8338699029177286,0.2017738359201774,0.13048635824436539,0.8371554522496281,0.1963889768767818,0.12930011862396207,0.8490826651576586,0.21761165663604687,0.08422301304863578,0.8489614861023593,0.22141273360785552,0.08066429418742582,0.8340846434761893,0.17643332277478618,0.15539739027283517,0.852652092865616,0.1428571428571429,0.1518386714116251,0.8599481992416633,0.0535318340196389,0.22657176749703445
mobile_B,100,2,play2018-2018,4.605170185988092,0.08090909090909093,0.13871244528687954,-0.15583081543445587,0.11704347449170502,0.2,-0.6125763125763126,-0.303174603174603,-0.9157509157509156,0.840940447991253,0.20164770498234597,0.11647139903514814,0.8505201564159834,0.19144762652020397,0.10751206064782903,0.8534094937028859,0.1836014123185563,0.10957960027567193,0.857141988087922,0.1533934876422126,0.13232253618194345,0.8568981119607721,0.15457041977245978,0.13163335630599582,0.8582287509405588,0.15535504119262455,0.12818745692625777,0.8583824577900984,0.15849352687328366,0.12474155754651961,0.8561770281125367,0.1635935661043546,0.12405237767057198,0.855281148348334,0.15849352687328366,0.1309441764300483,0.8493271371132691,0.2110631620243233,0.09028256374913857,0.8186430862064258,0.1773244409572381,0.18538938662991045
mobile_B,100,2,play2019-2021,4.605170185988092,0.3109090909090909,0.29440516740446965,-0.3794310390949249,0.039551382061957456,0.03333333333333333,-0.6954248366013072,-0.05185185185185193,-0.7472766884531591,0.7861252446183953,0.09917808219178081,0.3285714285714286,0.7707632093933463,0.2156164383561644,0.24285714285714288,0.7550880626223092,0.3441095890410959,0.14571428571428569,0.8208610567514678,0.18684931506849312,0.17142857142857137,0.8309393346379648,0.1638356164383562,0.17428571428571427,0.8256751467710371,0.17150684931506854,0.17714285714285716,0.8283953033268102,0.1717808219178082,0.17142857142857137,0.8292759295499021,0.1728767123287671,0.1685714285714286,0.8292759295499021,0.1728767123287671,0.1685714285714286,0.8265362035225049,0.1783561643835616,0.1685714285714286,0.8304892367906067,0.13616438356164384,0.20285714285714285
mobile_B,100,2,slideme,4.605170185988092,0.010909090909090924,0.12355916547896328,-0.391300231218338,0.08983029834926128,0.16666666666666666,-0.6214114832535884,-0.22428229665071775,-0.8456937799043062,0.8672183699512616,0.09198813056379818,0.1735751295336787,0.8997670700019987,0.10979228486646886,0.09067357512953367,0.8826932242739196,0.1543026706231454,0.0803108808290155,0.8966228994019156,0.10830860534124631,0.0984455958549223,0.8871442628495871,0.1454005934718101,0.0803108808290155,0.8808328592733814,0.16320474777448069,0.07512953367875652,0.8697052628342122,0.185459940652819,0.07512953367875652,0.868963423071601,0.18694362017804156,0.07512953367875652,0.868963423071601,0.18694362017804156,0.07512953367875652,0.8734144616472685,0.17804154302670627,0.07512953367875652,0.8899694039144539,0.10089020771513357,0.11917098445595853
mobile_B,100,3,1mobile,4.605170185988092,0.16636363636363632,0.11776220299722362,-0.4893952012062073,0.095732155861333,0.11666666666666667,-0.7041128084606345,-0.2089306698002351,-0.9130434782608696,0.8640876331423764,0.18615751789976132,0.08566721581548598,0.9025273951866254,0.12410501193317425,0.07084019769357497,0.9013026229392175,0.14797136038186154,0.0494233937397035,0.904143386819642,0.14558472553699287,0.04612850082372322,0.9017567519747732,0.15035799522673032,0.04612850082372322,0.9096558448962581,0.13126491646778038,0.0494233937397035,0.9096558448962581,0.13126491646778038,0.0494233937397035,0.9096558448962581,0.13126491646778038,0.0494233937397035,0.9029500693972077,0.14797136038186154,0.04612850082372322,0.9092862507028188,0.13365155131264916,0.047775947281713305,0.9376408094899207,0.08353221957040569,0.041186161449752845
mobile_B,100,3,PlayDrone,4.605170185988092,0.07636363636363636,0.10457226121735819,-0.06652570515871048,0.21910696713021022,0.38333333333333336,-0.5130144605116796,-0.36017797552836484,-0.8731924360400445,0.7662060681800154,0.12836970474967913,0.33921815889029006,0.7749758396236648,0.3491655969191271,0.10088272383354346,0.7713060524777944,0.3363286264441592,0.12105926860025218,0.6827924700565118,0.22079589216944806,0.4136191677175284,0.6552917294620613,0.12195121951219512,0.5674653215636822,0.672288979145184,0.19640564826700901,0.4590163934426229,0.6500436262741867,0.1450577663671374,0.5548549810844893,0.6596899701657799,0.19512195121951215,0.48549810844892816,0.7957683323431761,0.20795892169448005,0.2005044136191677,0.6682792470056511,0.22207958921694482,0.44136191677175285,0.6298047582586399,0.6521181001283697,0.08827238335435061
mobile_B,100,3,angeeks,4.605170185988092,0.11636363636363639,0.12764720451976197,-0.35937753319740295,0.11384632972379527,0.26666666666666666,-0.5361512791991101,-0.36484983314794217,-0.9010011123470523,0.8455041982554823,0.10804597701149421,0.20094562647754133,0.8368060650525802,0.07816091954022986,0.24822695035460995,0.8366104181951577,0.06436781609195408,0.26241134751773054,0.8153012146409064,0.06206896551724139,0.3073286052009456,0.8152686068313362,0.05977011494252871,0.30969267139479906,0.7959403277084862,0.2804597701149425,0.12765957446808507,0.7959077198989157,0.2781609195402299,0.1300236406619385,0.7935762615146328,0.2804597701149425,0.13238770685579193,0.8307328605200945,0.06666666666666665,0.27186761229314416,0.8225890600798891,0.07586206896551728,0.27895981087470445,0.8138094073530611,0.2068965517241379,0.16548463356973997
mobile_B,100,3,anzhi,4.605170185988092,0.43636363636363634,0.2477834396071137,0.04139034450054169,0.06072339663902918,0.016666666666666666,-0.5405172413793105,-0.17499999999999982,-0.7155172413793103,0.6567636969324424,0.22413793103448276,0.46233467510063253,0.653613077494222,0.09961685823754785,0.5931569867740081,0.7489688881838552,0.4137931034482759,0.08826912018401378,0.7546609338612273,0.37739463601532564,0.11328349626221967,0.7484324015872071,0.38122605363984674,0.12190914318573898,0.7480947565320273,0.37356321839080464,0.1302472685451409,0.7454101203184109,0.36973180076628354,0.13944795859689474,0.744786606121896,0.367816091954023,0.14261069580218522,0.6567636969324424,0.22413793103448276,0.46233467510063253,0.7573422652292792,0.36973180076628354,0.11558366877515813,0.7653196116145493,0.2816091954022989,0.1877515813686026
mobile_B,100,3,appchina,4.605170185988092,0.3763636363636363,0.26105741689193185,-0.29295313358306885,0.08673451462139685,0.13333333333333333,-0.5889487870619947,-0.35983827493261444,-0.9487870619946092,0.7020516057760593,0.43157894736842106,0.16431784107946024,0.7530362638229757,0.324812030075188,0.16911544227886055,0.7795132508933503,0.2646616541353384,0.17631184407796097,0.7820890306726336,0.2466165413533835,0.18920539730134933,0.7825500783442865,0.23909774436090225,0.1958020989505247,0.7816550371430826,0.2360902255639098,0.200599700149925,0.7813777321865383,0.2210526315789474,0.21619190404797606,0.7825771324863884,0.2210526315789474,0.21379310344827585,0.7805852712741373,0.24962406015037597,0.18920539730134933,0.7750267723281217,0.2571428571428571,0.19280359820089954,0.7734756681809472,0.2917293233082707,0.16131934032983508
mobile_B,100,3,play2013-2014,4.605170185988092,0.26363636363636367,0.07918397365845975,-0.41059085726737976,0.16019369663360217,0.25,-0.6366612111292962,-0.014729950900163713,-0.6513911620294599,0.6435012842551033,0.14011262007287184,0.5728848114169215,0.7178476174847779,0.24014574362371643,0.3241590214067278,0.7227498017145236,0.3434912222590262,0.21100917431192656,0.8062549149305502,0.1265319642265651,0.2609582059123343,0.8114776986661778,0.10997018880423981,0.2670744138634047,0.8131595376749158,0.10864524677045384,0.2650356778797146,0.8128154714332165,0.10831401126200724,0.2660550458715596,0.8138348394250616,0.10831401126200724,0.2640163098878695,0.8138348394250616,0.10831401126200724,0.2640163098878695,0.7821412400363448,0.20635972176217288,0.22935779816513757,0.8109376260914987,0.05498509440211996,0.3231396534148828
mobile_B,100,3,play2016-2016,4.605170185988092,0.2836363636363637,0.10346034932264048,-0.2193295955657959,0.0798034340531255,0.1,-0.6151234567901235,-0.06697530864197532,-0.6820987654320988,0.5964505035617784,0.6223163841807909,0.18478260869565222,0.6425202652910833,0.49322033898305084,0.22173913043478266,0.6881970031933187,0.4062146892655367,0.21739130434782605,0.7000368459837878,0.4194915254237288,0.1804347826086956,0.7135286170474084,0.38163841807909604,0.19130434782608696,0.7200135101940555,0.36214689265536726,0.1978260869565217,0.715972733971997,0.37457627118644066,0.1934782608695652,0.7158867600098255,0.3790960451977401,0.18913043478260871,0.706478752149349,0.40225988700564974,0.18478260869565222,0.7127057234094817,0.3463276836158192,0.2282608695652174,0.7277143208056989,0.13587570621468925,0.408695652173913
mobile_B,100,3,play2017-2017,4.605170185988092,0.19363636363636366,0.11126185828103297,0.017231011763215065,0.051387237943708905,0.08333333333333333,-0.6227495908346972,-0.22013093289689045,-0.8428805237315876,0.7658971365553369,0.026112185686653744,0.44209354120267264,0.8113728623964136,0.21244358478401026,0.16481069042316254,0.8403584008592775,0.10992907801418439,0.20935412026726052,0.8481384235187012,0.1244358478401032,0.17928730512249447,0.8368833815097378,0.19148936170212771,0.13474387527839649,0.8387296650339819,0.18891038039974206,0.13363028953229394,0.848606904949605,0.13797549967762734,0.16481069042316254,0.848680138828459,0.1389426176660219,0.1636971046770601,0.8485049519025731,0.11702127659574468,0.18596881959910916,0.8361959164214767,0.15054803352675694,0.1770601336302895,0.8302639722343081,0.0722114764667956,0.267260579064588
mobile_B,100,3,play2018-2018,4.605170185988092,0.013636363636363669,0.15296905899298596,-0.27681124210357666,0.12254725729338438,0.15,-0.5578054298642534,-0.35509049773755663,-0.91289592760181,0.8119751301399974,0.06317044100119185,0.31287929871881326,0.8306880709489698,0.07429479539133887,0.26432906271072154,0.8588103927681516,0.07469209376241559,0.20768712070128115,0.8645602351749171,0.07667858561779894,0.19420094403236687,0.8650358948228245,0.07707588398887566,0.19285232636547534,0.8631879081986256,0.08144616607071908,0.19217801753202968,0.823425654973021,0.054429876837505,0.2987188132164531,0.8189460689563162,0.0512514898688915,0.31085637221847606,0.8654331931939012,0.07628128724672234,0.19285232636547534,0.8691728344358831,0.08700834326579265,0.174645987862441,0.8502737018751251,0.15852205005959474,0.1409305461901551
mobile_B,100,3,play2019-2021,4.605170185988092,0.30363636363636365,0.29591409045544015,-0.37670302391052246,0.07432602007174866,0.05,-0.7538181818181819,0.1247272727272728,-0.6290909090909091,0.6943503176730478,0.009058468295360944,0.6022408963585435,0.6977554128980716,0.38320065879769416,0.22128851540616246,0.7305611237083359,0.331594839418062,0.20728291316526615,0.7861664017789383,0.05791929728245948,0.3697478991596639,0.776936467697153,0.045566840516058194,0.4005602240896359,0.7702081656159582,0.04501784243755147,0.4145658263305322,0.7645778596917767,0.04227285204501785,0.4285714285714286,0.7631984443516633,0.26351907768322813,0.2100840336134454,0.7803427162794847,0.049958825144111985,0.3893557422969187,0.797236709671516,0.07219324732363441,0.33333333333333337,0.7207633533786834,0.35959374142190503,0.19887955182072825
mobile_B,100,3,slideme,4.605170185988092,0.11363636363636365,0.15082777051574958,-0.44158706068992615,0.12414824937780697,0.13333333333333333,-0.6434676434676436,-0.30402930402930384,-0.9474969474969475,0.8277069257579003,0.06146926536731634,0.2831168831168831,0.8782939698981678,0.11094452773613195,0.1324675324675325,0.8977939601627758,0.032983508245877036,0.17142857142857137,0.899336046262583,0.058470764617691184,0.1428571428571429,0.9017854709009132,0.050974512743628186,0.1454545454545455,0.8988395412683268,0.046476761619190454,0.1558441558441559,0.8930956599622267,0.044977511244377766,0.16883116883116878,0.8917969586635255,0.044977511244377766,0.17142857142857137,0.8977939601627758,0.032983508245877036,0.17142857142857137,0.8948382951381452,0.06746626686656676,0.1428571428571429,0.8998656515897895,0.13793103448275867,0.06233766233766236
mobile_B,100,4,1mobile,4.605170185988092,0.31545454545454543,0.1541645582081249,-0.45716941356658936,0.1620660779376824,0.31666666666666665,-0.704066985645933,-0.20143540669856463,-0.9055023923444976,0.8948071145868104,0.052238805970149294,0.15814696485623003,0.9307376853750418,0.07462686567164178,0.06389776357827481,0.9222934846534103,0.09950248756218905,0.05591054313099042,0.9209583075040135,0.10696517412935325,0.051118210862619806,0.9267440751513996,0.07462686567164178,0.0718849840255591,0.9255916901117416,0.07213930348258701,0.07667731629392971,0.9255916901117416,0.07213930348258701,0.07667731629392971,0.9255916901117416,0.07213930348258701,0.07667731629392971,0.9230008106432692,0.10447761194029848,0.04952076677316297,0.93127414047971,0.06716417910447758,0.07028753993610226,0.9388163018771956,0.06965174129353235,0.05271565495207664
mobile_B,100,4,PlayDrone,4.605170185988092,0.024545454545454537,0.11028920553980337,-0.15355199575424194,0.10021546185016635,0.13333333333333333,-0.5922991071428572,-0.31841517857142854,-0.9107142857142857,0.7954161838394421,0.12985274431057559,0.27931488801054016,0.804779063553291,0.19544846050870146,0.19499341238471668,0.8208962331539598,0.15662650602409633,0.20158102766798414,0.8163272325137176,0.15127175368139223,0.2160737812911726,0.8130440073865952,0.14993306559571618,0.2239789196310935,0.8056812229153769,0.16465863453815266,0.2239789196310935,0.8049695488144938,0.17135207496653282,0.2187088274044796,0.8043002047716558,0.17269076305220887,0.2187088274044796,0.8136604388568768,0.1552878179384204,0.21739130434782605,0.8188564534819118,0.16465863453815266,0.19762845849802368,0.6916308183987597,0.17536813922356087,0.4413702239789197
mobile_B,100,4,angeeks,4.605170185988092,0.10545454545454547,0.12646573040249898,-0.37614890933036804,0.09262150898575783,0.11666666666666667,-0.5509454949944382,-0.3878754171301445,-0.9388209121245827,0.8345972217434766,0.2263279445727483,0.10447761194029848,0.841261360633323,0.23787528868360275,0.07960199004975121,0.8391299851780359,0.24711316397228633,0.07462686567164178,0.8507635034986729,0.1939953810623557,0.10447761194029848,0.8461445658543312,0.20323325635103928,0.10447761194029848,0.8436570036652764,0.20323325635103928,0.1094527363184079,0.8458774258040054,0.19630484988452657,0.11194029850746268,0.8470321602150908,0.1939953810623557,0.11194029850746268,0.8391299851780359,0.24711316397228633,0.07462686567164178,0.8270483609665299,0.25635103926097,0.08955223880597019,0.841172313949881,0.23556581986143188,0.08208955223880599
mobile_B,100,4,anzhi,4.605170185988092,0.4154545454545454,0.26282655663797005,-0.22605782747268677,0.07878925452629726,0.1,-0.5598382749326146,-0.1948787061994609,-0.7547169811320755,0.7047502323227628,0.31238447319778184,0.2781150621566927,0.7193519651112397,0.43438077634011085,0.1269152934374097,0.7158792808708723,0.4861367837338263,0.08210465452442905,0.7114858556985741,0.48798521256931604,0.08904307603353567,0.6952475767092623,0.2125693160813309,0.3969355305001445,0.6992126943615706,0.5157116451016636,0.08586296617519518,0.6963262276501228,0.5249537892791127,0.08239375542064176,0.6944208870855263,0.5304990757855823,0.0806591500433651,0.7104830870631891,0.5064695009242144,0.07256432494940734,0.705760749503425,0.4861367837338263,0.1023417172593235,0.7223920667721537,0.44362292051756,0.1115929459381324
mobile_B,100,4,appchina,4.605170185988092,0.4354545454545454,0.2396309961628088,-0.5325854420661926,0.10974499178895109,0.16666666666666666,-0.6743055555555555,-0.09826388888888893,-0.7725694444444444,0.6413178722765916,0.15918958031837915,0.5581746751284375,0.7275235849778637,0.3270622286541245,0.21789060139014804,0.7264767972625638,0.4645441389290883,0.08250226654578419,0.7203646678641201,0.5094066570188134,0.049864007252946485,0.7311546503659055,0.48480463096960924,0.05288606829857967,0.7350343469702199,0.4688856729377714,0.06104563312178901,0.7410614125664383,0.45441389290882783,0.06346328195829554,0.7436216362077026,0.44717800289435605,0.06557872469023873,0.7126839969403271,0.5311143270622287,0.04351767905711701,0.7281091913078351,0.49059334298118673,0.053188274403143,0.7719819953387661,0.3560057887120116,0.1000302206104563
mobile_B,100,4,play2013-2014,4.605170185988092,0.19454545454545455,0.06632881534094459,-0.5194498896598816,0.15497526219114663,0.18333333333333332,-0.6301587301587301,-0.041798941798941835,-0.671957671957672,0.7278471874948226,0.15921880172128433,0.3850868232890705,0.7877474295525465,0.07414763323402851,0.3503575076608785,0.8129854721410461,0.053293611386957984,0.3207354443309499,0.8209964704000833,0.06587222773915924,0.2921348314606742,0.8183292370498779,0.05792783846408478,0.3054136874361594,0.81784691362032,0.05991393578285331,0.30439223697650664,0.8178043109199173,0.05693478980470046,0.30745658835546474,0.8184379415592385,0.053624627606752684,0.3094994892747702,0.8184379415592385,0.053624627606752684,0.3094994892747702,0.8022240638310174,0.16981132075471694,0.22574055158324824,0.8025104486503905,0.023171135385633868,0.37180796731358534
mobile_B,100,4,play2016-2016,4.605170185988092,0.27454545454545454,0.08120114075634055,-0.20164184272289276,0.05716823625843971,0.03333333333333333,-0.5412398921832884,0.056064690026954134,-0.48517520215633425,0.5706952199912875,0.6173814898419865,0.24122807017543857,0.6400315829076076,0.5993227990970655,0.12061403508771928,0.6889801394004198,0.5211625282167043,0.10087719298245612,0.7129123599065383,0.48645598194130923,0.08771929824561409,0.7087887608411548,0.49689616252821667,0.08552631578947367,0.7191843887370797,0.46952595936794583,0.09210526315789469,0.7194665557799691,0.468961625282167,0.09210526315789469,0.7133430359193695,0.4658577878103838,0.10745614035087714,0.7133430359193695,0.4658577878103838,0.10745614035087714,0.7214417250801949,0.46501128668171554,0.09210526315789469,0.6916483505603739,0.2570541760722348,0.35964912280701755
mobile_B,100,4,play2017-2017,4.605170185988092,0.24454545454545454,0.11295656703862456,-0.115811288356781,0.047110304632224126,0.05,-0.616374269005848,-0.3192982456140351,-0.9356725146198831,0.808892190615823,0.1645285439384221,0.217687074829932,0.8295803461431611,0.17190506735086597,0.1689342403628118,0.8358543545705646,0.19563822963438104,0.13265306122448983,0.834661660259571,0.21616420782552914,0.11451247165532885,0.8393051682935309,0.22161642078255295,0.09977324263038545,0.8357772657919272,0.22867222578576007,0.09977324263038545,0.8366986948724326,0.23476587556125716,0.09183673469387754,0.8352554620308675,0.2376523412443874,0.09183673469387754,0.8358543545705646,0.19563822963438104,0.13265306122448983,0.833572963074475,0.22514432328415646,0.10770975056689347,0.8566723246921175,0.08370750481077616,0.2029478458049887
mobile_B,100,4,play2018-2018,4.605170185988092,0.11454545454545456,0.13305449105029243,-0.18040993809700012,0.08275614667800255,0.13333333333333333,-0.599625,-0.3966250000000001,-0.9962500000000001,0.8208419516570611,0.11252485089463216,0.24579124579124578,0.8345536210347344,0.1093439363817097,0.2215488215488215,0.8196511168678167,0.0401590457256461,0.32053872053872057,0.8358522267070975,0.1033797216699801,0.22491582491582496,0.8355476568200226,0.10735586481113324,0.2215488215488215,0.8300734314650815,0.07992047713717698,0.2599326599326599,0.8441358582511664,0.15347912524850893,0.1582491582491582,0.8451298940364547,0.15149105367793236,0.1582491582491582,0.831600297206659,0.1105367793240557,0.22626262626262628,0.8455502674190547,0.1701789264413519,0.1387205387205387,0.8532890200882248,0.03618290258449308,0.25723905723905727
mobile_B,100,4,play2019-2021,4.605170185988092,0.3245454545454546,0.28227352835553643,-0.3871457576751709,0.03985596785544961,0.03333333333333333,-0.6218181818181818,0.0036363636363636598,-0.6181818181818182,0.5905600722673894,0.6481481481481481,0.1707317073170732,0.6744380679100909,0.48039215686274506,0.1707317073170732,0.75380267283065,0.28812636165577343,0.2042682926829268,0.7859145013018758,0.20561002178649235,0.22256097560975607,0.7852602423083055,0.20996732026143794,0.2195121951219512,0.784632552207875,0.2173202614379085,0.21341463414634143,0.7832974653275945,0.2230392156862745,0.21036585365853655,0.7831878686433924,0.22630718954248363,0.20731707317073167,0.7833273553323769,0.21078431372549022,0.22256097560975607,0.788687629523354,0.22140522875816993,0.2012195121951219,0.7336169562676018,0.3559368191721133,0.17682926829268297
mobile_B,100,4,slideme,4.605170185988092,0.09454545454545454,0.1381878072571695,-0.4369696080684662,0.16293563755849996,0.25,-0.6479166666666666,-0.2710648148148149,-0.9189814814814815,0.8671777930449782,0.1572700296735905,0.10837438423645318,0.9065391530601804,0.05637982195845692,0.13054187192118227,0.9117027963339228,0.060830860534124676,0.11576354679802958,0.8905731534402361,0.03412462908011871,0.18472906403940892,0.8829318384470334,0.0370919881305638,0.19704433497536944,0.8649486193740772,0.03857566765578635,0.23152709359605916,0.86297525251787,0.0400593471810089,0.23399014778325122,0.858790983906097,0.03857566765578635,0.24384236453201968,0.9117027963339228,0.060830860534124676,0.11576354679802958,0.8602746634313195,0.035608308605341255,0.24384236453201968,0.8986018330385465,0.08456973293768544,0.11822660098522164
mobile_B,300,0,1mobile,5.703782474656201,0.1936363636363636,0.12079353677997784,-0.5088225603103638,0.06238180930580711,0.07,-0.7644736842105263,-0.207937181663837,-0.9724108658743633,0.9407636945221911,0.04634146341463419,0.0721311475409836,0.9423230707716913,0.02682926829268295,0.08852459016393444,0.9464014394242303,0.02195121951219514,0.08524590163934431,0.9505397840863654,0.03170731707317076,0.06721311475409841,0.9493202718912435,0.034146341463414664,0.06721311475409841,0.9404038384646141,0.05853658536585371,0.060655737704918056,0.942842862854858,0.0536585365853659,0.060655737704918056,0.9452818872451019,0.04878048780487809,0.060655737704918056,0.9452818872451019,0.04878048780487809,0.060655737704918056,0.9448620551779288,0.04634146341463419,0.06393442622950818,0.9521991203518592,0.03658536585365857,0.059016393442622994
mobile_B,300,0,PlayDrone,5.703782474656201,0.05363636363636365,0.10368942682659987,-0.2291959673166275,0.1945983106357744,0.3,-0.5435555555555556,-0.3768484848484849,-0.9204040404040404,0.8182936400132814,0.28395061728395066,0.0794621026894865,0.8270623924658155,0.2407407407407407,0.10513447432762835,0.832666244076187,0.2197530864197531,0.11491442542787289,0.830571402698542,0.14814814814814814,0.19070904645476772,0.8236605391047118,0.18641975308641978,0.16625916870415647,0.7747004135349693,0.1987654320987654,0.25183374083129584,0.7047149023514141,0.13580246913580252,0.4547677261613692,0.69803344501796,0.12716049382716055,0.47677261613691935,0.8290832805095234,0.20246913580246917,0.13936430317848414,0.7685034260013885,0.21604938271604934,0.24694376528117357,0.7828473542817471,0.282716049382716,0.15158924205378976
mobile_B,300,0,angeeks,5.703782474656201,0.06696969696969696,0.11740309660632697,-0.48617976903915405,0.09039965014671905,0.13,-0.6723089235694277,-0.24885954381752706,-0.9211684673869548,0.8322517217490526,0.1367924528301887,0.1987041036717062,0.8322389869187823,0.16273584905660377,0.17278617710583155,0.842839459635682,0.1674528301886793,0.14686825053995678,0.8547185093117079,0.1674528301886793,0.12311015118790491,0.8537379273809038,0.16509433962264153,0.12742980561555073,0.8516774318431883,0.16273584905660377,0.13390928725701945,0.8482517625005095,0.14150943396226412,0.16198704103671702,0.838433208362199,0.14386792452830188,0.17926565874730016,0.8440187049187009,0.16509433962264153,0.14686825053995678,0.8567790048494234,0.16981132075471694,0.1166306695464363,0.8560225559313746,0.11084905660377353,0.17710583153347736
mobile_B,300,0,anzhi,5.703782474656201,0.406969696969697,0.21806943058223538,-0.03154124692082405,0.0935284645855427,0.18,-0.5853820598006645,-0.28006644518272417,-0.8654485049833887,0.7455796348967306,0.47534516765285995,0.033495562553678804,0.8292996248908072,0.20512820512820518,0.13627254509018039,0.8314959024840326,0.1755424063116371,0.1614657887202977,0.8160505287836874,0.21301775147928992,0.1548811909533352,0.7941478900319658,0.24852071005917165,0.16318350987689667,0.7603344191905931,0.24457593688362922,0.23475522473518462,0.7368580497145318,0.26232741617357,0.2639564843973662,0.72995384965479,0.2938856015779092,0.2462066991125107,0.8160505287836874,0.21301775147928992,0.1548811909533352,0.7496785625350447,0.23668639053254437,0.2639564843973662,0.7434751159122979,0.24852071005917165,0.2645290581162325
mobile_B,300,0,appchina,5.703782474656201,0.4203030303030303,0.28634213071725945,-0.26045313477516174,0.14150460024015046,0.16,-0.6565268065268066,-0.17272727272727273,-0.8292540792540793,0.7375349336752195,0.1577287066246057,0.3672014260249554,0.784633775123662,0.24921135646687698,0.18152109328579913,0.8018625670323574,0.18296529968454256,0.2133095662507427,0.7942760317969076,0.17823343848580442,0.2332144979203803,0.791307958036479,0.1577287066246057,0.25965537730243615,0.7879832843184114,0.1545741324921136,0.26945929887106357,0.7856632759212088,0.1577287066246057,0.2709447415329769,0.7835377339923638,0.15930599369085174,0.2736185383244206,0.7708130666471731,0.37697160883280756,0.08140225787284616,0.7699068060452361,0.15299684542586756,0.30718954248366015,0.7868024276912753,0.2665615141955836,0.1598336304218657
mobile_B,300,0,play2013-2014,5.703782474656201,0.1796969696969697,0.061973233647855896,-0.5756291747093201,0.058880104679847126,0.06,-0.731876456876457,-0.19061771561771557,-0.9224941724941725,0.8244822874247872,0.055463849455265724,0.2955715756951597,0.8383905800400454,0.07296137339055797,0.2502574665293512,0.8481545880382529,0.07197094750742816,0.23171987641606595,0.8535376700137598,0.040607461208319595,0.2523171987641607,0.8558340436542193,0.05249257180587652,0.2358393408856848,0.8551343194978578,0.05183228788379002,0.2378990731204943,0.8544543154586338,0.052162429844833325,0.23892893923789904,0.8525399340872084,0.05084186200066032,0.24407826982492276,0.8535376700137598,0.040607461208319595,0.2523171987641607,0.7742672191472817,0.0075932651039947174,0.4438722966014418,0.8783238172434744,0.07857378672829318,0.164778578784758
mobile_B,300,0,play2016-2016,5.703782474656201,0.3463636363636364,0.08498246418479893,-0.2667101323604584,0.09693528327101372,0.07,-0.6448863636363635,-0.035037878787878896,-0.6799242424242424,0.6203946562623156,0.18133258363789706,0.5778781038374718,0.6703990668576444,0.21450660669103172,0.4446952595936795,0.7164383839832562,0.31655889794770875,0.25056433408577883,0.7633512528311897,0.12566769749789153,0.34762979683972917,0.7768746458038104,0.11442226595445604,0.3318284424379232,0.7825094193181537,0.18667416362102895,0.24830699774266363,0.7927585005498965,0.1594039921281979,0.255079006772009,0.7982035232723952,0.12819791959516447,0.27539503386004516,0.6749137395438747,0.21450660669103172,0.4356659142212189,0.7699661938973861,0.11695248805172898,0.3431151241534989,0.7611846668667829,0.17514759628900756,0.3024830699774267
mobile_B,300,0,play2017-2017,5.703782474656201,0.15969696969696967,0.11589348516817877,-0.08293373882770538,0.028588952602658528,0.06,-0.6071580439404678,-0.3120481927710843,-0.9192062367115521,0.8214447895258179,0.2281537972672386,0.12895662368112548,0.8470139037122386,0.1734985700667302,0.13247362250879247,0.8569956835647266,0.1617413409596441,0.12426729191090269,0.8752948061590133,0.11693676517318086,0.13247362250879247,0.8689611535726353,0.1366380680012711,0.1254396248534584,0.8782040321249773,0.10994598029869718,0.13364595545134816,0.8803019008780762,0.11630123927550051,0.12309495896834699,0.8778631726898205,0.13759135684779156,0.10668229777256744,0.8777875503233322,0.11312360978709879,0.13130128956623677,0.8756788783750207,0.10327295837305372,0.14536928487690504,0.8674818608764521,0.14076898633619317,0.12426729191090269
mobile_B,300,0,play2018-2018,5.703782474656201,0.04303030303030303,0.1443098358270143,-0.22208663821220398,0.11217727404553444,0.17,-0.5751838235294116,-0.293841911764706,-0.8690257352941175,0.8811987266236608,0.09948474038842647,0.13811780636425186,0.8889107147217836,0.09353943717796276,0.12863913337846988,0.8897020800644899,0.12445501387237412,0.09614082599864593,0.9013789453882775,0.07808164883075708,0.1191604603926879,0.9046901210287159,0.07213634562029325,0.11848341232227488,0.8859367213645296,0.13198573127229485,0.09614082599864593,0.8760116474809545,0.14506539833531507,0.10291130670277593,0.8777634389211669,0.11177170035671824,0.1327014218009479,0.8775392321582538,0.1426872770511296,0.1022342586323629,0.8854663031055388,0.1268331351565597,0.1022342586323629,0.8041640468958433,0.09512485136741977,0.2965470548408937
mobile_B,300,0,play2019-2021,5.703782474656201,0.333030303030303,0.2626989684027027,-0.4318241477012634,0.029623002286702997,0.03,-0.8078804347826086,-0.03858695652173916,-0.8464673913043478,0.7928275327374251,0.03175918254625798,0.3825857519788918,0.7868301953060387,0.022645677989505675,0.4036939313984169,0.7936112198047305,0.014360673847003569,0.3984168865435356,0.8133946729682249,0.08561170947252139,0.28759894459102897,0.8228142198943571,0.07732670533001929,0.2770448548812665,0.818089508648976,0.07622203811101902,0.28759894459102897,0.8254993773495127,0.06931786799226736,0.27968337730870707,0.8257139713442327,0.07152720243026789,0.2770448548812665,0.8257139713442327,0.07152720243026789,0.2770448548812665,0.8148669553666351,0.0905827119580227,0.27968337730870707,0.8150851927228954,0.04529135597901135,0.3245382585751979
mobile_B,300,0,slideme,5.703782474656201,0.07969696969696971,0.14643578969043214,-0.47753965854644775,0.07541397971333935,0.08,-0.7316172899465758,-0.223215152986887,-0.9548324429334628,0.8898748057146507,0.0784593437945792,0.14179104477611937,0.8823056614218494,0.1383737517831669,0.09701492537313428,0.8995713302247678,0.12125534950071326,0.07960199004975121,0.9200910568413283,0.07275320970042798,0.08706467661691542,0.9265104576972485,0.059914407988587715,0.08706467661691542,0.9196315143256613,0.031383737517831634,0.12935323383084574,0.8926036720818163,0.1426533523537803,0.07213930348258701,0.8954567391288919,0.13694721825962908,0.07213930348258701,0.8999368350827887,0.11554921540656204,0.08457711442786064,0.9187354951348818,0.03566333808844513,0.12686567164179108,0.9213170949815828,0.08273894436519258,0.07462686567164178
mobile_B,300,1,1mobile,5.703782474656201,0.20030303030303032,0.11978141268322529,-0.48574158549308777,0.05624143181368709,0.03,-0.7121250000000001,-0.2257916666666666,-0.9379166666666667,0.9500707625707625,0.038961038961038974,0.0608974358974359,0.9224962537462538,0.01558441558441559,0.13942307692307687,0.9431360306360306,0.020779220779220786,0.09294871794871795,0.9498501498501499,0.023376623376623384,0.07692307692307687,0.9490488677988678,0.023376623376623384,0.07852564102564108,0.9524475524475524,0.018181818181818188,0.07692307692307687,0.9598797036297037,0.03376623376623378,0.04647435897435892,0.9577797202797202,0.036363636363636376,0.04807692307692313,0.9577797202797202,0.036363636363636376,0.04807692307692313,0.9538565601065601,0.023376623376623384,0.06891025641025639,0.9652951215451215,0.038961038961038974,0.03044871794871795
mobile_B,300,1,PlayDrone,5.703782474656201,0.07030303030303031,0.1369396182866407,-0.022003179416060448,0.08594746095157463,0.2,-0.52032,-0.37168,-0.892,0.8046363372935381,0.2823529411764706,0.10837438423645318,0.7521531601146205,0.4575163398692811,0.03817733990147787,0.8314441868701503,0.2496732026143791,0.08743842364532017,0.8369482275668888,0.25098039215686274,0.07512315270935965,0.8333293087349882,0.24836601307189543,0.08497536945812811,0.839083679448791,0.13464052287581696,0.18719211822660098,0.8412650117518272,0.1869281045751634,0.13054187192118227,0.8375599665153418,0.1660130718954248,0.15886699507389157,0.8375599665153418,0.1660130718954248,0.15886699507389157,0.8456300911169066,0.142483660130719,0.16625615763546797,0.8202871953379053,0.10326797385620912,0.2561576354679803
mobile_B,300,1,angeeks,5.703782474656201,0.08696969696969703,0.125745545155164,-0.4070337116718292,0.08823788566514847,0.11,-0.6150707070707072,-0.3045252525252523,-0.9195959595959595,0.8526708612994331,0.1357340720221607,0.15892420537897312,0.858295687745938,0.14404432132963985,0.13936430317848414,0.8183834634843447,0.2825484764542936,0.0806845965770171,0.8605713550379617,0.10526315789473684,0.17359413202933982,0.8670868072252436,0.07756232686980613,0.18826405867970664,0.8515262548340998,0.11357340720221609,0.18337408312958436,0.8518513501615317,0.10803324099722988,0.18826405867970664,0.8466362792839776,0.11357340720221609,0.1931540342298288,0.8641541764590346,0.08587257617728528,0.18581907090464544,0.8631788904767388,0.10249307479224379,0.17114914425427874,0.8381770279514253,0.21606648199445988,0.10757946210268954
mobile_B,300,1,anzhi,5.703782474656201,0.4603030303030303,0.2613436034742791,-0.09022296965122223,0.21320029672235247,0.29,-0.6305093555093556,-0.24007276507276498,-0.8705821205821206,0.7672767420751292,0.3882575757575758,0.07718894009216593,0.755550900712191,0.44886363636363635,0.04003456221198154,0.7574012009495881,0.45265151515151514,0.03254608294930872,0.7900476539589443,0.3352272727272727,0.08467741935483875,0.784291649211004,0.321969696969697,0.10944700460829493,0.7689917609272447,0.365530303030303,0.0964861751152074,0.7394218684541265,0.44886363636363635,0.07229262672811065,0.738130149420472,0.43560606060606055,0.08813364055299544,0.7529980100544617,0.4545454545454546,0.03945852534562211,0.7408881441139505,0.43181818181818177,0.08640552995391704,0.7724436182097472,0.3162878787878788,0.13882488479262678
mobile_B,300,1,appchina,5.703782474656201,0.38696969696969696,0.26703460552900926,-0.2727772295475006,0.07721632308326662,0.16,-0.5808139534883721,-0.286295681063123,-0.867109634551495,0.781085376718601,0.17525773195876293,0.26257151460403494,0.7778474021035415,0.14138438880706927,0.30292080698584767,0.7984052038196703,0.14874815905743743,0.2544414333032219,0.7940747481439796,0.1384388807069219,0.2734116230051189,0.7930729560936585,0.1296023564064801,0.28425173140620297,0.7255287124954378,0.026509572901325495,0.5224330021077989,0.724825152031589,0.030927835051546393,0.5194218608852755,0.7237548443231119,0.02945508100147276,0.5230352303523036,0.781085376718601,0.17525773195876293,0.26257151460403494,0.7303436559156952,0.03976435935198819,0.4995483288166215,0.802541642664013,0.12812960235640647,0.2667871123155676
mobile_B,300,1,play2013-2014,5.703782474656201,0.21303030303030301,0.06769320869329587,-0.5311250686645508,0.08078626756527228,0.1,-0.7154133333333333,-0.20298666666666665,-0.9184,0.8482652903681158,0.06922572178477693,0.23424369747899154,0.8560372968084872,0.04002624671916011,0.24789915966386555,0.8627326915017975,0.03608923884514437,0.23844537815126055,0.8767093451553849,0.13418635170603677,0.11239495798319332,0.8805415867134255,0.10236220472440949,0.13655462184873945,0.8822137122565561,0.09481627296587924,0.14075630252100846,0.8823763757471492,0.08923884514435698,0.14600840336134457,0.8825073336421183,0.0879265091863517,0.1470588235294118,0.8825073336421183,0.0879265091863517,0.1470588235294118,0.8672817552217738,0.10892388451443569,0.1565126050420168,0.8877470279450363,0.040682414698162694,0.18382352941176472
mobile_B,300,1,play2016-2016,5.703782474656201,0.2863636363636364,0.07907338612123171,-0.2116067111492157,0.06806832727572325,0.03,-0.5731211317418214,-0.0944297082228116,-0.667550839964633,0.6243175944478323,0.1231596828992072,0.6282051282051282,0.6479077736155878,0.08238958097395244,0.6217948717948718,0.6688324573375536,0.0319932049830125,0.6303418803418803,0.7508300181006863,0.06030577576443941,0.43803418803418803,0.7545614697370077,0.04643261608154026,0.4444444444444444,0.7186722614242433,0.02633069082672712,0.5363247863247863,0.7231647646426809,0.028029445073612713,0.5256410256410257,0.7220963885743048,0.028029445073612713,0.5277777777777778,0.7220963885743048,0.028029445073612713,0.5277777777777778,0.6850238599955474,0.01670441676104195,0.6132478632478633,0.713877273475235,0.08720271800679502,0.4850427350427351
mobile_B,300,1,play2017-2017,5.703782474656201,0.21303030303030301,0.12482340950475546,-0.2035207748413086,0.0396656125364825,0.13,-0.679989604989605,-0.18539501039501027,-0.8653846153846153,0.8251816464645212,0.009185936015204343,0.3404507710557533,0.8166025450983354,0.1248020272410516,0.24199288256227758,0.8376328413651563,0.07443775736458669,0.2502965599051008,0.8524236374683385,0.07095343680709532,0.2241992882562278,0.869422146872021,0.07728856509344317,0.1838671411625148,0.8677575787635678,0.08299018055115615,0.18149466192170816,0.8706391979111361,0.09027557808045616,0.16844602609727166,0.873331627432834,0.08489071903706047,0.16844602609727166,0.873331627432834,0.08489071903706047,0.16844602609727166,0.8714438644132247,0.06968641114982577,0.18742586002372474,0.8532070741514366,0.023123218245169497,0.2704626334519573
mobile_B,300,1,play2018-2018,5.703782474656201,0.0696969696969697,0.1394947377464021,-0.2681673765182495,0.06991547429817728,0.11,-0.6800374006545115,-0.24469378214118753,-0.924731182795699,0.8688736182861807,0.06476267095736121,0.19749009247027738,0.8759255264089203,0.057924376508447284,0.190224570673712,0.8699743663591409,0.13917940466613032,0.1208718626155878,0.8871415727280167,0.05068382944489136,0.17503302509907526,0.8868410788659559,0.0466613032984714,0.17965653896961686,0.8941613325242228,0.05711987127916329,0.15455746367239098,0.8863245801322279,0.04505229283990342,0.18229854689564073,0.864701775119002,0.03942075623491548,0.23117569352708056,0.8867839558064129,0.045454545454545414,0.1809775429326288,0.8865804383012506,0.05510860820595331,0.17173051519154559,0.880844220368542,0.02695092518101372,0.2113606340819022
mobile_B,300,1,play2019-2021,5.703782474656201,0.3496969696969697,0.29166481605863637,-0.40434640645980835,0.03356777450697337,0.02,-0.6619791666666666,-0.10104166666666681,-0.7630208333333334,0.7224163110120734,0.2907995618838992,0.26436781609195403,0.7359689541866525,0.26944140197152244,0.2586206896551724,0.7474679281388878,0.2521905805038335,0.25287356321839083,0.7656708338054412,0.23877327491785327,0.22988505747126442,0.7638248920446677,0.23384446878422782,0.2385057471264368,0.767724503027785,0.23466593647316536,0.22988505747126442,0.7703919124774963,0.23795180722891562,0.22126436781609193,0.7681336631793632,0.2395947426067908,0.22413793103448276,0.7671768579018268,0.23576122672508215,0.22988505747126442,0.773745452027546,0.23411829134720696,0.2183908045977011,0.7659525248328738,0.20947426067907993,0.2586206896551724
mobile_B,300,1,slideme,5.703782474656201,0.073030303030303,0.1387489687759339,-0.39753058552742004,0.12434084163047372,0.14,-0.6526194852941176,-0.2724724264705882,-0.9250919117647058,0.8646451329378159,0.10810810810810811,0.16260162601626016,0.8625172026969203,0.1692745376955903,0.10569105691056913,0.8981465419206112,0.09530583214793742,0.10840108401084014,0.8976743110247603,0.11522048364153625,0.08943089430894313,0.9028553585678105,0.096728307254623,0.09756097560975607,0.9027204354547103,0.10241820768136556,0.09214092140921404,0.905289757022748,0.05120910384068278,0.1382113821138211,0.9017027296873252,0.08819345661450928,0.10840108401084014,0.9035665961211532,0.09530583214793742,0.09756097560975607,0.9074234696827765,0.04694167852062592,0.1382113821138211,0.91799373185766,0.05832147937411092,0.10569105691056913
mobile_B,300,2,1mobile,5.703782474656201,0.21272727272727265,0.12021390597497628,-0.4880541265010834,0.07406583711039279,0.04,-0.8456773618538325,-0.12758467023172892,-0.9732620320855614,0.9372769378021479,0.058673469387755084,0.06677265500794916,0.9438025210084033,0.0535714285714286,0.05882352941176472,0.9388485123779242,0.0714285714285714,0.05087440381558028,0.9480913987216508,0.056122448979591844,0.04769475357710651,0.9472964861620323,0.056122448979591844,0.049284578696343395,0.9554301450309854,0.03826530612244894,0.05087440381558028,0.9541546348269037,0.04081632653061229,0.05087440381558028,0.9490708445540379,0.03826530612244894,0.06359300476947538,0.9490708445540379,0.03826530612244894,0.06359300476947538,0.9450962817559456,0.03826530612244894,0.07154213036565982,0.9391445767496187,0.08673469387755106,0.03497615262321141
mobile_B,300,2,PlayDrone,5.703782474656201,0.09272727272727266,0.11059175327527482,-0.24995309114456177,0.14243896104977466,0.2,-0.6041193778898697,-0.3206389239176125,-0.9247583018074822,0.8407413915735743,0.10580645161290325,0.21271076523994814,0.8474172628760304,0.1793548387096774,0.125810635538262,0.8384352119158194,0.21677419354838712,0.10635538261997401,0.830602903644199,0.19741935483870965,0.1413748378728924,0.8254650433036275,0.21677419354838712,0.13229571984435795,0.8202736287184637,0.2154838709677419,0.14396887159533078,0.8099711309150245,0.2438709677419355,0.13618677042801552,0.7990167775406887,0.2709677419354839,0.13099870298313876,0.8403673486465002,0.2116129032258065,0.1076523994811932,0.8125752060583239,0.24774193548387102,0.12710765239948119,0.8148813857160788,0.13677419354838705,0.2334630350194552
mobile_B,300,2,angeeks,5.703782474656201,0.07272727272727275,0.12237536837347451,-0.4314681589603424,0.051429867446422584,0.15,-0.6615846338535414,-0.22156862745098027,-0.8831532613045217,0.8454589501704572,0.201530612244898,0.10755148741418763,0.8505609909867837,0.19132653061224492,0.10755148741418763,0.8630738336524542,0.08163265306122447,0.19221967963386732,0.8731261383271844,0.15306122448979587,0.10068649885583525,0.8786601597160604,0.11224489795918369,0.13043478260869568,0.8724518983794891,0.09948979591836737,0.15560640732265452,0.8684006211180124,0.0892857142857143,0.17391304347826086,0.8652308177275487,0.08418367346938771,0.18535469107551483,0.8454589501704572,0.201530612244898,0.10755148741418763,0.8713077336197637,0.09948979591836737,0.1578947368421053,0.8736340073786952,0.07653061224489799,0.17620137299771166
mobile_B,300,2,anzhi,5.703782474656201,0.4093939393939394,0.22720388122451274,-0.3248203992843628,0.05499155424069613,0.13,-0.5984219269102989,-0.18646179401993357,-0.7848837209302325,0.8121592479181449,0.12909836065573765,0.2465831435079726,0.8327794167071212,0.15163934426229508,0.18280182232346243,0.8204936704133836,0.21721311475409832,0.14179954441913445,0.7901270585160014,0.2827868852459017,0.13695899772209563,0.7698943201762575,0.21106557377049184,0.2491457858769932,0.7489404010605325,0.22336065573770492,0.2787585421412301,0.7622110609059338,0.35655737704918034,0.11902050113895213,0.7524482803689458,0.3729508196721312,0.12215261958997725,0.8077761492214048,0.2622950819672131,0.12215261958997725,0.7605353075170842,0.25,0.22892938496583148,0.7695582359311401,0.235655737704918,0.22522779043280183
mobile_B,300,2,appchina,5.703782474656201,0.386060606060606,0.20984630953460826,-0.4959787428379059,0.10804650995962221,0.13,-0.7060855263157895,-0.18426535087719298,-0.8903508771929824,0.7669536523530707,0.36600306278713635,0.10008963250672243,0.7885995138157139,0.30627871362940273,0.11652225873916944,0.8013926210347682,0.2741194486983155,0.12309530923214818,0.8063029633632276,0.2879019908116386,0.09949208246190622,0.7990378803719451,0.30781010719754975,0.0941141320585599,0.8083394834623678,0.2679938744257274,0.11532715864953691,0.7961125846510166,0.1929555895865237,0.21481924111144313,0.7928086728029169,0.1699846860643185,0.24439796832984761,0.7995061747600535,0.2817764165390505,0.11921123394084254,0.7967039578768398,0.3032159264931087,0.10337615775321185,0.8037292887827594,0.2297090352220521,0.162832387212429
mobile_B,300,2,play2013-2014,5.703782474656201,0.13060606060606061,0.061221407980756926,-0.5702126622200012,0.03573246481595561,0.12,-0.7166100048567265,-0.1799417192812044,-0.8965517241379309,0.8553458000462608,0.05957867017774854,0.22972972972972971,0.8540113517072042,0.035220539828834774,0.2567567567567568,0.8753560239735355,0.04970375246872938,0.1995841995841996,0.8774261297302772,0.03620803159973662,0.20893970893970892,0.8828675994574612,0.1178406846609612,0.11642411642411643,0.8810137427648949,0.11323238973008554,0.12474012474012475,0.8766826024890542,0.11981566820276501,0.12681912681912677,0.876466011258638,0.11816984858459512,0.1288981288981289,0.876466011258638,0.11816984858459512,0.1288981288981289,0.8793843471262826,0.06451612903225812,0.17671517671517667,0.8837671545044816,0.040157998683344354,0.1923076923076923
mobile_B,300,2,play2016-2016,5.703782474656201,0.31727272727272726,0.0974494441967404,-0.26921209692955017,0.07600821439235003,0.08,-0.674113475177305,-0.08652482269503547,-0.7606382978723405,0.6636446593968153,0.4404526166902405,0.23225806451612907,0.7094918708460708,0.2885431400282885,0.2924731182795699,0.7368374625480981,0.1671852899575672,0.35913978494623655,0.7477909081230704,0.1861386138613862,0.3182795698924731,0.7513011208954997,0.1963224893917963,0.30107526881720426,0.7487566729023133,0.21216407355021216,0.29032258064516125,0.7437499049444114,0.22432814710042437,0.2881720430107527,0.7359994524798102,0.24413012729844408,0.28387096774193543,0.7375385925689344,0.12277227722772277,0.40215053763440856,0.7064561755714742,0.03224893917963223,0.5548387096774193,0.701840276193518,0.4070721357850071,0.18924731182795695
mobile_B,300,2,play2017-2017,5.703782474656201,0.26727272727272733,0.11880386146142563,-0.16658134758472443,0.06251276967660487,0.15,-0.6689701897018969,-0.28360433604336044,-0.9525745257452574,0.8133893274506069,0.08140639847956921,0.29181494661921703,0.8230163928020017,0.05384859043395629,0.30011862396204037,0.8305037554234673,0.032942667089008504,0.30604982206405695,0.8330378067380064,0.027874564459930307,0.30604982206405695,0.8501351381309719,0.06366803927779541,0.236061684460261,0.8599406842614897,0.12353500158378206,0.15658362989323849,0.8619932132214052,0.12891986062717775,0.14709371293001183,0.8566147419111572,0.1301868862844473,0.15658362989323849,0.8330378067380064,0.027874564459930307,0.30604982206405695,0.8659782193329628,0.08299018055115615,0.1850533807829181,0.8634112899801643,0.019322141273360738,0.25385527876631075
mobile_B,300,2,play2018-2018,5.703782474656201,0.08393939393939398,0.12535125452310303,-0.2295341044664383,0.10584945184291428,0.18,-0.7021978021978021,-0.22747252747252755,-0.9296703296703297,0.8195856052521509,0.2836406433895645,0.07718814610613367,0.8521740258946698,0.20674774421341702,0.0889042039972433,0.8747904274023759,0.1408395449195763,0.10957960027567193,0.878130340704683,0.1369164378187524,0.10682288077188151,0.8762589564318815,0.13652412710867,0.11095796002756719,0.8794876113901507,0.12593173793644563,0.11509303928325287,0.8788991453250272,0.1271086700666928,0.11509303928325287,0.8774677925344164,0.12514711651628085,0.1199172984148863,0.8774677925344164,0.12514711651628085,0.1199172984148863,0.8733801636781928,0.14986269125147111,0.10337698139214335,0.8774306162955217,0.13142408787759907,0.11371467953135772
mobile_B,300,2,play2019-2021,5.703782474656201,0.3106060606060606,0.2592848786507007,-0.45767679810523987,0.06674472210008163,0.04,-0.8130857648099028,-0.1197170645446507,-0.9328028293545535,0.8221526418786693,0.027123287671232843,0.3285714285714286,0.8227201565557729,0.020273972602739776,0.3342857142857143,0.8048727984344423,0.20739726027397265,0.18285714285714283,0.8374559686888454,0.1279452054794521,0.19714285714285718,0.7996281800391389,0.22931506849315064,0.17142857142857137,0.8178082191780822,0.12438356164383557,0.24,0.8167906066536204,0.12356164383561641,0.24285714285714288,0.8167318982387476,0.12082191780821916,0.24571428571428566,0.8052054794520548,0.20958904109589038,0.18000000000000005,0.8417025440313112,0.07945205479452055,0.2371428571428571,0.8209980430528376,0.026575342465753438,0.3314285714285714
mobile_B,300,2,slideme,5.703782474656201,0.06393939393939396,0.12415836743524544,-0.44242972135543823,0.06019325410481542,0.12,-0.7334670231729056,-0.2117201426024955,-0.9451871657754011,0.9118479113174767,0.06231454005934722,0.11398963730569944,0.9279569809812273,0.053412462908011826,0.09067357512953367,0.9240479082424932,0.0741839762611276,0.07772020725388606,0.922787165018988,0.04302670623145399,0.1113989637305699,0.9148268015559416,0.04599406528189909,0.12435233160621761,0.9149920819175597,0.06379821958456977,0.10621761658031093,0.9049830107163175,0.07863501483679525,0.1113989637305699,0.9042757645177657,0.04896142433234418,0.1424870466321243,0.9042757645177657,0.04896142433234418,0.1424870466321243,0.9111291339309051,0.04302670623145399,0.13471502590673579,0.9114827570301809,0.05786350148367958,0.11917098445595853
mobile_B,300,3,1mobile,5.703782474656201,0.16848484848484846,0.10903643484062653,-0.49504992365837097,0.04548511576838792,0.09,-0.7730467135179827,-0.19594873914840838,-0.9689954526663911,0.9117672500226082,0.06443914081145585,0.11202635914332781,0.9309979436408173,0.05727923627684961,0.0807248764415156,0.9379042436490742,0.02863961813842486,0.09555189456342672,0.940766632721668,0.07398568019093077,0.04448105436573313,0.9403125036861123,0.0715990453460621,0.047775947281713305,0.939119186263678,0.07398568019093077,0.047775947281713305,0.9358242933476977,0.07398568019093077,0.054365733113673764,0.9354546991542584,0.07637231503579955,0.05271828665568368,0.9358242933476977,0.07398568019093077,0.054365733113673764,0.9335221933449454,0.08353221957040569,0.0494233937397035,0.951537944348551,0.031026252983293534,0.0658978583196046
mobile_B,300,3,PlayDrone,5.703782474656201,0.10515151515151511,0.11066725631321772,-0.07820554822683334,0.11416767756221814,0.16,-0.5743589743589743,-0.34190705128205134,-0.9162660256410257,0.8310886171847051,0.2066752246469833,0.1311475409836066,0.8288344581195861,0.24775353016688062,0.09457755359394704,0.8492756743456463,0.14634146341463417,0.15510718789407318,0.816492836063955,0.0744544287548139,0.2925598991172762,0.8353063632846457,0.08600770218228493,0.2433795712484237,0.8299449450988835,0.12195121951219512,0.21815889029003788,0.8117619349021525,0.11039794608472397,0.26607818411097095,0.8035425505910996,0.1129653401797176,0.27994955863808324,0.816492836063955,0.0744544287548139,0.2925598991172762,0.8161868855696588,0.10911424903722722,0.2585119798234552,0.8114033738731228,0.07958921694480103,0.2976040353089533
mobile_B,300,3,angeeks,5.703782474656201,0.05848484848484847,0.12250272563916265,-0.3968013823032379,0.08582544539356603,0.12,-0.6621848739495799,-0.2817927170868346,-0.9439775910364145,0.8560039129371484,0.1816091954022988,0.1063829787234043,0.8558408738892965,0.1701149425287356,0.11820330969267134,0.8619466862313524,0.1839080459770115,0.09219858156028371,0.8354283850982309,0.06436781609195408,0.264775413711584,0.8343115676204451,0.06896551724137934,0.26241134751773054,0.8212928996494661,0.23448275862068968,0.1229314420803782,0.8433357789190511,0.1218390804597701,0.19148936170212771,0.8386728621504851,0.12643678160919536,0.19621749408983447,0.8581397244640092,0.16551724137931034,0.11820330969267134,0.8088448683459688,0.27356321839080455,0.10874704491725773,0.8456998451129045,0.1218390804597701,0.18676122931442085
mobile_B,300,3,anzhi,5.703782474656201,0.4484848484848485,0.2577666325538428,-0.06959059834480286,0.06309036303311585,0.01,-0.5980496453900709,-0.23351063829787244,-0.8315602836879433,0.7458210227836053,0.4655172413793104,0.04284071305347903,0.7640202565000804,0.4291187739463601,0.04284071305347903,0.7903103029662091,0.36590038314176243,0.053479010925819415,0.7894945569193552,0.3620689655172413,0.05894192064404835,0.7803472952042285,0.38122605363984674,0.05807935595169633,0.7852268996803113,0.3524904214559387,0.07705577918343876,0.7785654326373328,0.3505747126436781,0.09229442208165617,0.7731994650556646,0.3544061302681992,0.09919493962047155,0.7731994650556646,0.3544061302681992,0.09919493962047155,0.7695184179043313,0.38505747126436785,0.07590569292696947,0.7911365143573508,0.23946360153256707,0.1782633697527315
mobile_B,300,3,appchina,5.703782474656201,0.38848484848484843,0.2558757575392424,-0.3685879409313202,0.06945257207378742,0.13,-0.6728219696969696,-0.2031250000000001,-0.8759469696969697,0.7686070498585293,0.23909774436090225,0.22368815592203894,0.7815366752713868,0.21503759398496236,0.2218890554722639,0.80348660256338,0.17443609022556394,0.21859070464767616,0.8114641927156723,0.1533834586466165,0.22368815592203894,0.8089109580548073,0.15639097744360897,0.22578710644677658,0.8044334975369458,0.1428571428571429,0.24827586206896557,0.805006143544769,0.16090225563909777,0.2290854572713643,0.8026095974569106,0.15939849624060154,0.2353823088455772,0.8114641927156723,0.1533834586466165,0.22368815592203894,0.7909763163531016,0.11879699248120301,0.29925037481259376,0.7903089808479219,0.16390977443609023,0.255472263868066
mobile_B,300,3,play2013-2014,5.703782474656201,0.22151515151515153,0.07024450425193307,-0.4881724715232849,0.12351099683903156,0.14,-0.6848533333333334,-0.18767999999999996,-0.8725333333333334,0.8220492099138349,0.06028486253726395,0.29561671763506625,0.8451926450185185,0.10268300761841664,0.2069317023445464,0.8603280143190983,0.07750910897648233,0.2018348623853211,0.8736218357470307,0.12023848956608152,0.13251783893985725,0.8690242126066006,0.14574362371646243,0.11620795107033643,0.8698126273998958,0.12785690626035107,0.13251783893985725,0.866003419052761,0.13547532295462072,0.13251783893985725,0.8502975885987455,0.05067903279231534,0.24872579001019368,0.8702966499293128,0.1258694932096721,0.13353720693170235,0.847765544686574,0.09142100033123546,0.21304791029561676,0.8927973665932951,0.1053328916859887,0.10907237512742096
mobile_B,300,3,play2016-2016,5.703782474656201,0.3015151515151515,0.08102669133081175,-0.3446454405784607,0.12168200285828788,0.16,-0.6779356060606061,-0.093844696969697,-0.7717803030303031,0.6688774256939327,0.3861581920903955,0.2760869565217391,0.7088061901252763,0.30847457627118646,0.27391304347826084,0.7376197494473102,0.35084745762711866,0.17391304347826086,0.7549864898059444,0.08785310734463281,0.40217391304347827,0.7710759027266028,0.19915254237288138,0.258695652173913,0.7839535740604274,0.18644067796610164,0.2456521739130435,0.7863976909850159,0.17937853107344637,0.24782608695652175,0.7877118644067796,0.1745762711864407,0.25,0.7877118644067796,0.1745762711864407,0.25,0.7632584131662983,0.18870056497175136,0.2847826086956522,0.7336219602063375,0.11101694915254234,0.4217391304347826
mobile_B,300,3,play2017-2017,5.703782474656201,0.23151515151515153,0.11420888464608137,-0.06881874799728394,0.04123591637846403,0.1,-0.6434048083170889,-0.2571799870045486,-0.9005847953216375,0.8466733869520203,0.1173436492585429,0.18930957683741645,0.8575166678872314,0.1012250161186331,0.1837416481069042,0.8705128094669866,0.120889748549323,0.13808463251670378,0.894617166308395,0.08381689232753065,0.12694877505567925,0.9024417036784946,0.07930367504835589,0.11581291759465484,0.8961841559221079,0.1118633139909736,0.09576837416481065,0.8968583383950868,0.10606060606060608,0.10022271714922049,0.8935466593145596,0.1137975499677627,0.09910913140311806,0.9006682950435023,0.09509993552546747,0.10356347438752789,0.8791727156414642,0.11025145067698261,0.13140311804008908,0.8708800558300629,0.08897485493230173,0.16926503340757237
mobile_B,300,3,play2018-2018,5.703782474656201,0.051515151515151514,0.1501242468708175,-0.3265625834465027,0.10926599551814437,0.18,-0.6405438311688312,-0.25474837662337657,-0.8952922077922078,0.8784691608860156,0.09336511720301943,0.14969656102494944,0.8907671930669157,0.06674612634088195,0.15171948752528663,0.8928375381860529,0.05721096543504167,0.15711395819285234,0.8852249745560264,0.10210568136670639,0.12744436952124072,0.8844084098661804,0.13071116408422723,0.10047201618341195,0.8869818745678408,0.08780294000794597,0.13823331085637225,0.8896299499211162,0.0750893921334923,0.14565070802427516,0.8893347221362704,0.07230830353595552,0.14902225219150367,0.8893347221362704,0.07230830353595552,0.14902225219150367,0.8776433535840305,0.15772745331744142,0.08698583951449768,0.8603501583701497,0.13230035756853398,0.14699932569116658
mobile_B,300,3,play2019-2021,5.703782474656201,0.32151515151515153,0.27284564034412284,-0.40751662850379944,0.05603952640705413,0.03,-0.7198369565217391,0.05951086956521734,-0.6603260869565217,0.6363222203512204,0.004666483667307153,0.7226890756302521,0.7701674136577497,0.10952511666209164,0.35014005602240894,0.7836055641032147,0.02662640680757622,0.4061624649859944,0.8095545657186838,0.13999451001921492,0.2408963585434174,0.7919989296844183,0.2311281910513313,0.18487394957983194,0.8082101355502398,0.14548449080428216,0.23809523809523814,0.8163047815887265,0.11528959648641235,0.25210084033613445,0.8180328952882279,0.1062311281910513,0.25770308123249297,0.8180328952882279,0.1062311281910513,0.25770308123249297,0.829377702220059,0.1199560801537195,0.22128851540616246,0.805287143679871,0.21575624485314304,0.1736694677871149
mobile_B,300,3,slideme,5.703782474656201,0.041515151515151505,0.1404705381159197,-0.45217350125312805,0.04655499160289764,0.15,-0.7025217031831336,-0.24745762711864405,-0.9499793303017776,0.8907844778909246,0.09895052473763122,0.11948051948051952,0.9013318016316516,0.06746626686656676,0.1298701298701299,0.9164099768297669,0.09445277361319337,0.07272727272727275,0.9256157635467981,0.03448275862068961,0.11428571428571432,0.9261122685410541,0.046476761619190454,0.10129870129870133,0.9113826203781226,0.02398800599700146,0.1532467532467533,0.8989446835024046,0.025487256371814038,0.17662337662337657,0.9044880157323936,0.02998500749625188,0.1610389610389611,0.9293113183667906,0.03748125937031488,0.10389610389610393,0.8985961564672209,0.020989505247376306,0.18181818181818177,0.9261220039330984,0.007496251874062998,0.1402597402597403
mobile_B,300,4,1mobile,5.703782474656201,0.22060606060606064,0.1348215653617676,-0.4915986955165863,0.059400647261645644,0.02,-0.7716748768472906,-0.18850574712643675,-0.9601806239737274,0.9251466310619427,0.07462686567164178,0.07507987220447288,0.9373221750671563,0.04228855721393032,0.08306709265175716,0.947717482873174,0.01990049751243783,0.0846645367412141,0.9447053868039992,0.00995024875621886,0.10063897763578278,0.9415104986250855,0.00995024875621886,0.10702875399361023,0.9438947435347225,0.03233830845771146,0.07987220447284349,0.9438947435347225,0.03233830845771146,0.07987220447284349,0.9454921876241794,0.03233830845771146,0.07667731629392971,0.9447053868039992,0.00995024875621886,0.10063897763578278,0.9451385246292499,0.02985074626865669,0.07987220447284349,0.9493944017929521,0.03731343283582089,0.06389776357827481
mobile_B,300,4,PlayDrone,5.703782474656201,0.053939393939393954,0.11153776344772415,-0.08616704493761063,0.07800515138893388,0.09,-0.6005202080832333,-0.3342537014805923,-0.9347739095638256,0.8444714298564482,0.09103078982597057,0.22002635046113306,0.8402040308797774,0.214190093708166,0.1054018445322793,0.8348863173378627,0.0535475234270415,0.27667984189723316,0.8302855691540867,0.052208835341365445,0.2872200263504612,0.8341111481499119,0.06827309236947787,0.26350461133069825,0.8381404405500792,0.14190093708165996,0.18181818181818177,0.8308411511659286,0.14859437751004012,0.18972332015810278,0.8248593848384315,0.1552878179384204,0.19499341238471668,0.8302855691540867,0.052208835341365445,0.2872200263504612,0.8398812641871836,0.08835341365461846,0.23188405797101452,0.7677481996497189,0.12985274431057559,0.3346508563899868
mobile_B,300,4,angeeks,5.703782474656201,0.09060606060606063,0.12248136646870023,-0.43130528926849365,0.048377688582986585,0.07,-0.6389401846647933,-0.2803693295865114,-0.9193095142513047,0.8483649879930601,0.19630484988452657,0.10696517412935325,0.8564481288706582,0.18013856812933027,0.10696517412935325,0.8693283007594821,0.15935334872979212,0.10199004975124382,0.8613342065653258,0.1778290993071594,0.09950248756218905,0.8709253961141177,0.1362586605080831,0.12189054726368154,0.8518291912263165,0.18937644341801385,0.10696517412935325,0.8599065871565957,0.10854503464203236,0.17164179104477617,0.858398538485402,0.13394919168591224,0.14925373134328357,0.8613342065653258,0.1778290993071594,0.09950248756218905,0.8620437075592017,0.16397228637413397,0.11194029850746268,0.8626641618696356,0.14780600461893767,0.12686567164179108
mobile_B,300,4,anzhi,5.703782474656201,0.4272727272727273,0.24008259415063926,-0.30826011300086975,0.05341223295778035,0.13,-0.664,-0.24972549019607837,-0.9137254901960784,0.8240203834835216,0.22735674676524953,0.12460248626770742,0.8318522924204799,0.22181146025878007,0.1144839549002602,0.8300698598154563,0.24214417744916816,0.09771610291991906,0.8135205702501818,0.2162661737523105,0.15669268574732587,0.7850679119914883,0.3234750462107209,0.10638912980630244,0.7763687003658917,0.32902033271719033,0.11824226655102632,0.7618043743477194,0.3419593345656192,0.13443191673894184,0.7568896591121022,0.3419593345656192,0.14426134721017636,0.8054097136832362,0.3012939001848429,0.08788667244868464,0.7648046645173805,0.32902033271719033,0.14137033824804857,0.7862665317885407,0.232902033271719,0.1945649031511998
mobile_B,300,4,appchina,5.703782474656201,0.423939393939394,0.23482596796431054,-0.4601900279521942,0.09634464579285122,0.15,-0.7107862248213126,-0.1599090318388564,-0.870695256660169,0.7816053573138907,0.16208393632416784,0.2747053490480508,0.7745507472275541,0.3560057887120116,0.09489271683288003,0.7485995086854733,0.4399421128798843,0.06285886974916899,0.7839893305063286,0.33863965267727936,0.0933816863100635,0.7862259180877132,0.26193921852387847,0.16560894530069503,0.7858130634383533,0.27062228654124454,0.1577515865820489,0.7837848712387695,0.26772793053545585,0.16470232698700515,0.7850022239045467,0.27496382054992763,0.15503173164097916,0.7850022239045467,0.27496382054992763,0.15503173164097916,0.772230845228052,0.2850940665701881,0.17044424297370808,0.7611708015546776,0.41389290882778584,0.06376548806285887
mobile_B,300,4,play2013-2014,5.703782474656201,0.17939393939393938,0.06851683134710906,-0.5329012274742126,0.09065199185628446,0.11,-0.6596966911764706,-0.17945772058823528,-0.8391544117647058,0.8309857892944823,0.19298245614035092,0.14504596527068436,0.8586633436560354,0.1284342932803707,0.1542390194075587,0.8782779988497271,0.05958291956305861,0.18386108273748725,0.878410202467643,0.045018205892088714,0.19816138917262516,0.8794081538187404,0.05527970870572663,0.18590398365679262,0.8658927852326868,0.05064548162859983,0.21756894790602654,0.8617834842855205,0.06090698444223763,0.21552604698672118,0.8592156572362546,0.05991393578285331,0.2216547497446374,0.8767742249605164,0.061569016881827254,0.18488253319714,0.8522261094368702,0.047335319430652056,0.24821246169560773,0.853585000333045,0.16617014233697447,0.1266598569969356
mobile_B,300,4,play2016-2016,5.703782474656201,0.31272727272727274,0.08266809534751551,-0.18657758831977844,0.09148274771469002,0.1,-0.6233876683203403,-0.18171509567682476,-0.8051027639971651,0.7035562948002059,0.37358916478555304,0.2192982456140351,0.7261321333808561,0.40519187358916475,0.14254385964912286,0.7646207080907688,0.23391647855530473,0.23684210526315785,0.7825977189022217,0.16506772009029347,0.26973684210526316,0.7874836640133065,0.1684537246049661,0.256578947368421,0.7911444101223715,0.18086907449209932,0.23684210526315785,0.7920032869985347,0.18792325056433412,0.22807017543859653,0.7893870539780603,0.18876975169300225,0.23245614035087714,0.7825977189022217,0.16506772009029347,0.26973684210526316,0.7694893271553602,0.20005643340857793,0.26096491228070173,0.7420671458556096,0.14305869074492095,0.3728070175438597
mobile_B,300,4,play2017-2017,5.703782474656201,0.24606060606060606,0.10959052599034513,-0.0538875013589859,0.028688681666208145,0.07,-0.6547497446373851,-0.23237997957099088,-0.887129724208376,0.8426872566430892,0.10487491982039765,0.20975056689342408,0.8515226488286142,0.1064785118665812,0.19047619047619047,0.858438094074491,0.12892880051314948,0.1541950113378685,0.8740016639540144,0.1318152661962797,0.1201814058956916,0.8720253549356454,0.1414368184733804,0.11451247165532885,0.8715373684218182,0.1571520205259782,0.09977324263038545,0.863937214826063,0.17575368826170623,0.09637188208616776,0.8694526987617797,0.1613213598460551,0.09977324263038545,0.8520149988582134,0.10776138550352787,0.1882086167800453,0.8748398226085388,0.1051956382296344,0.14512471655328796,0.8873929302317463,0.08915971776779985,0.13605442176870752
mobile_B,300,4,play2018-2018,5.703782474656201,0.05606060606060603,0.12101587596767449,-0.2390410602092743,0.08505594197260509,0.13,-0.660018091361375,-0.31962912709181357,-0.9796472184531886,0.8420239505726583,0.03379721669980118,0.28215488215488216,0.8239318298960445,0.02823061630218693,0.3239057239057239,0.8791962032518692,0.06719681908548703,0.17441077441077446,0.8592184268128602,0.053280318091451284,0.2282828282828283,0.8400519442268946,0.03976143141153077,0.2801346801346801,0.8592057085098834,0.06003976143141154,0.2215488215488215,0.8374868633317938,0.055666003976143186,0.26936026936026936,0.8384199851396671,0.05447316103379718,0.26868686868686864,0.8420239505726583,0.03379721669980118,0.28215488215488216,0.8349472190426465,0.058051689860834976,0.2720538720538721,0.8411450488985279,0.016699801192842978,0.30101010101010106
mobile_B,300,4,play2019-2021,5.703782474656201,0.33606060606060606,0.26937488141493593,-0.3950366973876953,0.05540111053371901,0.05,-0.7283963227783452,-0.11940755873340148,-0.8478038815117467,0.7525838248578565,0.13507625272331159,0.3597560975609756,0.7751341729103566,0.08387799564270149,0.36585365853658536,0.7866351825282958,0.021241830065359513,0.4054878048780488,0.7850676178330411,0.2194989106753813,0.21036585365853655,0.8129815611881609,0.03867102396514166,0.33536585365853655,0.8107796641691907,0.02478213507625271,0.35365853658536583,0.8143731069663638,0.023692810457516367,0.3475609756097561,0.7718828046123598,0.014161220043573008,0.44207317073170727,0.7718828046123598,0.014161220043573008,0.44207317073170727,0.822729023858866,0.028322440087146017,0.3262195121951219,0.799866491311972,0.13807189542483655,0.2621951219512195
mobile_B,300,4,slideme,5.703782474656201,0.08606060606060606,0.1379777242875867,-0.46402624249458313,0.0966920930892229,0.11,-0.7213464696223317,-0.24827586206896546,-0.9696223316912972,0.9040907164052565,0.04896142433234418,0.1428571428571429,0.8975018637353642,0.017804154302670572,0.18719211822660098,0.9186168890967827,0.05192878338278928,0.11083743842364535,0.9240473023344199,0.04599406528189909,0.10591133004926112,0.9218656356433907,0.028189910979228516,0.1280788177339901,0.9201298036865416,0.03412462908011871,0.12561576354679804,0.9179042843987077,0.03857566765578635,0.12561576354679804,0.9070142228588969,0.06528189910979232,0.12068965517241381,0.9240473023344199,0.04599406528189909,0.10591133004926112,0.9203673385858999,0.03857566765578635,0.12068965517241381,0.9247891420970311,0.04451038575667654,0.10591133004926112
mobile_B,1000,0,1mobile,6.907755278982137,0.17736363636363633,0.11003809906723694,-0.510466992855072,0.05655394167067377,0.06006006006006006,-0.87664517131536,-0.10719446818429046,-0.9838396394996505,0.9595361855257897,0.02682926829268295,0.0540983606557377,0.9578968412634946,0.02682926829268295,0.05737704918032782,0.9578768492602958,0.02195121951219514,0.06229508196721312,0.9611155537784886,0.012195121951219523,0.06557377049180324,0.9582766893242702,0.019512195121951237,0.06393442622950818,0.9611355457816873,0.017073170731707332,0.060655737704918056,0.9598760495801679,0.009756097560975618,0.07049180327868854,0.958656537385046,0.012195121951219523,0.07049180327868854,0.958656537385046,0.012195121951219523,0.07049180327868854,0.9583166733306677,0.029268292682926855,0.0540983606557377,0.9574170331867253,0.009756097560975618,0.07540983606557372
mobile_B,1000,0,PlayDrone,6.907755278982137,0.05636363636363634,0.10589609269124745,-0.1263335645198822,0.029430641821168405,0.13813813813813813,-0.6600281364980882,-0.29693745040040387,-0.9569655868984921,0.8717302061637839,0.10617283950617284,0.15036674816625917,0.876111563886625,0.08518518518518514,0.1625916870415648,0.8748407739442784,0.09506172839506177,0.15525672371638144,0.8766684777687223,0.09629629629629632,0.15036674816625917,0.8748769959853904,0.08765432098765435,0.1625916870415648,0.8680929095354524,0.09999999999999998,0.1638141809290954,0.8533505388028615,0.11481481481481481,0.1784841075794621,0.8293307977904555,0.1518518518518519,0.18948655256723712,0.8765417006248302,0.12222222222222223,0.12469437652811732,0.8564973286244679,0.09629629629629632,0.19070904645476772,0.8366355760813788,0.15802469135802466,0.16870415647921755
mobile_B,1000,0,angeeks,6.907755278982137,0.08736363636363637,0.12274741123408084,-0.4633508026599884,0.040258928230934285,0.08108108108108109,-0.7822555034283653,-0.1876470588235295,-0.9699025622518948,0.9112968132360733,0.10613207547169812,0.07127429805615548,0.9123767268429847,0.10613207547169812,0.06911447084233258,0.91973745873915,0.11084905660377353,0.049676025917926525,0.9113961449121806,0.10377358490566035,0.07343412526997839,0.9050287297770896,0.07547169811320753,0.1144708423326134,0.9027695708871593,0.0778301886792453,0.1166306695464363,0.8868688618118097,0.07075471698113212,0.1555075593952484,0.8754737356860508,0.08490566037735847,0.16414686825053992,0.91973745873915,0.11084905660377353,0.049676025917926525,0.871849402991157,0.06839622641509435,0.1879049676025918,0.8729038469375281,0.12028301886792447,0.13390928725701945
mobile_B,1000,0,anzhi,6.907755278982137,0.42136363636363633,0.22252238723539464,-0.11340334266424179,0.14565758170634205,0.15615615615615616,-0.6649687778768956,-0.22602140945584315,-0.8909901873327387,0.8371058826585264,0.26824457593688367,0.0575436587460636,0.8382194086679982,0.26429980276134124,0.05926137990266245,0.8544445893759907,0.21696252465483234,0.07414829659318634,0.8581838232678374,0.18343195266272194,0.1002004008016032,0.8568147848246508,0.2090729783037475,0.07729745204695104,0.8163317336278644,0.3195266272189349,0.04780990552533637,0.8079345504195203,0.3076923076923077,0.07643859146865162,0.7637498157769469,0.33136094674556216,0.14113942170054394,0.8551286850963127,0.21301775147928992,0.07672487832808472,0.8084814317279247,0.17948717948717952,0.2035499570569711,0.7940329800203394,0.3234714003944773,0.08846263956484401
mobile_B,1000,0,appchina,6.907755278982137,0.42036363636363633,0.26418907621408894,-0.35151392221450806,0.0812897986377409,0.12912912912912913,-0.7192000952267587,-0.1733722175931437,-0.8925723128199023,0.8364059035333855,0.17507886435331232,0.15210932857991677,0.8380047459190157,0.1813880126182965,0.142602495543672,0.8300316207163488,0.24605678233438488,0.09387997623291744,0.8375024132585832,0.17823343848580442,0.14676173499702916,0.8386959219210101,0.2239747634069401,0.09863339275103977,0.8367189242583564,0.22555205047318616,0.101010101010101,0.8298212220554029,0.1971608832807571,0.14319667260843727,0.8166654483225275,0.22555205047318616,0.1411170528817588,0.8245949942925264,0.22870662460567825,0.12210338680926913,0.8165089379600421,0.2003154574132492,0.16666666666666663,0.8106290217071438,0.24921135646687698,0.12953060011883544
mobile_B,1000,0,play2013-2014,6.907755278982137,0.17663636363636365,0.06233964493652877,-0.5383938550949097,0.07970338100989052,0.08108108108108109,-0.7771611201298703,-0.17565949675324655,-0.9528206168831168,0.906541434856123,0.056124133377352226,0.1307929969104017,0.9105673987703486,0.06866952789699576,0.11019567456230694,0.9110034513605011,0.06470782436447675,0.11328527291452106,0.9149578448495984,0.06503796632551995,0.10504634397528323,0.9188998282649798,0.056124133377352226,0.10607621009268797,0.9199961647772188,0.05084186200066032,0.1091658084449022,0.9033341958051231,0.11918124793661278,0.07415036045314105,0.9050484859880068,0.06734896005282276,0.12255406797116375,0.9163916333663022,0.05084186200066032,0.11637487126673529,0.8970929487321155,0.07296137339055797,0.13285272914521107,0.9147482336045076,0.0458897325850115,0.12461380020597324
mobile_B,1000,0,play2016-2016,6.907755278982137,0.3406363636363636,0.08382367269335644,-0.3462081551551819,0.11323053900850502,0.11711711711711711,-0.7193096836049856,-0.13150527325023964,-0.8508149568552252,0.7769736462169468,0.16840033736294635,0.27765237020316025,0.7778088035482764,0.16221535001405674,0.28216704288939054,0.7848289482284956,0.14366038796738823,0.2866817155756207,0.8025858780987605,0.13297722800112455,0.2618510158013544,0.8103088622504444,0.11301658701152661,0.2663656884875847,0.816043270795957,0.08574641551869555,0.28216704288939054,0.8050583499550373,0.09642957548495923,0.2934537246049661,0.8034626029112468,0.07253303345515882,0.32054176072234764,0.8108546337587601,0.10289569862243464,0.27539503386004516,0.8085227297967763,0.13916221535001405,0.24379232505643345,0.8172750643978649,0.1419735732358729,0.2234762979683973
mobile_B,1000,0,play2017-2017,6.907755278982137,0.20163636363636364,0.11732887927626712,-0.1374422162771225,0.03505220986228399,0.042042042042042045,-0.7303604341593283,-0.2292955150522219,-0.9596559492115502,0.8946690329389422,0.04067365745154117,0.16998827667057448,0.8955729623590603,0.04003813155386082,0.16881594372801878,0.8906277066194903,0.12964728312678742,0.08909730363423207,0.9010922775407904,0.10168414362885292,0.09613130128956626,0.9046092763684574,0.10168414362885292,0.08909730363423207,0.9058201655422031,0.09691769939625039,0.09144196951934347,0.9046046198187969,0.08293612964728314,0.10785463071512313,0.8871893103500943,0.08611375913568475,0.13950762016412666,0.9058201655422031,0.09691769939625039,0.09144196951934347,0.9032517990113959,0.07626310772163969,0.11723329425556861,0.9065328039022631,0.08611375913568475,0.10082063305978894
mobile_B,1000,0,play2018-2018,6.907755278982137,0.05863636363636365,0.14069006960769592,-0.26112714409828186,0.11223254434708897,0.0960960960960961,-0.649,-0.30132921810699587,-0.9503292181069959,0.8907761525582784,0.10741181133571143,0.11103588354773186,0.8921880782112621,0.10661910424098298,0.1090047393364929,0.8961100193722157,0.10622275069361875,0.10155721056194988,0.9079525910707476,0.04597701149425293,0.13811780636425186,0.9143429534269822,0.053507728894173656,0.11780636425186186,0.9174228110187896,0.050733254062623856,0.11442112389979686,0.8985622053680278,0.10741181133571143,0.0954637779282329,0.8880672894006152,0.12366230677764567,0.10020311442112395,0.91667169823675,0.04478795085216014,0.12186865267433988,0.9021872168064637,0.09948474038842647,0.09614082599864593,0.9136412171193604,0.05152596115735231,0.12119160460392686
mobile_B,1000,0,play2019-2021,6.907755278982137,0.32163636363636366,0.2610701509272675,-0.37912729382514954,0.01689719680299484,0.03903903903903904,-0.7497575757575757,-0.15276767676767689,-0.9025252525252526,0.8387553839775161,0.04280585473626075,0.27968337730870707,0.8436181786252722,0.04363435515051095,0.2691292875989446,0.8435267302506122,0.03590168461750898,0.2770448548812665,0.8446463352519276,0.03893951946975971,0.27176781002638517,0.8470385664392481,0.04998619165976248,0.25593667546174137,0.8406437382638217,0.023198011599005808,0.29551451187335087,0.8349655593033601,0.05302402651201321,0.2770448548812665,0.8038895070458969,0.2101629384148025,0.1820580474934037,0.8438028970553624,0.035349351008008845,0.2770448548812665,0.8402724797228713,0.06351836509251585,0.25593667546174137,0.8400261884827512,0.07456503728251862,0.2453825857519789
mobile_B,1000,0,slideme,6.907755278982137,0.06363636363636366,0.13790622719987733,-0.46155935525894165,0.07657924182828399,0.07507507507507508,-0.8123484600262124,-0.15226490825688077,-0.9646133682830932,0.9170374944109694,0.09129814550641935,0.07462686567164178,0.9222131141723622,0.0784593437945792,0.07711442786069655,0.9207688376945515,0.09129814550641935,0.06716417910447758,0.9351051447470209,0.022824536376604865,0.10696517412935325,0.939184249934351,0.02710413694721825,0.09452736318407962,0.9370444496490444,0.031383737517831634,0.09452736318407962,0.9396792783585639,0.04850213980028528,0.07213930348258701,0.9353996777879504,0.05706134094151216,0.07213930348258701,0.93989751669612,0.025677603423680417,0.09452736318407962,0.933112610982179,0.0442225392296719,0.08955223880597019,0.9478907175960426,0.02710413694721825,0.07711442786069655
mobile_B,1000,1,1mobile,6.907755278982137,0.16272727272727272,0.11211499197127461,-0.4818772077560425,0.04256604514716105,0.04504504504504504,-0.8611190279756995,-0.11394284857121417,-0.9750618765469137,0.9638861138861139,0.03376623376623378,0.038461538461538436,0.9638861138861139,0.03376623376623378,0.038461538461538436,0.965488677988678,0.03376623376623378,0.03525641025641024,0.9693015318015318,0.038961038961038974,0.022435897435897467,0.9710976523476523,0.03376623376623378,0.024038461538461564,0.967478354978355,0.023376623376623384,0.04166666666666663,0.97258991008991,0.025974025974025983,0.028846153846153855,0.9668976856476856,0.038961038961038974,0.027243589743589758,0.9668976856476856,0.038961038961038974,0.027243589743589758,0.9685834998334999,0.025974025974025983,0.03685897435897434,0.9578067765567766,0.05714285714285716,0.027243589743589758
mobile_B,1000,1,PlayDrone,6.907755278982137,0.07572727272727275,0.11355438722426814,-0.08859752863645554,0.06274176390741137,0.12012012012012012,-0.6452056277056277,-0.28369047619047616,-0.9288961038961039,0.8690226665378795,0.20653594771241834,0.05541871921182262,0.8754958305161145,0.06797385620915031,0.18103448275862066,0.8756849866383335,0.06143790849673203,0.18719211822660098,0.8716603882932483,0.09411764705882353,0.16256157635467983,0.8710824559708941,0.09281045751633987,0.1650246305418719,0.8676043980810715,0.06405228758169934,0.20073891625615758,0.8484819215042338,0.15032679738562094,0.15270935960591137,0.821457548536656,0.21176470588235297,0.14532019704433496,0.859544737435204,0.10849673202614374,0.1724137931034483,0.8333566760037349,0.22614379084967318,0.1071428571428571,0.8407482533243182,0.0771241830065359,0.24137931034482762
mobile_B,1000,1,angeeks,6.907755278982137,0.07372727272727275,0.12151573812484062,-0.4252942204475403,0.04624433014520889,0.08108108108108109,-0.7221232234326527,-0.21857369598153098,-0.9406969194141837,0.8778555899464271,0.14404432132963985,0.10024449877750607,0.8778555899464271,0.14404432132963985,0.10024449877750607,0.874597863852786,0.1578947368421053,0.09290953545232272,0.8818481669364506,0.13850415512465375,0.097799511002445,0.8803005777214881,0.14404432132963985,0.09535452322738391,0.8448618006217448,0.22714681440443218,0.08312958435207829,0.8416819619503011,0.21883656509695293,0.097799511002445,0.861228318512147,0.1357340720221607,0.14180929095354522,0.878018137610143,0.1412742382271468,0.10268948655256727,0.856917419014013,0.18836565096952906,0.097799511002445,0.8680756388461826,0.14404432132963985,0.11980440097799516
mobile_B,1000,1,anzhi,6.907755278982137,0.43972727272727274,0.24106927236345077,-0.13503780961036682,0.08734460552862788,0.11411411411411411,-0.6277836691410392,-0.2852598091198304,-0.9130434782608696,0.8442431224689289,0.18939393939393945,0.12211981566820274,0.8455173858399665,0.19318181818181823,0.11578341013824889,0.8410661918726434,0.21590909090909094,0.10195852534562211,0.839573732718894,0.25,0.07085253456221197,0.8476295210166178,0.2140151515151515,0.09072580645161288,0.833163140622818,0.22537878787878785,0.10829493087557607,0.7960785853931015,0.3257575757575758,0.0820852534562212,0.7768773565144533,0.34659090909090906,0.09965437788018439,0.8420960759670437,0.21212121212121215,0.10368663594470051,0.822371177209887,0.26136363636363635,0.09389400921658986,0.8108984429548947,0.24053030303030298,0.1376728110599078
mobile_B,1000,1,appchina,6.907755278982137,0.4127272727272727,0.2485455989043669,-0.3561978340148926,0.05636712948464331,0.09309309309309309,-0.725951272926362,-0.1696824527785381,-0.8956337257049001,0.8410813677765316,0.14138438880706927,0.17645287563986756,0.8437122360096125,0.1207658321060383,0.1918096958747365,0.8452120415493142,0.1472754050073638,0.16230051189400785,0.8464792486249195,0.16642120765832102,0.14062029509183982,0.8460603940027291,0.1693667157584683,0.13851249623607342,0.8436321902083364,0.18114874815905746,0.13158687142426984,0.839698415802682,0.19293078055964652,0.12767238783498946,0.816984477323091,0.10014727540500734,0.2658837699488106,0.8410813677765316,0.14138438880706927,0.17645287563986756,0.8217541871049541,0.24447717231222388,0.11201445347786809,0.8239092152008085,0.18114874815905746,0.17103282143932552
mobile_B,1000,1,play2013-2014,6.907755278982137,0.18927272727272726,0.060974466121395676,-0.547295093536377,0.06817529353289724,0.06006006006006006,-0.7929870801033592,-0.1489250645994833,-0.9419121447028425,0.9013197798804562,0.10072178477690286,0.09663865546218486,0.9057723483094025,0.05610236220472442,0.13235294117647056,0.9091524405037605,0.05249343832021003,0.1292016806722689,0.908406669754516,0.08759842519685035,0.09558823529411764,0.9109665519751208,0.08562992125984248,0.09243697478991597,0.9157568539226715,0.07709973753280841,0.09138655462184875,0.8958788239705331,0.1315616797900262,0.07668067226890751,0.9102400802840821,0.06922572178477693,0.11029411764705888,0.9157568539226715,0.07709973753280841,0.09138655462184875,0.9108617856591456,0.061679790026246684,0.11659663865546221,0.9151075784644567,0.1046587926509186,0.06512605042016806
mobile_B,1000,1,play2016-2016,6.907755278982137,0.30327272727272725,0.08251192527362528,-0.17474274337291718,0.06562140239818726,0.08108108108108109,-0.6973886048210373,-0.145745069393718,-0.8431336742147553,0.8101666327883769,0.1531710079275198,0.22649572649572647,0.8138339576618172,0.14156285390713474,0.23076923076923073,0.8132410875898984,0.13420158550396377,0.23931623931623935,0.8236017945814096,0.12202718006795021,0.23076923076923073,0.8170148870884997,0.1565685164212911,0.20940170940170943,0.8264463609876973,0.12061155152887881,0.22649572649572647,0.8236792306724356,0.12400906002265011,0.2286324786324786,0.8225600371693237,0.13052095130237829,0.22435897435897434,0.8225600371693237,0.13052095130237829,0.22435897435897434,0.8177202814801909,0.13165345413363538,0.23290598290598286,0.8045634056392833,0.11523216308040773,0.27564102564102566
mobile_B,1000,1,play2017-2017,6.907755278982137,0.20327272727272724,0.11473404191874481,-0.18441231548786163,0.046536396633088666,0.05405405405405406,-0.7331332061497025,-0.23090001122208514,-0.9640332173717876,0.9098202379167573,0.03801076971808681,0.14234875444839856,0.9099818099904898,0.032942667089008504,0.14709371293001183,0.9104165515935327,0.03325942350332589,0.14590747330960852,0.9158694212074995,0.038961038961038974,0.12930011862396207,0.890142074457672,0.01805511561609119,0.20166073546856467,0.9175212138496576,0.05226480836236935,0.11269276393831551,0.9087455957519319,0.048463731390560705,0.13404507710557534,0.8908116591911401,0.08077288565093443,0.1376037959667853,0.8753757020400541,0.04402914159011717,0.20521945432977462,0.8725844505290734,0.019955654101995512,0.23487544483985767,0.8971116549451763,0.12036743744060818,0.08540925266903909
mobile_B,1000,1,play2018-2018,6.907755278982137,0.06227272727272726,0.1437690669063345,-0.23941847681999207,0.09224505611681824,0.09009009009009009,-0.6722303384465548,-0.2813042772502231,-0.9535346156967779,0.8989960688707488,0.07320997586484312,0.1287978863936592,0.8999148202191187,0.07401448109412712,0.12615587846763543,0.8985885024831262,0.03901850362027348,0.1638044914134742,0.9071726370448621,0.048270313757039385,0.1373844121532365,0.9049501514956677,0.03620273531777951,0.15389696169088507,0.910174653090331,0.04424778761061943,0.13540290620871864,0.9057599704979324,0.06958970233306516,0.11889035667107006,0.9052285931998585,0.06999195494770716,0.11955085865257598,0.9076694748185612,0.07039420756234915,0.11426684280052846,0.8987080623751927,0.07642799678197909,0.12615587846763543,0.9036291475326559,0.03620273531777951,0.15653896961690883
mobile_B,1000,1,play2019-2021,6.907755278982137,0.34827272727272723,0.2772333447026284,-0.4893069565296173,0.02266231024042595,0.02702702702702703,-0.7782227615965481,-0.16608683926645074,-0.9443096008629989,0.8265302589669021,0.10843373493975905,0.2385057471264368,0.8307760823859702,0.0941949616648412,0.24425287356321834,0.8359834321612469,0.06653888280394304,0.2614942528735632,0.827210094295678,0.12431544359255198,0.22126436781609193,0.8343326283189183,0.09857612267250826,0.23275862068965514,0.8363910186199343,0.07721796276013149,0.25,0.8217430851934383,0.10076670317634173,0.25574712643678166,0.8039493396784632,0.11911281489594738,0.2729885057471264,0.8363910186199343,0.07721796276013149,0.25,0.8205769787614408,0.11171960569550932,0.24712643678160917,0.8136637458926615,0.1226725082146769,0.25
mobile_B,1000,1,slideme,6.907755278982137,0.058272727272727254,0.13188880731644625,-0.42380616068840027,0.04551448053334261,0.04804804804804805,-0.8331375703942075,-0.1581737731295254,-0.991311343523733,0.9248671007335962,0.02560455192034139,0.12466124661246614,0.9249345622901464,0.022759601706970112,0.12737127371273715,0.9302871549341383,0.02560455192034139,0.11382113821138207,0.9330646435909593,0.022759601706970112,0.11111111111111116,0.9305570011603388,0.014224751066856278,0.12466124661246614,0.934487118697645,0.019914651493598834,0.11111111111111116,0.9237144718531112,0.017069701280227556,0.1355013550135501,0.9191463607381452,0.06685633001422475,0.09485094850948506,0.9337758811443022,0.02133712660028453,0.11111111111111116,0.9281534422741098,0.02987197724039825,0.11382113821138207,0.9356763695659717,0.05547652916073964,0.07317073170731703
mobile_B,1000,2,1mobile,6.907755278982137,0.19181818181818183,0.1172814548818093,-0.5033261775970459,0.02869647319233549,0.03303303303303303,-0.8769661654135337,-0.09950000000000003,-0.9764661654135337,0.9402903053113136,0.06377551020408168,0.055643879173290944,0.9415658155153954,0.061224489795918324,0.055643879173290944,0.9429893579053243,0.06632653061224492,0.04769475357710651,0.9452260633983323,0.058673469387755084,0.05087440381558028,0.9488863112812693,0.056122448979591844,0.04610492845786962,0.9504761364005061,0.056122448979591844,0.042925278219395846,0.953822069368288,0.05102040816326525,0.04133545310015896,0.9386639791051556,0.0892857142857143,0.03338632750397452,0.9504761364005061,0.056122448979591844,0.042925278219395846,0.9456884104993348,0.06887755102040816,0.03974562798092207,0.9461872586872586,0.0535714285714286,0.05405405405405406
mobile_B,1000,2,PlayDrone,6.907755278982137,0.10281818181818186,0.10646352731363418,-0.20986603200435638,0.050150752885794334,0.10810810810810811,-0.6820774231678486,-0.26663342198581574,-0.9487108451536643,0.8823429982009121,0.14322580645161287,0.09208819714656291,0.8881327141123803,0.1251612903225806,0.09857328145265887,0.88431195347475,0.152258064516129,0.079118028534371,0.8778670348520983,0.16774193548387095,0.0765239948119325,0.8688414710681562,0.18838709677419352,0.07392996108949412,0.8559717166645747,0.22709677419354835,0.06095979247730221,0.8468490858123091,0.2103225806451613,0.09597924773022048,0.8382845906029037,0.15870967741935482,0.16472114137483784,0.8662742144680139,0.19870967741935486,0.06874189364461736,0.8549884942052635,0.09806451612903222,0.19195849546044097,0.8338086272540898,0.1832258064516129,0.14915693904020755
mobile_B,1000,2,angeeks,6.907755278982137,0.07981818181818184,0.12223925819167425,-0.4447759985923767,0.03820046869595326,0.11411411411411411,-0.7600938796303034,-0.181577032239284,-0.9416709118695874,0.9032509456871993,0.07908163265306123,0.11441647597254001,0.9032509456871993,0.07908163265306123,0.11441647597254001,0.9070015878204829,0.11734693877551017,0.06864988558352403,0.9053145285574185,0.061224489795918324,0.12814645308924488,0.9094971512632513,0.06887755102040816,0.11212814645308922,0.9028569093541307,0.08673469387755106,0.10755148741418763,0.890495843646383,0.10459183673469385,0.11441647597254001,0.8700701676551628,0.07908163265306123,0.18077803203661325,0.9028569093541307,0.08673469387755106,0.10755148741418763,0.8921653901835334,0.09438775510204078,0.1212814645308925,0.8794861766216784,0.07397959183673475,0.16704805491990848
mobile_B,1000,2,anzhi,6.907755278982137,0.4298181818181818,0.23440328250381715,-0.1868656575679779,0.09234018568942386,0.16216216216216217,-0.6419407625593192,-0.2854851906398299,-0.9274259531991491,0.8569494753351506,0.13319672131147542,0.1529043280182233,0.8584291795810151,0.12909836065573765,0.15404328018223234,0.8618740430934688,0.12704918032786883,0.14920273348519364,0.8660074125247395,0.14754098360655743,0.12044419134396356,0.8638975503192801,0.13524590163934425,0.13695899772209563,0.8539994025168975,0.18237704918032782,0.10962414578587698,0.8120168788976436,0.25409836065573765,0.12186788154897499,0.7806046715710071,0.2295081967213115,0.2092824601366743,0.8659770715859442,0.139344262295082,0.12870159453302965,0.8127287240001494,0.25409836065573765,0.12044419134396356,0.8006296911759214,0.264344262295082,0.13439635535307515
mobile_B,1000,2,appchina,6.907755278982137,0.3908181818181818,0.22573848831544163,-0.4815301299095154,0.08131965942789407,0.11411411411411411,-0.7257499193635093,-0.18001290183851204,-0.9057628212020213,0.8315160521799367,0.21745788667687593,0.1195100089632507,0.8334956082816959,0.2143950995405819,0.11861368389602633,0.8343370282912037,0.19448698315467072,0.13683896026292197,0.8382579357253942,0.20367534456355285,0.11980878398565875,0.8289000549508119,0.24808575803981625,0.0941141320585599,0.8296664380481069,0.23430321592649306,0.10636390797729312,0.821541862132485,0.26339969372128635,0.09351658201374369,0.8216377172124153,0.21898928024502295,0.13773528533014645,0.8315160521799367,0.21745788667687593,0.1195100089632507,0.8176827228882257,0.15160796324655434,0.21302659097699428,0.820090309669101,0.17457886676875956,0.18524051389303853
mobile_B,1000,2,play2013-2014,6.907755278982137,0.16918181818181816,0.0641860927949981,-0.5706617832183838,0.0739667487890186,0.07507507507507508,-0.8055006858710563,-0.1618518518518519,-0.9673525377229082,0.8934956250624453,0.06747860434496378,0.14553014553014554,0.8948728441816,0.06056616194865039,0.1496881496881497,0.8942056200120716,0.048387096774193505,0.16320166320166318,0.8999752271641672,0.07011191573403552,0.12993762993762992,0.9014564648205201,0.06714944042132986,0.12993762993762992,0.9072428381184141,0.05661619486504277,0.1288981288981289,0.9063679190407301,0.056287030941408855,0.13097713097713093,0.8968916250022241,0.08459512837393024,0.1216216216216216,0.9017859709103949,0.08624094799210003,0.11018711018711014,0.8926898235653996,0.05661619486504277,0.158004158004158,0.9031453973850287,0.052337063857801236,0.14137214137214138
mobile_B,1000,2,play2016-2016,6.907755278982137,0.3251818181818182,0.08504210094615594,-0.2791849672794342,0.061615722073005676,0.10510510510510511,-0.7717064846416383,-0.14868600682593858,-0.9203924914675768,0.787884594911104,0.16831683168316836,0.2559139784946236,0.7860427978281699,0.15049504950495052,0.2774193548387097,0.7881674803425043,0.16775106082036773,0.2559139784946236,0.8063938191054129,0.1915134370579915,0.19569892473118278,0.7824991254885858,0.10381895332390378,0.3311827956989247,0.7811926814801295,0.06987270155586989,0.367741935483871,0.7854952776383629,0.08062234794908063,0.34838709677419355,0.789829812474335,0.11711456859971714,0.3032258064516129,0.7844458639412328,0.06336633663366331,0.367741935483871,0.7906754269897036,0.09391796322489387,0.3247311827956989,0.7772672658970966,0.12503536067892507,0.3204301075268817
mobile_B,1000,2,play2017-2017,6.907755278982137,0.24618181818181817,0.11618474529187217,-0.2046864926815033,0.027059031990286794,0.057057057057057055,-0.700356829161177,-0.26725406236275795,-0.967610891523935,0.8993332709589978,0.050681026290782416,0.15065243179122179,0.9000847689763583,0.05036426987646503,0.14946619217081847,0.9026124325577498,0.05479885967690845,0.13997627520759193,0.9103197962237977,0.05955020589166926,0.11981020166073542,0.9109968959374393,0.05226480836236935,0.12574139976275212,0.914909570364826,0.05511561609122584,0.11506524317912215,0.9104281998128019,0.07475451377890407,0.10438908659549229,0.8810410577184294,0.145391194171682,0.09252669039145911,0.9139593011218738,0.05701615457713016,0.11506524317912215,0.898152291824716,0.10167880899588222,0.10201660735468565,0.8991833471045345,0.09724421919543869,0.10438908659549229
mobile_B,1000,2,play2018-2018,6.907755278982137,0.04018181818181815,0.13602946267973148,-0.260733425617218,0.09881132582834594,0.1021021021021021,-0.7264090177133655,-0.23939115098535402,-0.9658001686987195,0.9029519015173042,0.09140839544919577,0.10268780151619572,0.9038319644816861,0.08826990976853666,0.10406616126809098,0.9036199923268242,0.080423695566889,0.11233631977946246,0.908322448581206,0.06826206355433506,0.11509303928325287,0.9080416665878079,0.0502157708905453,0.13370089593383871,0.9022366306809686,0.05217732444095724,0.14334941419710545,0.8937966781475905,0.06630051000392312,0.14610613370089598,0.883464252274983,0.06904668497449984,0.16402481047553408,0.9007361976791752,0.06551588858375834,0.13301171605789108,0.8935100831422925,0.09650843468026682,0.11647139903514814,0.8801765208934518,0.15143193409180067,0.08821502412129567
mobile_B,1000,2,play2019-2021,6.907755278982137,0.34718181818181815,0.2674299105260618,-0.42473432421684265,0.026675770364992205,0.03903903903903904,-0.814165923282783,-0.12133809099018755,-0.9355040142729706,0.8462426614481409,0.06465753424657539,0.24285714285714288,0.8506066536203523,0.06164383561643838,0.2371428571428571,0.854187866927593,0.0687671232876712,0.22285714285714286,0.8592759295499022,0.11287671232876717,0.1685714285714286,0.854853228962818,0.03315068493150686,0.2571428571428571,0.8545401174168298,0.025205479452054758,0.2657142857142857,0.8543052837573386,0.09424657534246572,0.19714285714285718,0.8477495107632094,0.1016438356164383,0.20285714285714285,0.8545401174168298,0.025205479452054758,0.2657142857142857,0.849197651663405,0.07589041095890414,0.22571428571428576,0.847788649706458,0.07013698630136989,0.23428571428571432
mobile_B,1000,2,slideme,6.907755278982137,0.06718181818181818,0.1300539043418396,-0.4567500948905945,0.06568799250507125,0.09009009009009009,-0.8052579910468861,-0.17086703840414663,-0.9761250294510327,0.9309358712196922,0.0370919881305638,0.10103626943005184,0.9307590596700542,0.029673590504451064,0.10880829015544047,0.9351985670577021,0.03115727002967361,0.0984455958549223,0.9362940299195892,0.04451038575667654,0.08290155440414504,0.9335496071708616,0.016320474777448024,0.11658031088082899,0.9311126827693301,0.04451038575667654,0.09326424870466321,0.9240709706185329,0.053412462908011826,0.0984455958549223,0.905947786780646,0.04302670623145399,0.14507772020725385,0.93537537860734,0.03857566765578635,0.09067357512953367,0.909691579157762,0.004451038575667643,0.17616580310880825,0.9153802985808952,0.047477744807121636,0.12176165803108807
mobile_B,1000,3,1mobile,6.907755278982137,0.17881818181818182,0.1113697716043236,-0.5026274919509888,0.04148939952349386,0.06006006006006006,-0.886525828605554,-0.10604658106897569,-0.9925724096745296,0.9537240546842132,0.03818615751789978,0.054365733113673764,0.9564802837225213,0.031026252983293534,0.05601317957166396,0.9568498779159605,0.02863961813842486,0.05766062602965405,0.9601447708319408,0.02863961813842486,0.05107084019769359,0.9593210476029457,0.02863961813842486,0.05271828665568368,0.9541467288947953,0.06205250596658707,0.029654036243822124,0.9560261546869655,0.02863961813842486,0.05930807248764414,0.9503446269261165,0.03341288782816232,0.0658978583196046,0.9537771347013562,0.06443914081145585,0.028006589785831926,0.9524147475946889,0.05727923627684961,0.03789126853377267,0.950429161768233,0.03818615751789978,0.060955518945634224
mobile_B,1000,3,PlayDrone,6.907755278982137,0.06281818181818183,0.10663502150997961,-0.1447015255689621,0.08314710019207726,0.10810810810810811,-0.6183323711935345,-0.3420515225862317,-0.9603838937797662,0.8918602599446052,0.10783055198973046,0.10844892812105922,0.8943936595402325,0.1065468549422336,0.10466582597730134,0.8951714860614459,0.08985879332477531,0.11979823455233296,0.8924454509694097,0.1129653401797176,0.1021437578814628,0.88545310620691,0.1193838254172015,0.10970996216897855,0.8700487416369485,0.15019255455712455,0.10970996216897855,0.8598398697201282,0.09242618741976893,0.18789407313997475,0.8407883810038737,0.10783055198973046,0.21059268600252212,0.8816133465642083,0.1258023106546855,0.11097099621689788,0.850540755357776,0.0744544287548139,0.2244640605296343,0.8438729771249396,0.11553273427471111,0.19672131147540983
mobile_B,1000,3,angeeks,6.907755278982137,0.06581818181818183,0.12032644587568464,-0.4363628625869751,0.03844013118482959,0.0990990990990991,-0.7585798816568048,-0.19837638908933464,-0.9569562707461394,0.8879595663161327,0.10114942528735638,0.1229314420803782,0.8891089916034891,0.09885057471264369,0.1229314420803782,0.8914730577973424,0.09885057471264369,0.11820330969267134,0.8864840629330725,0.08045977011494254,0.14657210401891252,0.8876660960299991,0.08045977011494254,0.1442080378250591,0.8971549686149833,0.08275862068965523,0.1229314420803782,0.8904540637482676,0.1103448275862069,0.10874704491725773,0.8650688839977174,0.15402298850574714,0.11583924349881791,0.8914730577973424,0.09885057471264369,0.11820330969267134,0.8766935681095622,0.14022988505747125,0.1063829787234043,0.8785359093502894,0.10344827586206895,0.13947990543735223
mobile_B,1000,3,anzhi,6.907755278982137,0.44281818181818183,0.23639165047330668,-0.11358736455440521,0.08527792914485274,0.06906906906906907,-0.6853905390539053,-0.20734873487348726,-0.8927392739273926,0.8168867693812668,0.13218390804597702,0.23404255319148937,0.8205292600010134,0.13409961685823757,0.22484186313973553,0.8298753632576084,0.13984674329501912,0.20040253018976428,0.8475144256508893,0.15517241379310343,0.14979873490511786,0.8475144256508893,0.15517241379310343,0.14979873490511786,0.8502172385151109,0.2222222222222222,0.07734330074755602,0.8256958352336196,0.2701149425287356,0.0784933870040253,0.8020303869533509,0.29501915708812265,0.10092006900517536,0.8476598388557303,0.16091954022988508,0.1437607820586544,0.8165050597185594,0.3045977011494253,0.062392179413455984,0.8124197197931607,0.2624521072796935,0.11270845313398503
mobile_B,1000,3,appchina,6.907755278982137,0.4128181818181818,0.2444456495049201,-0.3360079824924469,0.0672815386912095,0.1111111111111111,-0.7261759471141622,-0.1868039664378337,-0.9129799135519959,0.819971593150793,0.17894736842105263,0.18110944527736128,0.8237355006707172,0.16842105263157892,0.18410794602698655,0.8237445187180845,0.162406015037594,0.19010494752623686,0.8294461791660561,0.15939849624060154,0.18170914542728633,0.8287461532391699,0.12631578947368416,0.21619190404797606,0.8314402948901489,0.12932330827067673,0.20779610194902554,0.8227536607636032,0.1233082706766917,0.23118440779610194,0.8270428695426723,0.162406015037594,0.1835082458770615,0.8258953230151841,0.1278195488721805,0.22038980509745132,0.8212623011802369,0.21804511278195493,0.13943028485757125,0.817380031788617,0.2075187969924812,0.15772113943028487
mobile_B,1000,3,play2013-2014,6.907755278982137,0.20818181818181816,0.06492173071195628,-0.5491085648536682,0.0989034558753794,0.0960960960960961,-0.7390016233766235,-0.1836343344155844,-0.9226359577922079,0.8883955809604074,0.04074196753892012,0.182466870540265,0.8934551104979371,0.05101026830076183,0.1620795107033639,0.894601604044247,0.047697913216296794,0.163098878695209,0.8995946163593875,0.026498840675720392,0.17431192660550454,0.9023214848264761,0.027161311692613488,0.16819571865443428,0.9084633542440521,0.029148724743292442,0.15392456676860344,0.8966379764718118,0.021199072540576402,0.1855249745158002,0.8877786928116492,0.12454455117588603,0.09989806320081551,0.9033408528183211,0.027161311692613488,0.1661569826707442,0.8930328780786585,0.031467373302418,0.182466870540265,0.9051008580046387,0.045048029148724744,0.144750254841998
mobile_B,1000,3,play2016-2016,6.907755278982137,0.30618181818181817,0.07773809491185568,-0.38532745838165283,0.07035304103571814,0.10510510510510511,-0.746616082330368,-0.13669108669108676,-0.8833071690214548,0.7968803733726357,0.09971751412429375,0.3065217391304348,0.806478752149349,0.1022598870056497,0.2847826086956522,0.8178150331613854,0.19915254237288138,0.16521739130434787,0.8227585359862442,0.18926553672316382,0.16521739130434787,0.8170474084991403,0.11807909604519773,0.24782608695652175,0.8050417587816261,0.09209039548022602,0.2978260869565217,0.8122512896094326,0.1559322033898305,0.2195652173913043,0.8028002947678703,0.1313559322033898,0.2630434782608696,0.8028002947678703,0.1313559322033898,0.2630434782608696,0.8116064848931467,0.13983050847457623,0.2369565217391304,0.8176185212478506,0.09519774011299431,0.26956521739130435
mobile_B,1000,3,play2017-2017,6.907755278982137,0.21018181818181816,0.11517794346114973,-0.17872869968414307,0.025471418034380577,0.07207207207207207,-0.7380065181966323,-0.21989679521998906,-0.9579033134166214,0.8967700269529393,0.11960025789813022,0.0868596881959911,0.9050788412964407,0.08961960025789817,0.10022271714922049,0.9009314344219335,0.11573178594455191,0.08240534521158127,0.9199076247955554,0.0722114764667956,0.08797327394209353,0.9211095219838052,0.05867182462927145,0.09910913140311806,0.9057663063847019,0.13056092843326883,0.057906458797327365,0.9184418702496701,0.08961960025789817,0.07349665924276172,0.9160829495734486,0.08542875564152164,0.08240534521158127,0.9190133816964126,0.08736299161831074,0.07461024498886415,0.9027335622251037,0.11992263056092844,0.07461024498886415,0.9182961204711666,0.0631850419084462,0.10022271714922049
mobile_B,1000,3,play2018-2018,6.907755278982137,0.04818181818181816,0.14213190740223192,-0.27506914734840393,0.09710947712383489,0.06906906906906907,-0.6884215287200363,-0.2535730438715512,-0.9419945725915875,0.9067392305485209,0.05840286054827171,0.1281186783546865,0.8983557794857411,0.10011918951132304,0.10316925151719492,0.9002821273867707,0.09694080254270954,0.10249494268374915,0.903478731677861,0.09257052046086611,0.10047201618341195,0.9101963693412107,0.0750893921334923,0.10451786918408634,0.911459392382641,0.05840286054827171,0.11867835468644639,0.9136335494497163,0.06754072308303538,0.105192178017532,0.9056129713765678,0.05323798172427496,0.1355360755225894,0.9132599603880397,0.06356773937226856,0.10991233985165205,0.9105936677122874,0.07429479539133887,0.10451786918408634,0.9042351524133532,0.0647596344854986,0.12677006068779506
mobile_B,1000,3,play2019-2021,6.907755278982137,0.3361818181818182,0.2742384137513155,-0.38421836495399475,0.017320371054612396,0.036036036036036036,-0.8099520613614573,-0.17394055608820713,-0.9838926174496644,0.853202988579456,0.06670326653856706,0.22689075630252098,0.8557576750162046,0.06999725500960752,0.2184873949579832,0.8678167945739921,0.08509470216854242,0.17927170868347342,0.8658360956240855,0.0694482569311008,0.19887955182072825,0.8627043460810072,0.06450727422454017,0.2100840336134454,0.8597440623243533,0.09003568487510294,0.19047619047619047,0.8452175270327731,0.09387867142465,0.21568627450980393,0.8248857599586636,0.17375789184737855,0.17647058823529416,0.8429561778046382,0.05078232226187207,0.2633053221288515,0.8411127283743582,0.03486137798517708,0.28291316526610644,0.8426255487097392,0.045841339555311555,0.26890756302521013
mobile_B,1000,3,slideme,6.907755278982137,0.054181818181818164,0.13340379345684839,-0.4509514272212982,0.07654628780955472,0.06606606606606606,-0.8070461658841939,-0.17644366197183103,-0.9834898278560249,0.9390992815280671,0.046476761619190454,0.07532467532467535,0.9390992815280671,0.046476761619190454,0.07532467532467535,0.9439455596876887,0.04197901049475261,0.07012987012987015,0.9490449580404603,0.02398800599700146,0.07792207792207795,0.9527405128604529,0.026986506746626726,0.06753246753246755,0.9517903385969353,0.03148425787106446,0.06493506493506496,0.9313168091279036,0.007496251874062998,0.1298701298701299,0.9165774255729278,0.02398800599700146,0.1428571428571429,0.9517903385969353,0.03148425787106446,0.06493506493506496,0.9343055744854845,0.040479760119940034,0.09090909090909094,0.9460464572908351,0.02998500749625188,0.07792207792207795
mobile_B,1000,4,1mobile,6.907755278982137,0.19763636363636367,0.1189913676592812,-0.4968508780002594,0.036515797005859406,0.03903903903903904,-0.9042611298166852,-0.08649831649831674,-0.9907594463150019,0.95516824821579,0.027363184079602032,0.06230031948881787,0.9580094733997743,0.02487562189054726,0.0591054313099042,0.9588081954445027,0.02487562189054726,0.057507987220447254,0.9632468647179439,0.02238805970149249,0.051118210862619806,0.9632468647179439,0.02238805970149249,0.051118210862619806,0.9587962742199545,0.04726368159203975,0.03514376996805113,0.9625395387280848,0.01741293532338306,0.057507987220447254,0.9601433725938995,0.01741293532338306,0.06230031948881787,0.9600519765390301,0.02238805970149249,0.057507987220447254,0.9613871536884269,0.014925373134328401,0.06230031948881787,0.9649357048622702,0.01741293532338306,0.05271565495207664
mobile_B,1000,4,PlayDrone,6.907755278982137,0.05763636363636365,0.11117839569323085,-0.1351279467344284,0.0484578460612054,0.13513513513513514,-0.6612188766647366,-0.29752460914881296,-0.9587434858135495,0.8824891132381965,0.11512717536813921,0.11989459815546777,0.8838278013238725,0.1124497991967871,0.11989459815546777,0.8837431412077824,0.12315930388219543,0.10935441370223975,0.8850818292934584,0.12048192771084343,0.10935441370223975,0.8736077379346106,0.1552878179384204,0.0974967061923584,0.8668613849336742,0.17536813922356087,0.09090909090909094,0.8637025043520591,0.07496653279785814,0.19762845849802368,0.845259827187538,0.1579651941097724,0.1515151515151515,0.8844548153086655,0.11646586345381527,0.11462450592885376,0.8408733749226154,0.21285140562248994,0.1054018445322793,0.8652978184146335,0.12315930388219543,0.1462450592885376
mobile_B,1000,4,angeeks,6.907755278982137,0.09063636363636368,0.11951959256471789,-0.45003241300582886,0.047100575452016014,0.1111111111111111,-0.7407301747797198,-0.2278347537194857,-0.9685649284992055,0.8870055036595315,0.13394919168591224,0.09203980099502485,0.8858507692484461,0.1362586605080831,0.09203980099502485,0.8860288626153299,0.14087759815242495,0.08706467661691542,0.8857617225650041,0.13394919168591224,0.09452736318407962,0.9024594119471925,0.08314087759815247,0.11194029850746268,0.8981966610366183,0.10161662817551964,0.10199004975124382,0.8705720818540095,0.15935334872979212,0.09950248756218905,0.8569766640239909,0.1293302540415704,0.15671641791044777,0.9049469741362471,0.08314087759815247,0.10696517412935325,0.8570714556547516,0.19630484988452657,0.08955223880597019,0.8619546608757598,0.1616628175519631,0.11442786069651745
mobile_B,1000,4,anzhi,6.907755278982137,0.44463636363636366,0.22774023737382076,-0.21071931719779968,0.11913725316278741,0.12012012012012012,-0.6770918527838943,-0.2547263290342876,-0.9318181818181819,0.8302678485068553,0.29205175600739375,0.04741254697889563,0.8320855503524519,0.28465804066543443,0.05117085862966175,0.8431146693856044,0.25508317929759705,0.058687481931194,0.8623115567148092,0.1386321626617375,0.13674472390864412,0.858031955000724,0.13678373382624764,0.14715235617230416,0.849910945167553,0.14232902033271722,0.1578490893321769,0.8319137464002664,0.22920517560073939,0.10696733159872795,0.7812708576143351,0.3622920517560074,0.07516623301532233,0.8302678485068553,0.29205175600739375,0.04741254697889563,0.8198853322175428,0.22550831792975967,0.13472101763515465,0.7768819746927167,0.37338262476894635,0.07285342584562016
mobile_B,1000,4,appchina,6.907755278982137,0.42763636363636365,0.25592694146509154,-0.42728713154792786,0.10370203366971317,0.14114114114114115,-0.693800539083558,-0.19481132075471685,-0.8886118598382748,0.8252997241658608,0.18379160636758318,0.16560894530069503,0.8238930006704515,0.19536903039073805,0.15684496826835903,0.830805473298057,0.2141823444283647,0.12420670897552133,0.8320781502362324,0.2170767004341534,0.11876699909338173,0.828753883086036,0.2170767004341534,0.12541553339377454,0.8297774914619123,0.18813314037626627,0.1523118766999093,0.8033687889757313,0.3198263386396527,0.07343608340888486,0.8081848434235622,0.2778581765557163,0.10577213659715923,0.831837609921457,0.19247467438494936,0.14385010577213664,0.8000613596475691,0.23154848046309695,0.1683288002417649,0.7825677372460058,0.3632416787264834,0.07162284678150499
mobile_B,1000,4,play2013-2014,6.907755278982137,0.19436363636363635,0.062669296852919,-0.569385290145874,0.08929669425260495,0.09309309309309309,-0.7695518975765888,-0.1445541838134432,-0.914106081390032,0.8882226863437044,0.04071499503475673,0.1828396322778345,0.8933211476085514,0.08771929824561409,0.12563840653728298,0.8952122341430889,0.053293611386957984,0.15628192032686417,0.8999556729045811,0.07547169811320753,0.12461695607763024,0.9005319927683606,0.03243958953988746,0.16649642492339123,0.9047030000077767,0.038397881496193276,0.15219611848825332,0.9029627135079976,0.03574975173783512,0.15832482124616953,0.8829450232438305,0.028798411122144985,0.2053115423901941,0.9056818477670268,0.03541873551804042,0.15321756894790606,0.8936467539616284,0.0390599139357829,0.17364657814096018,0.9021302702667977,0.02515723270440251,0.17058222676200208
mobile_B,1000,4,play2016-2016,6.907755278982137,0.32236363636363635,0.08106781913310135,-0.2778972089290619,0.09284558209601329,0.11711711711711711,-0.7005727376861397,-0.1830796923580429,-0.8836524300441826,0.8014633083838263,0.2742663656884876,0.1228070175438597,0.8041438952912756,0.2689051918735892,0.1228070175438597,0.8071908043245812,0.2474604966139955,0.13815789473684215,0.8156360144152708,0.24153498871331824,0.1271929824561403,0.817816621123916,0.23278781038374718,0.13157894736842102,0.7962481683893707,0.3132054176072234,0.0942982456140351,0.8097105065145935,0.25338600451467264,0.1271929824561403,0.8068121064512297,0.2547968397291196,0.13157894736842102,0.8078838461843095,0.23730248306997748,0.14692982456140347,0.7878871133816483,0.30361173814898423,0.12061403508771928,0.8356475981149261,0.13572234762979685,0.19298245614035092
mobile_B,1000,4,play2017-2017,6.907755278982137,0.23036363636363633,0.11215937621479377,-0.12571176886558533,0.04567833738443011,0.06306306306306306,-0.6716788766788767,-0.27349816849816855,-0.9451770451770453,0.874199113042694,0.025978191148171903,0.2256235827664399,0.8800327700034472,0.04265554842847974,0.19727891156462585,0.8895026901074734,0.057729313662604254,0.16326530612244894,0.899191876879039,0.051956382296343806,0.1496598639455783,0.8998107688660241,0.04618345093008336,0.1541950113378685,0.8960617815653095,0.025336754329698508,0.18253968253968256,0.9012834554390496,0.03303399615137914,0.16439909297052158,0.9049804441768154,0.05965362411802433,0.13038548752834467,0.9018590758946299,0.06703014753046821,0.12925170068027214,0.8928840512044031,0.021488133418858246,0.19274376417233563,0.893010593161789,0.014432328415651008,0.199546485260771
mobile_B,1000,4,play2018-2018,6.907755278982137,0.05036363636363633,0.13664246616742315,-0.26995354890823364,0.11258836008316361,0.08408408408408409,-0.688962962962963,-0.2709135802469135,-0.9598765432098765,0.896867950545883,0.054075546719681955,0.1521885521885522,0.8961751377258336,0.043339960238568564,0.1643097643097643,0.8995421410928369,0.043339960238568564,0.1575757575757576,0.9002731088218165,0.03379721669980118,0.1656565656565656,0.8941033931093574,0.028628230616302153,0.1831649831649832,0.8991090494072601,0.03141153081510939,0.1703703703703704,0.9029412749094657,0.0473161033797217,0.14680134680134682,0.8959763305687759,0.0437375745526839,0.1643097643097643,0.8953892804787437,0.029423459244532824,0.17979797979797985,0.8933597070774009,0.044930417495029795,0.16835016835016836,0.8946429169093185,0.07872763419483098,0.13198653198653199
mobile_B,1000,4,play2019-2021,6.907755278982137,0.3383636363636363,0.2617108318235366,-0.42096811532974243,0.020580863542793003,0.024024024024024024,-0.7828159240321403,-0.12304601899196488,-0.9058619430241052,0.7788405335033742,0.18927015250544665,0.2530487804878049,0.7906039109410702,0.1718409586056645,0.24695121951219512,0.7917463733460863,0.17565359477124187,0.24085365853658536,0.8156616982836495,0.10648148148148151,0.2621951219512195,0.8217692225941867,0.060729847494553346,0.2957317073170732,0.8286273181359265,0.06835511982570808,0.27439024390243905,0.8400851533025134,0.07897603485838778,0.24085365853658536,0.8371194006057707,0.07271241830065356,0.2530487804878049,0.8377470907062012,0.065359477124183,0.25914634146341464,0.8391153887029066,0.03213507625272327,0.28963414634146345,0.8327355332376853,0.07843137254901966,0.25609756097560976
mobile_B,1000,4,slideme,6.907755278982137,0.08236363636363636,0.13300918326054267,-0.44584769010543823,0.06017648849791494,0.06306306306306306,-0.845194623572372,-0.1398881205811514,-0.9850827441535234,0.9467044773501337,0.047477744807121636,0.059113300492610876,0.9477130870766397,0.035608308605341255,0.06896551724137934,0.9489446141702358,0.035608308605341255,0.06650246305418717,0.9428308312990601,0.013353115727002929,0.10098522167487689,0.9455314203856104,0.017804154302670572,0.09113300492610843,0.9472380172779231,0.02670623145400597,0.0788177339901478,0.9351164286445163,0.053412462908011826,0.07635467980295563,0.9160661297159813,0.09643916913946593,0.0714285714285714,0.9366001081697388,0.05044510385756673,0.07635467980295563,0.9401302422125097,0.008902077151335286,0.11083743842364535,0.9353831986084109,0.04302670623145399,0.08620689655172409
mobile_B,5000,0,1mobile,7.779885115070522,0.19220448057479145,0.13053687278228965,-0.4153190851211548,0.026169054153824346,0.04455445544554455,-0.8991653679653681,-0.08999480519480507,-0.9891601731601731,0.9672530987604958,0.009756097560975618,0.05573770491803276,0.9651739304278288,0.0024390243902439046,0.06721311475409841,0.9643542582966813,0.0024390243902439046,0.06885245901639347,0.9659936025589764,0.0024390243902439046,0.06557377049180324,0.9721911235505798,0.014634146341463428,0.040983606557377095,0.9721911235505798,0.014634146341463428,0.040983606557377095,0.9734506197520991,0.02195121951219514,0.031147540983606503,0.9615553778488605,0.019512195121951237,0.05737704918032782,0.9705717712914834,0.019512195121951237,0.03934426229508192,0.9668532586965214,0.012195121951219523,0.0540983606557377,0.9553378648540584,0.0024390243902439046,0.08688524590163937
mobile_B,5000,0,PlayDrone,8.197263371414335,0.08213674814437294,0.11065206860772692,-0.06790703535079956,0.07173270550832452,0.11510791366906475,-0.7435619521440417,-0.22979194165228278,-0.9733538937963245,0.9127561954782819,0.09135802469135801,0.08312958435207829,0.9108439735579099,0.1074074074074074,0.07090464547677267,0.9120664674454406,0.1074074074074074,0.06845965770171147,0.915231368287603,0.08518518518518514,0.08435207823960877,0.9146261583506897,0.08395061728395059,0.08679706601466997,0.9164538621751336,0.08518518518518514,0.0819070904645477,0.9084412448308129,0.09876543209876543,0.08435207823960877,0.8684807872256934,0.14567901234567904,0.11735941320293397,0.9177246521174802,0.07530864197530862,0.08924205378973105,0.9073696761145824,0.0679012345679012,0.11735941320293397,0.8930091460653808,0.12962962962962965,0.08435207823960877
mobile_B,5000,0,angeeks,7.554858521040676,0.09858657446542163,0.13502943605497986,-0.37442606687545776,0.08565661057111534,0.11553030303030302,-0.8112997187625552,-0.1631234574987086,-0.9744231762612638,0.9353656424467175,0.07311320754716977,0.056155507559395246,0.9366442194058437,0.06839622641509435,0.05831533477321815,0.9355643057989322,0.06839622641509435,0.06047516198704106,0.9345837238681283,0.06603773584905659,0.06479481641468687,0.9356636374750398,0.06603773584905659,0.06263498920086397,0.9343850605159134,0.07075471698113212,0.06047516198704106,0.9270243286197482,0.06603773584905659,0.07991360691144711,0.8829465340885936,0.061320754716981174,0.17278617710583155,0.9334044785851094,0.06839622641509435,0.06479481641468687,0.8948255837646195,0.061320754716981174,0.1490280777537797,0.8708688210603529,0.06603773584905659,0.1922246220302376
mobile_B,5000,0,anzhi,8.517193191416238,0.45852688860154733,0.24675312590843324,-0.19109618663787842,0.10449092452835432,0.1,-0.727792199996999,-0.1978879368556894,-0.9256801368526884,0.8822709489503981,0.14365671641791045,0.09180138568129326,0.8822709489503981,0.14365671641791045,0.09180138568129326,0.8823161904105339,0.13432835820895528,0.10103926096997695,0.8817711385336596,0.14552238805970152,0.09093533487297922,0.877466736755024,0.10447761194029848,0.1405889145496536,0.8883699286477543,0.10634328358208955,0.1169168591224018,0.8914118782530764,0.1100746268656716,0.10710161662817552,0.865557460963083,0.17910447761194026,0.08978060046189373,0.8917005618558478,0.1100746268656716,0.10652424942263283,0.888843886801558,0.14552238805970152,0.07678983833718245,0.8655466891868602,0.17537313432835822,0.09353348729792144
mobile_B,5000,0,appchina,8.517193191416238,0.4213268886015473,0.2650351131305688,-0.4702696204185486,0.06525259581341587,0.088,-0.7731135864704447,-0.16797755915115054,-0.9410911456215952,0.8791187861088186,0.11842105263157898,0.12334137515078403,0.8789680020316171,0.11842105263157898,0.12364294330518699,0.8788172179544156,0.11842105263157898,0.12394451145958985,0.8785156498000126,0.11842105263157898,0.12454764776839566,0.8794397533842648,0.13888888888888884,0.10223160434258138,0.880878815454398,0.13450292397660824,0.10373944511459587,0.8868775527479736,0.1228070175438597,0.10343787696019302,0.8679404834966387,0.16520467836257313,0.09891435464414955,0.8800428896930707,0.13888888888888884,0.10102533172496986,0.8788233904020204,0.14766081871345027,0.09469240048250904,0.8567366093158106,0.16228070175438591,0.12424607961399281
mobile_B,5000,0,play2013-2014,8.517193191416238,0.1736731113984527,0.08085171131204927,-0.42635902762413025,0.04001978817388306,0.04066666666666666,-0.8285300207039337,-0.13539494322103018,-0.9639249639249639,0.9322361667604888,0.06622073578595322,0.06930693069306926,0.9322361667604888,0.06622073578595322,0.06930693069306926,0.9322361667604888,0.06622073578595322,0.06930693069306926,0.9339017848273121,0.06387959866220738,0.06831683168316827,0.9340690089075798,0.0635451505016722,0.06831683168316827,0.9319017185999536,0.06688963210702337,0.06930693069306926,0.9378737706546574,0.037123745819398035,0.0871287128712871,0.9321682837180039,0.05150501672240804,0.08415841584158412,0.9370244047816153,0.040802675585284276,0.08514851485148511,0.9402562998774794,0.051170568561872964,0.06831683168316827,0.9337527732706381,0.03645484949832778,0.09603960396039601
mobile_B,5000,0,play2016-2016,8.517193191416238,0.30147311139845273,0.07446809589828884,-0.165315181016922,0.03020509997731439,0.05333333333333334,-0.7650781590758798,-0.17495532762089672,-0.9400334866967766,0.886219602063375,0.11016949152542377,0.11739130434782608,0.8853721444362564,0.11186440677966103,0.11739130434782608,0.8864591009579956,0.11186440677966103,0.11521739130434783,0.8855133873741096,0.1115819209039548,0.11739130434782608,0.8865020879390813,0.10960451977401131,0.11739130434782608,0.8860108081552445,0.09971751412429375,0.12826086956521743,0.8875460574797347,0.11186440677966103,0.11304347826086958,0.862189879636453,0.1734463276836158,0.10217391304347823,0.8870977646769835,0.09971751412429375,0.12608695652173918,0.8881847211987227,0.09971751412429375,0.12391304347826082,0.8697617293048392,0.10395480225988696,0.15652173913043477
mobile_B,5000,0,play2017-2017,8.517193191416238,0.2004731113984527,0.09895692056750038,-0.17396755516529083,0.050321537597833546,0.04,-0.6608438827159866,-0.30755761847050067,-0.9684015011864873,0.9315126050420168,0.042857142857142816,0.09411764705882353,0.9310270774976658,0.032063492063492016,0.10588235294117643,0.9310270774976658,0.032063492063492016,0.10588235294117643,0.9315032679738562,0.03111111111111109,0.10588235294117643,0.9311484593837536,0.04476190476190478,0.0929411764705882,0.9348366013071896,0.0444444444444444,0.08588235294117652,0.9423716153127918,0.04349206349206347,0.07176470588235295,0.9307096171802054,0.0726984126984127,0.0658823529411765,0.939421101774043,0.031746031746031744,0.0894117647058823,0.9404388422035481,0.032063492063492016,0.08705882352941174,0.9406722689075631,0.04571428571428571,0.07294117647058829
mobile_B,5000,0,play2018-2018,8.517193191416238,0.04107311139845271,0.11791684922338974,-0.3452809751033783,0.08218399342185825,0.072,-0.6486559784623498,-0.31622341743669447,-0.9648793958990443,0.9189608408453609,0.03515781062724732,0.12692050768203078,0.9192948421813663,0.03515781062724732,0.12625250501002006,0.9196288435173716,0.03515781062724732,0.12558450233800933,0.925529044505311,0.04874151018777462,0.1002004008016032,0.9275298499516011,0.046743907311226573,0.09819639278557113,0.929003298913715,0.04914103076308429,0.09285237140948566,0.9322777930344641,0.04994007191370353,0.08550434201736812,0.9219141439090726,0.04394726328405918,0.11222444889779559,0.9320093109377632,0.04914103076308429,0.08684034736138946,0.9299764797940534,0.031162604874151012,0.10888443553774219,0.9328322379210412,0.020775069916100675,0.11356045424181693
mobile_B,5000,0,play2019-2021,8.517193191416238,0.3258731113984527,0.25017440226798815,-0.5599204897880554,0.008300435932120095,0.025333333333333333,-0.7534171813587871,-0.20378102189781033,-0.9571982032565974,0.868620836765174,0.04865910975946919,0.21409921671018273,0.8693733753648099,0.049764998617638945,0.21148825065274146,0.8718461053149797,0.050041470832181356,0.20626631853785904,0.8757928725029975,0.06303566491567603,0.18537859007832902,0.8740726811524633,0.06386508155930326,0.18798955613577029,0.871815065353556,0.06054741498479399,0.19582245430809397,0.876423416835642,0.03566491567597452,0.21148825065274146,0.8576247499658922,0.02626486038153164,0.25848563968668403,0.8774524276498201,0.03621786010505945,0.2088772845953003,0.875010737661074,0.025435443737904295,0.2245430809399478,0.8667320912055128,0.036770804534144275,0.22976501305483032
mobile_B,5000,0,slideme,7.899524472032198,0.04923334878717672,0.155149738492961,-0.3566035032272339,0.05266311637964091,0.04930662557781202,-0.8609508547008546,-0.12349228152799596,-0.9844431362288506,0.9550233852137315,0.012838801711840264,0.07711442786069655,0.9575109474027863,0.012838801711840264,0.07213930348258701,0.9576936998317969,0.0099857346647646,0.07462686567164178,0.9596507476880931,0.008559201141226769,0.07213930348258701,0.9601812620208515,0.0099857346647646,0.06965174129353235,0.9630165861136544,0.014265335235377985,0.05970149253731338,0.961059538257358,0.015691868758915817,0.062189054726368154,0.9412708213568393,0.05278174037089867,0.06467661691542292,0.9635471004464127,0.015691868758915817,0.057213930348258724,0.9548406327847212,0.015691868758915817,0.07462686567164178,0.9482384794997907,0.031383737517831634,0.07213930348258701
mobile_B,5000,1,1mobile,7.777373602657861,0.18585589845907802,0.13087688239049855,-0.4122423231601715,0.02127444844942851,0.03691813804173355,-0.9161351106899819,-0.07423873718666552,-0.9903738478766474,0.9622835497835498,0.03376623376623378,0.04166666666666663,0.9622835497835498,0.03376623376623378,0.04166666666666663,0.9643835331335331,0.03116883116883118,0.04006410256410253,0.9645770895770895,0.025974025974025983,0.04487179487179482,0.9696886446886447,0.02857142857142858,0.03205128205128205,0.970186063936064,0.025974025974025983,0.033653846153846145,0.9709873459873459,0.025974025974025983,0.03205128205128205,0.9675886613386613,0.03116883116883118,0.033653846153846145,0.9675886613386613,0.03116883116883118,0.033653846153846145,0.9731976356976357,0.03116883116883118,0.022435897435897467,0.9612054612054612,0.051948051948051965,0.02564102564102566
mobile_B,5000,1,PlayDrone,8.22040309993373,0.08717928018798282,0.10792759089788329,-0.09641766548156738,0.06495931716703696,0.154419595314164,-0.6971624007864267,-0.27059318794145504,-0.9677555887278817,0.9079630702855854,0.11633986928104578,0.06773399014778325,0.9086166650568273,0.11503267973856213,0.06773399014778325,0.9028204385202356,0.14509803921568631,0.049261083743842415,0.902933932193567,0.14117647058823535,0.05295566502463056,0.9036253581892527,0.13856209150326793,0.054187192118226646,0.9006326668598474,0.1568627450980392,0.041871921182266014,0.9137319295534305,0.10849673202614374,0.0640394088669951,0.8766726230722174,0.11241830065359482,0.13423645320197042,0.9090054412569626,0.12287581699346406,0.059113300492610876,0.9139106217199523,0.08104575163398697,0.09113300492610843,0.8872267297723687,0.130718954248366,0.09482758620689657
mobile_B,5000,1,angeeks,7.613324979540639,0.0959156089099592,0.1345611312784577,-0.36821651458740234,0.09607204126096923,0.13584905660377358,-0.8053502513493115,-0.15035388274162997,-0.9557041340909415,0.8913030227092632,0.14404432132963985,0.07334963325183375,0.9113370222622571,0.052631578947368474,0.12469437652811732,0.9127220638135036,0.049861495844875314,0.12469437652811732,0.9130539319602571,0.08587257617728528,0.08801955990220045,0.9137887828566398,0.09418282548476453,0.07823960880195602,0.9101213011940481,0.09418282548476453,0.08557457212713937,0.9027084504466674,0.11634349030470914,0.07823960880195602,0.8716584602672555,0.1246537396121884,0.1320293398533008,0.9137887828566398,0.09418282548476453,0.07823960880195602,0.8995286117752237,0.10803324099722988,0.09290953545232272,0.8768803039641311,0.16066481994459836,0.08557457212713937
mobile_B,5000,1,anzhi,8.517193191416238,0.45713536199637894,0.24788252462721394,-0.17932291328907013,0.06731095500693846,0.09466666666666666,-0.6995884665596255,-0.24358277937005746,-0.9431712459296829,0.8781830238726791,0.16346153846153844,0.08017241379310347,0.8781830238726791,0.16346153846153844,0.08017241379310347,0.8810676392572945,0.1576923076923077,0.08017241379310347,0.8765141467727675,0.18461538461538463,0.062356321839080464,0.883211759504863,0.16346153846153844,0.07011494252873562,0.8838859416445624,0.16153846153846152,0.07068965517241377,0.8883510167992927,0.10576923076923073,0.11752873563218391,0.8654619805481875,0.15384615384615385,0.11522988505747123,0.8895999115826703,0.10384615384615381,0.11695402298850577,0.8815649867374005,0.12307692307692308,0.11379310344827587,0.8720380194518125,0.1461538461538462,0.10977011494252875
mobile_B,5000,1,appchina,8.517193191416238,0.4233353619963789,0.26941578521421916,-0.47577613592147827,0.047761220326509396,0.07533333333333334,-0.7548853728619173,-0.17615644538716713,-0.9310418182490844,0.8752353616532721,0.10923076923076924,0.14029850746268657,0.8753846153846154,0.10923076923076924,0.14,0.8767508610792193,0.10769230769230764,0.13880597014925378,0.8758668197474168,0.11692307692307691,0.13134328358208958,0.8781974741676235,0.11076923076923073,0.13283582089552237,0.8817106773823191,0.0953846153846154,0.14119402985074625,0.8757290470723307,0.1461538461538462,0.10238805970149256,0.8567508610792194,0.12769230769230766,0.15880597014925368,0.8688174512055109,0.12923076923076926,0.13313432835820893,0.8707577497129736,0.12923076923076926,0.12925373134328355,0.8534787600459242,0.15692307692307694,0.13611940298507463
mobile_B,5000,1,play2013-2014,8.517193191416238,0.16966463800362108,0.08334662963013262,-0.4066898822784424,0.039670236732440314,0.05,-0.8312590954212083,-0.14828885612127862,-0.979547951542487,0.9353389185072354,0.0461538461538461,0.08316831683168313,0.9351716944269678,0.046488294314381284,0.08316831683168313,0.9354995198516507,0.04682274247491636,0.08217821782178214,0.9358140998046294,0.0491638795986622,0.07920792079207917,0.9369714228947978,0.048829431438127124,0.07722772277227719,0.9372992483194809,0.0491638795986622,0.0762376237623762,0.9377678068810226,0.05317725752508362,0.07128712871287124,0.9228633398456902,0.06120401337792647,0.09306930693069304,0.9370707639325806,0.03377926421404687,0.09207920792079205,0.9398341004669029,0.04013377926421402,0.08019801980198016,0.9307179045663764,0.07123745819397997,0.06732673267326728
mobile_B,5000,1,play2016-2016,8.517193191416238,0.2970646380036211,0.07483346147201508,-0.1952074021100998,0.03862800189295797,0.056666666666666664,-0.7880366115120866,-0.14727745863406494,-0.9353140701461515,0.8789544122510826,0.06400898371701291,0.17808219178082196,0.8790947828294093,0.06372824256035936,0.17808219178082196,0.8792351534077361,0.06344750140370581,0.17808219178082196,0.8804779778432413,0.09292532285233013,0.1461187214611872,0.859849912444653,0.18669286917462102,0.09360730593607303,0.8694508754252779,0.17434025828186417,0.08675799086757996,0.8862434269393573,0.06541268950028079,0.16210045662100458,0.865794830773333,0.12914093206064003,0.13926940639269403,0.889199541584303,0.07776530039303764,0.14383561643835618,0.8794787187947872,0.058394160583941646,0.182648401826484,0.8663582359712747,0.0937675463222909,0.1735159817351598
mobile_B,5000,1,play2017-2017,8.517193191416238,0.21406463800362108,0.10185102334149054,-0.2394370436668396,0.03417832287421088,0.03333333333333333,-0.6947526905564052,-0.2798788462168421,-0.9746315367732473,0.931300776409699,0.030536804885888835,0.10686164229471318,0.931300776409699,0.030536804885888835,0.10686164229471318,0.9325863558279901,0.030215364834458414,0.10461192350956128,0.9329882462859934,0.028286724525875884,0.10573678290213728,0.9344336417928473,0.038894246223079354,0.09223847019122611,0.9374065103000023,0.03857280617164893,0.08661417322834641,0.9332301398680035,0.017679202828672413,0.11586051743532055,0.939976403624571,0.053680488588878195,0.06636670416197976,0.9431917080760277,0.03600128576020567,0.07761529808773904,0.948976544277192,0.0379299260687882,0.06411698537682786,0.9347556242065691,0.03150112504017999,0.0989876265466817
mobile_B,5000,1,play2018-2018,8.517193191416238,0.03326463800362106,0.12220293651536773,-0.31128498911857605,0.08963931232681924,0.06733333333333333,-0.6752029029930453,-0.29571005100418646,-0.9709129539972318,0.927350843022182,0.0402090872537193,0.10508922670191667,0.9275518884584506,0.039806996381182125,0.10508922670191667,0.9278823577248088,0.039806996381182125,0.10442828816920025,0.9267502314082137,0.05066344993968641,0.09583608724388637,0.9263619599179448,0.049457177322074775,0.09781890284203565,0.9287606857708997,0.04664254121431444,0.09583608724388637,0.9310965600102689,0.024125452352231624,0.11368142762723066,0.9226111935401828,0.04704463208685161,0.1077329808327826,0.9297168807209253,0.022919179734619988,0.11764705882352944,0.9313277689059115,0.02895054282267795,0.10839391936549903,0.92866767069794,0.021712907117008462,0.12095175148711168
mobile_B,5000,1,play2019-2021,8.517193191416238,0.3318646380036211,0.2525537371248907,-0.5796704888343811,0.00853323281867273,0.03933333333333333,-0.7539902065923393,-0.1982315210133343,-0.9522217276056736,0.876614481409002,0.05534246575342461,0.1914285714285714,0.8763405088062622,0.055890410958904124,0.1914285714285714,0.8751076320939335,0.058356164383561615,0.1914285714285714,0.8751467710371821,0.06684931506849312,0.18285714285714283,0.877651663405088,0.050410958904109626,0.19428571428571428,0.87573385518591,0.03424657534246578,0.2142857142857143,0.8810567514677103,0.06931506849315072,0.1685714285714286,0.880958904109589,0.05808219178082197,0.18000000000000005,0.8798825831702544,0.034520547945205426,0.20571428571428574,0.885812133072407,0.031232876712328772,0.19714285714285718,0.8776712328767123,0.024657534246575352,0.21999999999999997
mobile_B,5000,1,slideme,7.906915488678587,0.04947612548521163,0.15189317631741728,-0.3522982597351074,0.04347496536598611,0.045454545454545456,-0.8818291203235591,-0.11254903943377159,-0.9943781597573307,0.9447200730897778,0.045519203413940224,0.06504065040650409,0.9447200730897778,0.045519203413940224,0.06504065040650409,0.9454313106431207,0.04409672830725464,0.06504065040650409,0.945566233756221,0.038406827880512084,0.07046070460704612,0.9462774713095636,0.0369843527738265,0.07046070460704612,0.9488525752967345,0.042674253200568946,0.05962059620596205,0.9490241203976763,0.06401137980085347,0.03794037940379402,0.939061012231744,0.027027027027026973,0.09485094850948506,0.9495638128500773,0.04125177809388336,0.05962059620596205,0.9495638128500773,0.04125177809388336,0.05962059620596205,0.9434325210961925,0.042674253200568946,0.07046070460704612
mobile_B,5000,2,1mobile,7.78155595923534,0.1907135988920694,0.1310612249563693,-0.4101749658584595,0.02104767729978631,0.03494176372712146,-0.9287009860123826,-0.05612474203164386,-0.9848257280440265,0.965486194477791,0.010204081632653073,0.05882352941176472,0.967076019597028,0.010204081632653073,0.055643879173290944,0.9678709321566464,0.010204081632653073,0.05405405405405406,0.9669097368677201,0.015306122448979553,0.05087440381558028,0.9669097368677201,0.015306122448979553,0.05087440381558028,0.9649873462898673,0.025510204081632626,0.04451510333863273,0.9646547808312514,0.0357142857142857,0.03497615262321141,0.9619739787807015,0.020408163265306145,0.055643879173290944,0.9633792706271698,0.03826530612244894,0.03497615262321141,0.963693585542325,0.04081632653061229,0.031796502384737635,0.9667252035949515,0.03316326530612246,0.03338632750397452
mobile_B,5000,2,PlayDrone,8.234564993267135,0.09605430780331303,0.10777164619102497,-0.10112866759300232,0.07386659962446854,0.09596510359869138,-0.7588746822621026,-0.21401725818473727,-0.9728919404468399,0.9055319861093678,0.08258064516129038,0.10635538261997401,0.9055286389690809,0.08129032258064517,0.1076523994811932,0.906815614409439,0.07741935483870965,0.1089494163424124,0.9081494498138154,0.0916129032258064,0.09208819714656291,0.9100347265804778,0.06838709677419352,0.11154345006485089,0.9159282038408435,0.0903225806451613,0.0778210116731517,0.9178804234132463,0.0929032258064516,0.07133592736705574,0.8778034391866449,0.14322580645161287,0.10116731517509725,0.9204778042759717,0.09419354838709681,0.06485084306095978,0.9120773189406302,0.10580645161290325,0.07003891050583655,0.8859964018241915,0.05161290322580647,0.17639429312581067
mobile_B,5000,2,angeeks,7.590852123688581,0.0859767479114788,0.13511401167089876,-0.36610421538352966,0.09577399384746714,0.1569767441860465,-0.7933822639225181,-0.16468371670702187,-0.95806598062954,0.9145612478400971,0.08163265306122447,0.08924485125858128,0.9145612478400971,0.08163265306122447,0.08924485125858128,0.9133791388408911,0.10459183673469385,0.06864988558352403,0.9159301592490543,0.09948979591836737,0.06864988558352403,0.9132477933965348,0.1071428571428571,0.06636155606407323,0.9149173399336852,0.09693877551020413,0.07322654462242562,0.9088404240414701,0.08163265306122447,0.10068649885583525,0.866430439452669,0.12755102040816324,0.13958810068649885,0.9132477933965348,0.1071428571428571,0.06636155606407323,0.8976614673329286,0.07653061224489799,0.12814645308924488,0.8695243543641713,0.1785714285714286,0.08237986270022879
mobile_B,5000,2,anzhi,8.517193191416238,0.45285149538622627,0.24580915620230703,-0.20903851091861725,0.0766907892672122,0.09266666666666666,-0.6926700874697578,-0.24080276196299932,-0.9334728494327571,0.8705717901757772,0.17813765182186236,0.08071876782658305,0.8708570155037865,0.17813765182186236,0.0801483171705647,0.8769812767470917,0.13765182186234814,0.10838562464346835,0.8785638731520978,0.13562753036437247,0.10724472333143187,0.8699181969140236,0.19028340080971662,0.06988020536223616,0.8792255497227425,0.16396761133603244,0.07758128921848262,0.8765990517123912,0.15182186234817818,0.09498003422703938,0.825011374370368,0.27125506072874495,0.0787221905305191,0.8705717901757772,0.17813765182186236,0.08071876782658305,0.8711976692356191,0.17004048582995956,0.08756417569880204,0.8370243261407282,0.2246963562753036,0.10125499144324013
mobile_B,5000,2,appchina,8.517193191416238,0.41485149538622634,0.2679002624347012,-0.4631337821483612,0.05546276415335448,0.09533333333333334,-0.7423371234076139,-0.1847661211754984,-0.9271032445831123,0.86790804912886,0.1418338108882522,0.12235009085402782,0.8671917167506364,0.1432664756446992,0.12235009085402782,0.8691892905055372,0.13896848137535822,0.12265293761356755,0.8709074469063639,0.14613180515759316,0.11205330102967903,0.8723401116628109,0.1432664756446992,0.11205330102967903,0.8721886882830411,0.1432664756446992,0.11235614778921865,0.8745177447374952,0.09742120343839544,0.15354330708661412,0.8621717496906451,0.16905444126074498,0.10660205935796485,0.8779718465321876,0.13896848137535822,0.10508782556026652,0.8739241997990277,0.1404011461318052,0.1117504542701393,0.861664980327977,0.16189111747851004,0.11477892186553607
mobile_B,5000,2,play2013-2014,8.517193191416238,0.17334850461377369,0.08373623646509976,-0.41874098777770996,0.044692870978246514,0.04666666666666667,-0.8727739661654136,-0.1026924342105261,-0.9754664003759397,0.9339389347180543,0.04492566257272135,0.08719646799116998,0.9341005378208339,0.0446024563671622,0.08719646799116998,0.9342621409236135,0.044279250161603056,0.08719646799116998,0.9353658936829954,0.044279250161603056,0.08498896247240617,0.9348261464545065,0.04977375565610864,0.08057395143487855,0.9369391159418428,0.051066580478345225,0.07505518763796915,0.9437935133299371,0.038461538461538436,0.07395143487858724,0.924477840040754,0.038461538461538436,0.11258278145695366,0.9418389362877091,0.05009696186166779,0.06622516556291391,0.9393356935234614,0.04848093083387206,0.07284768211920534,0.9364696464423773,0.044279250161603056,0.08278145695364236
mobile_B,5000,2,play2016-2016,8.517193191416238,0.2933485046137737,0.07360174808399467,-0.18487223982810974,0.03610508941776122,0.058666666666666666,-0.7661250699951229,-0.18239464605046884,-0.9485197160455917,0.8736901339903576,0.041867043847241825,0.21075268817204296,0.8747654028075619,0.041867043847241825,0.20860215053763442,0.8841614576204164,0.0531824611032532,0.17849462365591395,0.8750482882389621,0.041301272984441306,0.20860215053763442,0.8881902936837462,0.12899575671852903,0.09462365591397848,0.8865477331143252,0.11937765205091933,0.10752688172043012,0.8884366777691595,0.0704384724186704,0.15268817204301077,0.8588736292984137,0.1188118811881188,0.16344086021505377,0.8888610059162598,0.06958981612446957,0.15268817204301077,0.8845279919697039,0.04384724186704381,0.18709677419354842,0.865319158643975,0.07581329561527583,0.19354838709677424
mobile_B,5000,2,play2017-2017,8.517193191416238,0.20494850461377367,0.10087072498971517,-0.20282882452011108,0.029715844617073595,0.032,-0.7013265993265992,-0.25887412587412617,-0.9602007252007254,0.939760958706516,0.0694931463181383,0.05098493626882972,0.939760958706516,0.0694931463181383,0.05098493626882972,0.9399203466567869,0.06917437041759644,0.05098493626882972,0.9411803056333206,0.07013069811922223,0.04750869061413676,0.9420784558096447,0.0694931463181383,0.04634994206257237,0.943975966587262,0.06917437041759644,0.042873696407879525,0.9438874998106922,0.07746254383168627,0.03476245654692933,0.9466042978970025,0.03379024545744347,0.07300115874855151,0.9480690787007093,0.023908192540643913,0.07995365005793742,0.9585105593131875,0.03315269365635953,0.049826187717265324,0.9480109011754076,0.025183296142811562,0.07879490150637314
mobile_B,5000,2,play2018-2018,8.517193191416238,0.03974850461377366,0.11800066901097828,-0.3207162320613861,0.09200723605243012,0.07266666666666667,-0.6833412469342586,-0.286915452832446,-0.9702566997667046,0.9272120065934201,0.058940661091198776,0.08663532572196109,0.9274111304484579,0.05854241338112309,0.08663532572196109,0.9282076258686093,0.05694942254082036,0.08663532572196109,0.9304604401479695,0.0517722023098367,0.08730691739422436,0.9305228920219135,0.050975706889685335,0.08797850906648752,0.9312804720345322,0.05416168857029069,0.08327736736064473,0.9343569289083706,0.04062126642771802,0.09066487575554061,0.9182622652404637,0.04460374352847474,0.1188717259905977,0.928538874887366,0.03345280764635605,0.109469442578912,0.932232629084814,0.03345280764635605,0.10208193418401612,0.9330336713223402,0.05535643170051774,0.07857622565480193
mobile_B,5000,2,play2019-2021,8.517193191416238,0.3221485046137737,0.2538325297717381,-0.5966737270355225,0.01600426639564822,0.019333333333333334,-0.7703183147262094,-0.17796384901648077,-0.9482821637426901,0.8782824151462343,0.06063947078280041,0.18279569892473113,0.8785580491043379,0.06008820286659311,0.18279569892473113,0.8792130502305842,0.0614663726571113,0.18010752688172038,0.8826925584758925,0.05181918412348396,0.18279569892473113,0.8808031321501819,0.09592061742006619,0.14247311827956988,0.8851806736138279,0.10060639470782795,0.12903225806451613,0.8910015886000167,0.07552370452039692,0.14247311827956988,0.8630573437185096,0.11797133406835725,0.15591397849462363,0.8924820096975732,0.06449834619625139,0.15053763440860213,0.883835105689322,0.08985667034178613,0.14247311827956988,0.8643525269409966,0.013230429988974612,0.25806451612903225
mobile_B,5000,2,slideme,7.899524472032198,0.05935265891644431,0.1527698680809234,-0.3578873872756958,0.045039230651457235,0.06647398843930635,-0.8816778280542987,-0.10372036199095003,-0.9853981900452488,0.9576075091096385,0.014836795252225476,0.06994818652849744,0.9544518073215356,0.023738872403560873,0.06735751295336789,0.9544518073215356,0.023738872403560873,0.06735751295336789,0.9585261604218878,0.020771513353115778,0.06217616580310881,0.955947018034778,0.010385756676557834,0.07772020725388606,0.958161006134592,0.016320474777448024,0.06735751295336789,0.9583378176842299,0.023738872403560873,0.059585492227979264,0.93537537860734,0.03857566765578635,0.09067357512953367,0.9583378176842299,0.023738872403560873,0.059585492227979264,0.9655563413846651,0.022255192878338326,0.04663212435233166,0.9370474008702203,0.03264094955489616,0.09326424870466321
mobile_B,5000,3,1mobile,7.795646536334594,0.20333811446814887,0.1309387023455234,-0.4154375195503235,0.019729545405995242,0.026690391459074734,-0.9279031140058331,-0.0665254181870496,-0.9944285321928827,0.9680969437705685,0.03579952267303099,0.028006589785831926,0.9631015243794553,0.009546539379474916,0.06425041186161451,0.9622778011504602,0.009546539379474916,0.0658978583196046,0.9741480657248567,0.02863961813842486,0.023064250411861664,0.9713918366865488,0.03579952267303099,0.021416803953871466,0.9701985192641144,0.03818615751789978,0.021416803953871466,0.9734934121800947,0.03818615751789978,0.014827018121911006,0.9529003314552181,0.03818615751789978,0.05601317957166396,0.9603138405161737,0.03818615751789978,0.041186161449752845,0.9641788521347996,0.023866348448687402,0.047775947281713305,0.9658262985927897,0.023866348448687402,0.04448105436573313
mobile_B,5000,3,PlayDrone,8.208764045819667,0.08563950409930221,0.10993849336520001,-0.09051380306482315,0.054886754712249824,0.11955420466058764,-0.7440694045174537,-0.2336082135523614,-0.9776776180698151,0.9134791427558531,0.0872913992297818,0.08575031525851196,0.9147401768037724,0.0872913992297818,0.08322824716267341,0.9153706938277321,0.0872913992297818,0.08196721311475408,0.9166543908752289,0.08472400513478817,0.08196721311475408,0.9152460473300559,0.10141206675224645,0.0680958385876419,0.9165977333762851,0.09114249037227218,0.07566204287515765,0.9160012108516917,0.0872913992297818,0.08070617906683486,0.8873333257790001,0.12066752246469836,0.10466582597730134,0.9121501197092012,0.09499358151476256,0.08070617906683486,0.9141776487785452,0.07958921694480103,0.09205548549810849,0.8939217835133153,0.08857509627727855,0.12358133669609084
mobile_B,5000,3,angeeks,7.582738488914411,0.10865270717807984,0.13471861390993523,-0.37753984332084656,0.10451610742083489,0.15109343936381708,-0.7928247997213514,-0.1754551787467148,-0.9682799784680662,0.9070025271052418,0.1103448275862069,0.07565011820330969,0.9070025271052418,0.1103448275862069,0.07565011820330969,0.9082171680117388,0.11264367816091958,0.07092198581560283,0.9076954430586125,0.07586206896551728,0.10874704491725773,0.914094725686802,0.1103448275862069,0.0614657210401891,0.9085106382978724,0.1333333333333333,0.049645390070921946,0.9063177631042635,0.06206896551724139,0.12529550827423164,0.8567294367000897,0.14942528735632188,0.1371158392434988,0.9102225483003179,0.08735632183908049,0.09219858156028371,0.8902910247004158,0.09885057471264369,0.12056737588652477,0.8603407516100106,0.15402298850574714,0.12529550827423164
mobile_B,5000,3,anzhi,8.517193191416238,0.44643111858337514,0.24988172215874205,-0.20808345079421997,0.0858610823028915,0.10066666666666667,-0.6883998843925794,-0.2308131474120273,-0.9192130318046067,0.8779578585180303,0.13752455795677798,0.10655972500716127,0.8773849567706801,0.13752455795677798,0.10770552850186188,0.8773849567706801,0.13752455795677798,0.10770552850186188,0.876485084576168,0.13359528487229866,0.11343454597536518,0.8780403045946383,0.13163064833005889,0.11228874248066456,0.8766066432966275,0.14538310412573674,0.10140360928100833,0.8763362314207908,0.18860510805500985,0.058722429103408746,0.8557767686653134,0.1532416502946955,0.13520481237467774,0.8750877220627389,0.19253438113948917,0.05729017473503295,0.8861447820637858,0.11198428290766205,0.11572615296476652,0.872678777141783,0.13948919449901764,0.11515325121741626
mobile_B,5000,3,appchina,8.517193191416238,0.42403111858337517,0.2583602610090905,-0.4873695969581604,0.07225467730680843,0.09,-0.7530742536063271,-0.17545545920923622,-0.9285297128155633,0.8742686432406487,0.10534124629080122,0.14612146722790142,0.8748307106494823,0.09940652818991103,0.15093205051112446,0.8752817028322843,0.09940652818991103,0.15003006614552017,0.876634679380691,0.09940652818991103,0.14732411304870718,0.8782588757581219,0.09495548961424327,0.14852675886951294,0.8810433398580735,0.10682492581602376,0.13108839446782927,0.8886022543363947,0.09050445103857563,0.13229104028863503,0.8504548285159101,0.18694362017804156,0.11214672279013826,0.8860270042163978,0.08753709198813053,0.140408899579074,0.8748601522756593,0.10385756676557867,0.14642212868310278,0.8528007908199224,0.10979228486646886,0.18460613349368615
mobile_B,5000,3,play2013-2014,8.517193191416238,0.17456888141662483,0.0855800449116354,-0.4040694236755371,0.034560801154945135,0.054,-0.8341469844083951,-0.13766252561773307,-0.9718095100261281,0.9320216454765158,0.04885993485342022,0.08709677419354833,0.931727435116108,0.042996742671009724,0.09354838709677415,0.9318903015656195,0.04267100977198701,0.09354838709677415,0.9328027039333123,0.042996742671009724,0.09139784946236562,0.9332913032818465,0.042019543973941365,0.09139784946236562,0.9351336205386851,0.0501628664495114,0.0795698924731183,0.9346607824594586,0.047882736156351746,0.08279569892473115,0.9267468740149207,0.07231270358306185,0.0741935483870968,0.93713705299289,0.04723127035830621,0.07849462365591398,0.9398234737837554,0.036482084690553696,0.08387096774193548,0.9352159293895135,0.055374592833876246,0.0741935483870968
mobile_B,5000,3,play2016-2016,8.517193191416238,0.3029688814166248,0.07431556040875398,-0.20349955558776855,0.04547042476156183,0.07733333333333334,-0.7764378522599895,-0.1739615730727334,-0.9503994253327229,0.8756616448602803,0.08515469770082318,0.16352201257861632,0.8724521280045892,0.09367016747090551,0.16142557651991618,0.874080242979498,0.10928186204938972,0.1425576519916143,0.8763712673411205,0.08373545273914274,0.16352201257861632,0.8767970408296246,0.08288390576213456,0.16352201257861632,0.8737496808930354,0.07011070110701112,0.1823899371069182,0.8906651766082248,0.09707635537893844,0.12159329140461217,0.8674321068319537,0.12886744252057902,0.13626834381551367,0.885478833017648,0.09906329832529093,0.12997903563941304,0.8858924075452657,0.08146466080045411,0.14675052410901468,0.8660958743114282,0.07493613397672438,0.19287211740041932
mobile_B,5000,3,play2017-2017,8.517193191416238,0.19576888141662482,0.10232209193759556,-0.18342667818069458,0.03617937464180055,0.032,-0.7094176041833806,-0.2577221829124262,-0.9671397870958068,0.9325536718426278,0.02497628833386023,0.10991636798088411,0.9325536718426278,0.02497628833386023,0.10991636798088411,0.9325536718426278,0.02497628833386023,0.10991636798088411,0.9358566852167252,0.024343977236800485,0.10394265232974909,0.9312707300020284,0.022763199494151176,0.11469534050179209,0.9309545744534985,0.023395510591210922,0.11469534050179209,0.9320960584052993,0.019917799557382265,0.11589008363201914,0.9315570453016528,0.05564337654125828,0.08124253285543603,0.9333291405894998,0.04015175466329435,0.09318996415770608,0.9394259944829535,0.04110022130888402,0.0800477897252091,0.9334488793097913,0.019601644008852337,0.11350059737156515
mobile_B,5000,3,play2018-2018,8.517193191416238,0.0409688814166248,0.12364544972259606,-0.3053227365016937,0.08847199039083936,0.06066666666666667,-0.6928105233321398,-0.2512898690177827,-0.9441003923499225,0.9298097281037829,0.05204608661104493,0.0883344571813891,0.9300083772893213,0.05164878823996821,0.0883344571813891,0.9305441808915826,0.0512514898688915,0.08766014834794333,0.9302070264748596,0.0512514898688915,0.0883344571813891,0.9308503926502749,0.040524433849821184,0.0977747808496291,0.9323794421802277,0.038140643623361115,0.09710047201618344,0.9325416567208122,0.03377036154151769,0.10114632501685772,0.9263343719886163,0.033373063170440975,0.11395819285232633,0.9301815758037523,0.03377036154151769,0.10586648685097777,0.9317525519655822,0.028605482717520836,0.10788941335131486,0.933516685326027,0.02979737783075087,0.10316925151719492
mobile_B,5000,3,play2019-2021,8.517193191416238,0.3297688814166248,0.24884571274190292,-0.5845168232917786,0.0039113497738878025,0.02,-0.7556658508336793,-0.17299611022486405,-0.9286619610585434,0.8943638438309511,0.04506732618851328,0.16620498614958445,0.8943638438309511,0.04506732618851328,0.16620498614958445,0.897277417085909,0.08079142621599344,0.1246537396121884,0.8962052373525039,0.05523495465787309,0.1523545706371191,0.8981840312587779,0.0651277823577906,0.13850415512465375,0.8968541782277102,0.0788678208298983,0.12742382271468145,0.8894676705648792,0.10195108546303933,0.11911357340720219,0.8884777026960162,0.06237977466336908,0.16066481994459836,0.8842243805374068,0.10689749931299808,0.1246537396121884,0.9011958020186057,0.056334157735641655,0.1412742382271468,0.8907583207160958,0.04396812311074472,0.1745152354570637
mobile_B,5000,3,slideme,7.912789220690681,0.056423347009597,0.15644359086978843,-0.35490351915359497,0.03970413186077149,0.060240963855421686,-0.8927014829142488,-0.09267767693299611,-0.9853791598472449,0.9669736560291282,0.03748125937031488,0.02857142857142858,0.9690219825152359,0.0359820089955023,0.025974025974025983,0.9754200821667088,0.01799100449775115,0.03116883116883118,0.9754200821667088,0.01799100449775115,0.03116883116883118,0.9757686092018926,0.022488755622188883,0.025974025974025983,0.9763702564302265,0.013493253373313308,0.03376623376623378,0.9735723047567125,0.016491754122938573,0.036363636363636376,0.9571856928678517,0.028485757121439303,0.05714285714285716,0.9685780486380187,0.013493253373313308,0.04935064935064937,0.9663817441928386,0.007496251874062998,0.05974025974025976,0.9514943826787905,0.016491754122938573,0.08051948051948055
mobile_B,5000,4,1mobile,7.766840537085513,0.19552154535503158,0.13082458918420248,-0.4124979078769684,0.022684683761609273,0.04133545310015898,-0.9250058291116435,-0.0666055493142843,-0.9916113784259278,0.9604056395339595,0.02487562189054726,0.054313099041533586,0.9588081954445027,0.02487562189054726,0.057507987220447254,0.9594241253794924,0.03482587064676612,0.04632587859424919,0.9622653505634766,0.03233830845771146,0.04313099041533541,0.9655516347972597,0.027363184079602032,0.04153354632587858,0.9700817001255702,0.01990049751243783,0.039936102236421744,0.9708804221702987,0.01990049751243783,0.03833865814696491,0.9690207111407817,0.01243781094527363,0.04952076677316297,0.9708804221702987,0.01990049751243783,0.03833865814696491,0.971416877274967,0.01243781094527363,0.04472843450479236,0.9689293150859123,0.01741293532338306,0.04472843450479236
mobile_B,5000,4,PlayDrone,8.23403420769204,0.08886615384848329,0.10837615066484874,-0.09430649876594543,0.06238360553519777,0.10948905109489052,-0.7270080059174172,-0.24809098028977938,-0.9750989862071966,0.9170727706610368,0.07362784471218209,0.09222661396574439,0.9177421147038748,0.07228915662650603,0.09222661396574439,0.9177209496748522,0.07496653279785814,0.08959156785243738,0.914289569344572,0.09236947791164662,0.07905138339920947,0.9170198580884804,0.08032128514056225,0.08563899868247693,0.917710367160341,0.07630522088353409,0.08827404479578393,0.9174881343556043,0.10441767068273089,0.06060606060606055,0.890809615272685,0.14591700133868812,0.07246376811594202,0.9168293728272775,0.10441767068273089,0.06192358366271411,0.9107841114127128,0.11914323962516737,0.059288537549407105,0.8935504865311046,0.1325301204819277,0.08036890645586303
mobile_B,5000,4,angeeks,7.590852123688581,0.11576656223283116,0.13673104429364136,-0.37460920214653015,0.07470526881829845,0.13333333333333333,-0.7849339560117754,-0.18592808372250735,-0.9708620397342828,0.9111687520825433,0.11547344110854507,0.062189054726368154,0.9111687520825433,0.11547344110854507,0.062189054726368154,0.9111687520825433,0.11547344110854507,0.062189054726368154,0.9190737995932577,0.09468822170900693,0.06716417910447758,0.9214723150988705,0.09237875288683606,0.06467661691542292,0.9159657830937691,0.11085450346420322,0.057213930348258724,0.9016637367435341,0.12702078521939952,0.06965174129353235,0.8631093952868452,0.15935334872979212,0.11442786069651745,0.9133891742212723,0.10854503464203236,0.06467661691542292,0.8880654464398561,0.0646651270207852,0.15920398009950254,0.8775866625303046,0.11547344110854507,0.12935323383084574
mobile_B,5000,4,anzhi,8.517193191416238,0.4509988854651544,0.2465080382723327,-0.19465886056423187,0.060966116845502544,0.09333333333333334,-0.7228134749111103,-0.23121612404602498,-0.9540295989571352,0.8766584589297471,0.16535433070866146,0.08132875143184426,0.8756742069612432,0.16732283464566933,0.08132875143184426,0.8734193341811655,0.17125984251968507,0.081901489117984,0.8710753939262748,0.18110236220472442,0.07674684994272618,0.8713256848048633,0.17716535433070868,0.08018327605956477,0.8683368509348702,0.17913385826771655,0.08419243986254299,0.8701091809400114,0.18503937007874016,0.07474226804123707,0.8383752288695872,0.1751968503937008,0.14805269186712489,0.8662589856680286,0.155511811023622,0.11197021764032078,0.869375219850096,0.1830708661417323,0.07817869415807566,0.8488637696061188,0.17913385826771655,0.12313860252004583
mobile_B,5000,4,appchina,8.517193191416238,0.40979888546515436,0.2719278100344076,-0.47001150250434875,0.03959205369291552,0.08733333333333333,-0.7220513329768543,-0.19566007180505696,-0.9177114047819113,0.8807518125610034,0.1047040971168437,0.13379227776114933,0.8810511241443617,0.1047040971168437,0.13319365459443278,0.8804420545946146,0.1062215477996965,0.1328943430110745,0.8797076284484986,0.12594840667678298,0.11463633642621973,0.8815732162006141,0.09408194233687406,0.14277162526189768,0.8841938957696236,0.1047040971168437,0.126908111343909,0.8845767784172276,0.09256449165402125,0.13828195151152345,0.8692283166017098,0.1047040971168437,0.1568392696797366,0.8850466385583264,0.08952959028831564,0.14037713259503137,0.8890003674401683,0.08042488619119881,0.14157437892846458,0.873836306994671,0.10925644916540211,0.14307093684525596
mobile_B,5000,4,play2013-2014,8.517193191416238,0.17880111453484562,0.0855064377482273,-0.4111121594905853,0.04202795570762122,0.04533333333333334,-0.8434718756372039,-0.12400644729048738,-0.9674783229276913,0.9258040915220664,0.05182529335071706,0.09656652360515017,0.9258040915220664,0.05182529335071706,0.09656652360515017,0.9263405722087616,0.05182529335071706,0.09549356223175964,0.928017861239655,0.049543676662320735,0.09442060085836912,0.9292537952336454,0.04921773142112129,0.09227467811158796,0.9267756321658991,0.06812255541069101,0.0783261802575107,0.9328531819529855,0.05704041720990871,0.07725321888412018,0.9256411189014666,0.052151238591916504,0.09656652360515017,0.9331791271941849,0.056388526727509825,0.07725321888412018,0.9327440672370475,0.040091264667535875,0.09442060085836912,0.931773226046522,0.049543676662320735,0.08690987124463523
mobile_B,5000,4,play2016-2016,8.517193191416238,0.2946011145348456,0.07439399938146363,-0.20426158607006073,0.03652986494097611,0.05266666666666667,-0.7612127223719677,-0.17369832884097025,-0.9349110512129379,0.8836619718309859,0.0726760563380282,0.16000000000000003,0.8835211267605634,0.07295774647887321,0.16000000000000003,0.8835211267605634,0.07295774647887321,0.16000000000000003,0.8838967136150235,0.07887323943661972,0.15333333333333332,0.8821283255086072,0.07352112676056333,0.16222222222222227,0.88339593114241,0.09098591549295776,0.14222222222222225,0.8873395931142409,0.06309859154929576,0.16222222222222227,0.8641001564945227,0.10957746478873243,0.16222222222222227,0.8836619718309859,0.0726760563380282,0.16000000000000003,0.8828169014084507,0.1143661971830986,0.12,0.8755555555555555,0.14,0.10888888888888892
mobile_B,5000,4,play2017-2017,8.517193191416238,0.2054011145348456,0.10201987666013235,-0.22722722589969635,0.03901801007242857,0.048,-0.7000464512567055,-0.28026352461518456,-0.9803099758718901,0.9278370271339632,0.058916693063034486,0.08540925266903909,0.9278370271339632,0.058916693063034486,0.08540925266903909,0.9278370271339632,0.058916693063034486,0.08540925266903909,0.931958054386663,0.045929680076021495,0.09015421115065247,0.9314829197651869,0.04687994931897366,0.09015421115065247,0.9334206574029507,0.04656319290465627,0.08659549228944252,0.9356251768368772,0.06113398796325631,0.06761565836298933,0.934647290041787,0.04529616724738672,0.08540925266903909,0.9338458174062723,0.06113398796325631,0.07117437722419928,0.9398609954117289,0.05384859043395629,0.06642941874258601,0.9331506817402139,0.036426987646499875,0.09727164887307238
mobile_B,5000,4,play2018-2018,8.517193191416238,0.029001114534845607,0.12116232998813814,-0.31869828701019287,0.07668263059862003,0.062,-0.6839550358742477,-0.28836350587802206,-0.9723185417522697,0.9218353063653149,0.03192747339377222,0.12440191387559807,0.9210070990354375,0.03153330705557744,0.12645249487354748,0.9212041822045349,0.031139140717382774,0.12645249487354748,0.9231100828719234,0.030744974379187995,0.12303485987696516,0.9239906930403372,0.030350808040993327,0.12166780587833215,0.9251652440665572,0.0512416239653134,0.09842788790157209,0.9276749224262864,0.046905794245171495,0.09774436090225569,0.916155188918295,0.024832479306267197,0.1428571428571429,0.9267020347658482,0.04611746156878205,0.1004784688995215,0.9294566189365268,0.020102483247930625,0.12098427887901575,0.9297357415109422,0.03389830508474578,0.10663021189336974
mobile_B,5000,4,play2019-2021,8.517193191416238,0.3278011145348456,0.251390335743496,-0.5581381916999817,0.011174551193974836,0.022,-0.7433699001333013,-0.15112541246913314,-0.8944953126024344,0.865613612944289,0.030950424541221544,0.23782234957020054,0.8618626289928025,0.10435497124075599,0.17191977077363896,0.8611778850870233,0.10572445905231442,0.17191977077363896,0.85932377909573,0.11229800054779515,0.16905444126074498,0.8624210190088047,0.0975075321829636,0.1776504297994269,0.8697742660290897,0.06847439057792382,0.1919770773638968,0.8750838762234157,0.03779786359901394,0.21203438395415475,0.8522244170651523,0.040536839222130916,0.2550143266475645,0.8622840702276489,0.09778142974527526,0.1776504297994269,0.8753679762737218,0.06874828814023559,0.1805157593123209,0.8745462835867868,0.07039167351410569,0.1805157593123209
mobile_B,5000,4,slideme,7.8826922062890254,0.05717237066460795,0.1534980321522289,-0.3478563129901886,0.04891481770055603,0.06694560669456066,-0.8814616755793226,-0.11037263390204566,-0.9918343094813683,0.9654441537179693,0.0370919881305638,0.03201970443349755,0.9674175205741766,0.035608308605341255,0.029556650246305383,0.9674175205741766,0.035608308605341255,0.029556650246305383,0.968159360336788,0.03412462908011871,0.029556650246305383,0.9679218254374297,0.029673590504451064,0.03448275862068961,0.9681739778690561,0.02670623145400597,0.036945812807881784,0.9681739778690561,0.02670623145400597,0.036945812807881784,0.9575945388899445,0.020771513353115778,0.0640394088669951,0.9666902983438336,0.029673590504451064,0.036945812807881784,0.9612891201707328,0.020771513353115778,0.056650246305418706,0.9610369677391062,0.023738872403560873,0.054187192118226646
iot,100,0,dev0,4.605170185988092,0.010000000000000009,1.9999999999694205,-0.4083718955516815,0.10772932072480519,0.0,-0.18857142857142858,-0.25142857142857133,-0.43999999999999995,0.5204405162738497,0.32499999999999996,0.6341189674523008,0.6156004489337823,0.0,0.7687991021324354,0.6303591470258136,0.033333333333333326,0.7059483726150393,0.6438271604938272,0.033333333333333326,0.6790123456790124,0.6513608305274972,0.025000000000000022,0.6722783389450055,0.6524831649831649,0.025000000000000022,0.67003367003367,0.6516835016835016,0.033333333333333326,0.6632996632996633,0.6522446689113356,0.033333333333333326,0.6621773288439955,0.5204405162738497,0.32499999999999996,0.6341189674523008,0.6511363636363636,0.09166666666666667,0.6060606060606061,0.5204405162738497,0.32499999999999996,0.6341189674523008
iot,100,0,dev1,4.605170185988092,0.0,1.9999999999669298,-0.7252470254898071,0.11520840922991434,0.0,-0.5914516750096265,-0.12552945706584517,-0.7169811320754716,0.6814896484135734,0.11111111111111116,0.525909592061742,0.7507879233347812,0.19191919191919193,0.30650496141124584,0.7709008497321617,0.16161616161616166,0.2965821389195149,0.7928624725758133,0.1717171717171717,0.24255788313120175,0.7939650084082278,0.1717171717171717,0.24035281146637266,0.7956188121568497,0.1717171717171717,0.23704520396912898,0.7967213479892642,0.1717171717171717,0.2348401323042999,0.7978238838216787,0.1717171717171717,0.23263506063947081,0.7978238838216787,0.1717171717171717,0.23263506063947081,0.7966322541846247,0.18181818181818177,0.22491730981256886,0.8025013085652557,0.14141414141414144,0.2535832414553473
iot,100,0,dev2,4.605170185988092,0.030000000000000027,1.9999999999201967,-0.39239302277565,0.16543740332126616,0.0,-0.5680868838763576,-0.03425229741019209,-0.6023391812865497,0.5978954409797262,0.21138211382113825,0.5928270042194093,0.6549861068230936,0.16260162601626016,0.5274261603375527,0.6781928578779459,0.16260162601626016,0.4810126582278481,0.6880595862920655,0.1544715447154471,0.4694092827004219,0.6917515694144283,0.1544715447154471,0.4620253164556962,0.6959709786971288,0.1544715447154471,0.45358649789029537,0.6964984048574663,0.1544715447154471,0.4525316455696202,0.7005634455078729,0.14634146341463417,0.4525316455696202,0.6943887002161161,0.1544715447154471,0.4567510548523207,0.7090022640732736,0.14634146341463417,0.4356540084388185,0.5961459298137285,0.6747967479674797,0.13291139240506333
iot,100,0,dev3,4.605170185988092,0.010000000000000009,1.999999999914533,-0.6636011004447937,0.16560634573300675,0.0,-0.6437847866419294,-0.06864564007421159,-0.712430426716141,0.7230141968790331,0.05555555555555558,0.49841605068637806,0.7795251504332814,0.03968253968253965,0.4012671594508975,0.8449615326595263,0.0714285714285714,0.23864836325237593,0.8565603995910226,0.08730158730158732,0.1995776135163675,0.8573439935636346,0.09523809523809523,0.19007391763463566,0.8583999597727159,0.09523809523809523,0.18796198521647312,0.8583999597727159,0.09523809523809523,0.18796198521647312,0.8583999597727159,0.09523809523809523,0.18796198521647312,0.8583999597727159,0.09523809523809523,0.18796198521647312,0.8620958415045004,0.09523809523809523,0.18057022175290394,0.8271316270260304,0.2063492063492064,0.13938753959873285
iot,100,0,dev4,4.605170185988092,0.010000000000000009,1.9999999999533835,-0.7010373473167419,0.08394386172294617,0.0,-0.6909620991253644,-0.09567983037370786,-0.7866419294990723,0.7663631801562836,0.10344827586206895,0.3638253638253638,0.794492436733816,0.1293103448275862,0.28170478170478175,0.8464406050612947,0.18965517241379315,0.11746361746361744,0.8581797978349702,0.1724137931034483,0.11122661122661126,0.8586995483547208,0.1724137931034483,0.11018711018711014,0.8640493942218079,0.1637931034482759,0.10810810810810811,0.865088895261309,0.1637931034482759,0.10602910602910598,0.8564682056061367,0.18103448275862066,0.10602910602910598,0.8564682056061367,0.18103448275862066,0.10602910602910598,0.8497741773603843,0.2068965517241379,0.0935550935550935,0.852829951967883,0.18103448275862066,0.11330561330561328
iot,100,0,dev5,4.605170185988092,0.030000000000000027,1.999999999980187,-0.354734867811203,0.12739904125531518,0.0,-0.5458553791887125,-0.15476190476190477,-0.7006172839506173,0.8005983742285112,0.1785714285714286,0.22023182297154897,0.8043993677555321,0.25,0.14120126448893577,0.8010734984193888,0.3125,0.0853530031612223,0.8229245069998494,0.3035714285714286,0.050579557428872546,0.819513962065332,0.3125,0.048472075869336106,0.8126928721962968,0.3303571428571429,0.04425711275026345,0.8155765467409304,0.3214285714285714,0.04741833508956794,0.8155765467409304,0.3214285714285714,0.04741833508956794,0.8155765467409304,0.3214285714285714,0.04741833508956794,0.8355693963570676,0.3035714285714286,0.025289778714436273,0.8231738295950626,0.2946428571428571,0.05900948366701786
iot,100,0,dev6,4.605170185988092,0.030000000000000027,1.9999999999324367,-0.515748918056488,0.1854232907295227,0.0,-0.9539371304077188,-0.04606286959228123,-1.0,0.9705882352941176,0.05882352941176472,0.0,0.9852941176470589,0.02941176470588236,0.0,0.9852941176470589,0.02941176470588236,0.0,0.9852941176470589,0.02941176470588236,0.0,0.9852941176470589,0.02941176470588236,0.0,0.9852941176470589,0.02941176470588236,0.0,0.9852941176470589,0.02941176470588236,0.0,0.9852941176470589,0.02941176470588236,0.0,0.9852941176470589,0.02941176470588236,0.0,0.9852941176470589,0.02941176470588236,0.0,0.9889705882352942,0.022058823529411797,0.0
iot,100,0,dev7,4.605170185988092,0.020000000000000018,1.9999999999733695,-0.825966477394104,0.1394313191374143,0.16666666666666666,-0.8128434065934067,-0.10061813186813173,-0.9134615384615384,0.8392123641879845,0.024793388429752095,0.2967818831942789,0.9207783764615491,0.008264462809917328,0.1501787842669845,0.9137058087648617,0.024793388429752095,0.14779499404052443,0.9119573675863631,0.03305785123966942,0.1430274135876043,0.9119573675863631,0.03305785123966942,0.1430274135876043,0.9119573675863631,0.03305785123966942,0.1430274135876043,0.9125533151429781,0.03305785123966942,0.14183551847437426,0.9131492626995932,0.03305785123966942,0.14064362336114422,0.9131492626995932,0.03305785123966942,0.14064362336114422,0.9119573675863631,0.03305785123966942,0.1430274135876043,0.9207783764615491,0.008264462809917328,0.1501787842669845
iot,100,1,dev0,4.605170185988092,0.012500000000000067,1.9999999999869398,-0.3474292755126953,0.17002358138561252,0.0,-0.2276785714285714,-0.31078296703296715,-0.5384615384615385,0.6964285714285714,0.0,0.6071428571428572,0.6240003881987578,0.008695652173912993,0.7433035714285714,0.6346030667701863,0.008695652173912993,0.7220982142857143,0.6385093167701863,0.008695652173912993,0.7142857142857143,0.5763150232919254,0.15652173913043477,0.6908482142857143,0.5779891304347826,0.15652173913043477,0.6875,0.5573660714285714,0.19999999999999996,0.6852678571428572,0.5579241071428571,0.19999999999999996,0.6841517857142857,0.6964285714285714,0.0,0.6071428571428572,0.6130046583850932,0.10434782608695647,0.6696428571428572,0.6964285714285714,0.0,0.6071428571428572
iot,100,1,dev1,4.605170185988092,0.04749999999999999,1.999999999974786,-0.5799254775047302,0.19661032160123187,0.0,-0.5761038961038961,0.107012987012987,-0.4690909090909091,0.5991478177763618,0.09589041095890416,0.7058139534883721,0.7325501752150366,0.06164383561643838,0.47325581395348837,0.8106482956355527,0.0821917808219178,0.2965116279069767,0.8236301369863014,0.10273972602739723,0.25,0.8265371137304874,0.10273972602739723,0.2441860465116279,0.8225310608474037,0.1095890410958904,0.24534883720930234,0.8242752468939152,0.1095890410958904,0.24186046511627912,0.8318971009875756,0.11643835616438358,0.21976744186046515,0.8318971009875756,0.11643835616438358,0.21976744186046515,0.850565466709143,0.12328767123287676,0.1755813953488372,0.7931984708505894,0.14383561643835618,0.2697674418604651
iot,100,1,dev2,4.605170185988092,0.007499999999999951,1.9999999999480882,-0.4867286682128906,0.10909347335497538,0.0,-0.49681122448979603,-0.06568877551020397,-0.5625,0.629884572072072,0.18918918918918914,0.5510416666666667,0.6509009009009009,0.19819819819819817,0.5,0.6658502252252252,0.21621621621621623,0.4520833333333333,0.6814752252252252,0.21621621621621623,0.4208333333333333,0.6806165540540541,0.22522522522522526,0.4135416666666667,0.683741554054054,0.22522522522522526,0.4072916666666667,0.6873873873873874,0.22522522522522526,0.4,0.6884290540540541,0.22522522522522526,0.3979166666666667,0.6884290540540541,0.22522522522522526,0.3979166666666667,0.7062922297297297,0.2072072072072072,0.38020833333333337,0.6422015765765765,0.18018018018018023,0.5354166666666667
iot,100,1,dev3,4.605170185988092,0.012500000000000067,1.9999999999496407,-0.46400290727615356,0.15435804625352223,0.0,-0.8007985803016859,-0.0532386867790593,-0.8540372670807452,0.7286227704321591,0.211864406779661,0.330890052356021,0.7788845505368711,0.211864406779661,0.23036649214659688,0.7955408643180406,0.22881355932203384,0.18010471204188483,0.8155825716567575,0.2033898305084746,0.1654450261780105,0.8203434200017747,0.19491525423728817,0.16439790575916235,0.821390540420623,0.19491525423728817,0.16230366492146597,0.8229612210488952,0.19491525423728817,0.15916230366492146,0.8224376608394711,0.19491525423728817,0.1602094240837696,0.8224376608394711,0.19491525423728817,0.1602094240837696,0.834053598367202,0.17796610169491522,0.15392670157068067,0.7911083503416452,0.27118644067796616,0.1465968586387435
iot,100,1,dev4,4.605170185988092,0.012500000000000067,1.999999999966743,-0.7045831680297852,0.11623136202494302,0.0,-0.7553688141923436,-0.07687519452225333,-0.8322440087145969,0.756198347107438,0.2727272727272727,0.2148760330578512,0.8209710743801653,0.24545454545454548,0.11260330578512401,0.8742768595041321,0.07272727272727275,0.17871900826446285,0.878305785123967,0.0636363636363636,0.1797520661157025,0.8772727272727273,0.0636363636363636,0.18181818181818177,0.8772727272727273,0.0636363636363636,0.18181818181818177,0.8772727272727273,0.0636363636363636,0.18181818181818177,0.8772727272727273,0.0636363636363636,0.18181818181818177,0.8772727272727273,0.0636363636363636,0.18181818181818177,0.8798553719008264,0.0636363636363636,0.17665289256198347,0.8732438016528925,0.07272727272727275,0.18078512396694213
iot,100,1,dev5,4.605170185988092,0.0025000000000000577,1.9999999999822906,-0.5373471975326538,0.07942071159680686,0.0,-0.6318342151675486,-0.1058201058201057,-0.7376543209876543,0.7305745860157675,0.12903225806451613,0.4098185699039488,0.7809713567666197,0.13709677419354838,0.3009605122732124,0.8357575653251627,0.11290322580645162,0.21558164354322307,0.8710365958618791,0.09677419354838712,0.1611526147278548,0.8705029779323166,0.09677419354838712,0.16221985058697974,0.8689021241436292,0.09677419354838712,0.16542155816435433,0.867301270354942,0.09677419354838712,0.16862326574172892,0.867301270354942,0.09677419354838712,0.16862326574172892,0.867301270354942,0.09677419354838712,0.16862326574172892,0.9065523117705787,0.08870967741935487,0.0981856990394877,0.866888146796571,0.06451612903225812,0.20170757737459977
iot,100,1,dev6,4.605170185988092,0.02749999999999997,1.9999999999395635,-0.5434344410896301,0.15373592774073283,0.0,-0.9927272727272728,-0.0072727272727272085,-1.0,0.9746857782369146,0.04958677685950408,0.0010416666666667185,0.9829502410468319,0.03305785123966942,0.0010416666666667185,0.9669421487603306,0.06611570247933884,0.0,0.9256198347107438,0.14876033057851235,0.0,0.9256198347107438,0.14876033057851235,0.0,0.9297520661157025,0.14049586776859502,0.0,0.9256198347107438,0.14876033057851235,0.0,0.9256198347107438,0.14876033057851235,0.0,0.9256198347107438,0.14876033057851235,0.0,0.9338842975206612,0.1322314049586777,0.0,0.975206611570248,0.04958677685950408,0.0
iot,100,1,dev7,4.605170185988092,0.04250000000000009,1.9999999999804068,-0.8072019219398499,0.10099133898814519,0.16666666666666666,-0.8658574540927483,0.14036725801431682,-0.7254901960784315,0.8257833110476672,0.08208955223880599,0.26634382566585957,0.877543276354306,0.10447761194029848,0.1404358353510896,0.8811752376133859,0.10447761194029848,0.13317191283292973,0.8668551913555708,0.13432835820895528,0.1319612590799032,0.8668551913555708,0.13432835820895528,0.1319612590799032,0.867460518232084,0.13432835820895528,0.13075060532687655,0.867460518232084,0.13432835820895528,0.13075060532687655,0.867460518232084,0.13432835820895528,0.13075060532687655,0.867460518232084,0.13432835820895528,0.13075060532687655,0.867460518232084,0.13432835820895528,0.13075060532687655,0.8074608796212641,0.27611940298507465,0.10895883777239712
iot,100,2,dev0,4.605170185988092,0.006249999999999978,1.9999999999321236,-0.44008734822273254,0.13906828860441844,0.0,-0.24104736234116286,0.10897189064304966,-0.1320754716981132,0.5705487122060471,0.0,0.858902575587906,0.6010258697591436,0.008474576271186418,0.7894736842105263,0.609984436388483,0.008474576271186418,0.7715565509518477,0.6195029134321559,0.008474576271186418,0.7525195968645016,0.6234222863324919,0.008474576271186418,0.7446808510638299,0.6279015696471615,0.008474576271186418,0.7357222844344905,0.6284614800614953,0.008474576271186418,0.734602463605823,0.6284614800614953,0.008474576271186418,0.734602463605823,0.6284614800614953,0.008474576271186418,0.734602463605823,0.6309431168979065,0.016949152542372836,0.7211646136618142,0.5705487122060471,0.0,0.858902575587906
iot,100,2,dev1,4.605170185988092,0.016249999999999987,1.9999999999119091,-0.34530889987945557,0.1255731721719106,0.0,-0.3880201431221839,0.06520010601643256,-0.32282003710575136,0.6258688878235859,0.0267857142857143,0.7214765100671141,0.6443152764461489,0.017857142857142905,0.6935123042505593,0.7298957334611698,0.0267857142857143,0.5134228187919463,0.7361677053371685,0.1339285714285714,0.3937360178970917,0.7367369766698626,0.1428571428571429,0.383668903803132,0.7400926813678491,0.1428571428571429,0.37695749440715887,0.7244726749760306,0.1785714285714286,0.37248322147651003,0.7239133908596995,0.1785714285714286,0.37360178970917224,0.7239133908596995,0.1785714285714286,0.37360178970917224,0.7284276126558006,0.2142857142857143,0.32885906040268453,0.7390839725151805,0.2410714285714286,0.2807606263982103
iot,100,2,dev2,4.605170185988092,0.003750000000000031,1.9999999998838103,-0.48147499561309814,0.11525175074736277,0.0,-0.4831698913331567,-0.04187649085608269,-0.5250463821892394,0.6372739556919792,0.19685039370078738,0.5286016949152542,0.662997964767116,0.20472440944881887,0.4692796610169492,0.6884216935806753,0.20472440944881887,0.41843220338983056,0.7087072934739089,0.18110236220472442,0.4014830508474576,0.7105965567863339,0.1889763779527559,0.38983050847457623,0.7114264980648606,0.19685039370078738,0.38029661016949157,0.7140748031496063,0.19685039370078738,0.375,0.7140748031496063,0.19685039370078738,0.375,0.671172260776725,0.19685039370078738,0.46080508474576276,0.6923920659281997,0.08661417322834641,0.5286016949152542,0.6839174896570133,0.08661417322834641,0.5455508474576272
iot,100,2,dev3,4.605170185988092,0.01375000000000004,1.9999999998714668,-0.6518834233283997,0.15070481499036156,0.0,-0.738498789346247,-0.261501210653753,-1.0,0.49370409233997903,1.0,0.012591815320041944,0.4999387897866387,0.9833333333333333,0.016789087093389332,0.590988982161595,0.775,0.043022035676810066,0.6071309898565932,0.7416666666666667,0.044071353620146914,0.6107729975515914,0.7333333333333334,0.04512067156348376,0.6144150052465898,0.725,0.04616998950682061,0.6128410283315845,0.725,0.04931794333683104,0.6170076949982511,0.7166666666666667,0.04931794333683104,0.4978707590066457,0.9916666666666667,0.012591815320041944,0.6144150052465898,0.725,0.04616998950682061,0.6237670514165792,0.7,0.05246589716684158
iot,100,2,dev4,4.605170185988092,0.01375000000000004,1.9999999999444236,-0.7590226531028748,0.1488541126251221,0.0,-0.6727335164835165,0.10782967032967039,-0.5649038461538461,0.7210550887021475,0.15873015873015872,0.39915966386554624,0.7646475256769374,0.15873015873015872,0.3119747899159664,0.8318744164332399,0.15873015873015872,0.17752100840336138,0.8492647058823529,0.1428571428571429,0.15861344537815125,0.8492647058823529,0.1428571428571429,0.15861344537815125,0.8492647058823529,0.1428571428571429,0.15861344537815125,0.853232959850607,0.13492063492063489,0.15861344537815125,0.8577264239028946,0.12698412698412698,0.15756302521008403,0.8577264239028946,0.12698412698412698,0.15756302521008403,0.8672385620915033,0.11111111111111116,0.15441176470588236,0.8448295985060691,0.13492063492063489,0.17542016806722693
iot,100,2,dev5,4.605170185988092,0.036250000000000004,1.9999999999552522,-0.30039331316947937,0.165657435854276,0.0,-0.6119929453262787,-0.2614638447971781,-0.8734567901234568,0.828033233690874,0.1322314049586777,0.2117021276595744,0.8597019518199402,0.11570247933884292,0.16489361702127658,0.7648540531035695,0.03305785123966942,0.43723404255319154,0.7723008616142079,0.03305785123966942,0.42234042553191486,0.7669817126780376,0.03305785123966942,0.43297872340425536,0.7708282046773343,0.04132231404958675,0.4170212765957447,0.8565500263759451,0.0826446280991735,0.20425531914893613,0.8523782310532794,0.12396694214876036,0.1712765957446809,0.7669817126780376,0.03305785123966942,0.43297872340425536,0.8160409706347811,0.04132231404958675,0.32659574468085106,0.7554026727624407,0.04132231404958675,0.4478723404255319
iot,100,2,dev6,4.605170185988092,0.01375000000000004,1.9999999999007283,-0.4136505722999573,0.17216443022092182,0.06666666666666667,-0.8699294532627866,-0.1300705467372134,-1.0,0.9994747899159664,0.0,0.0010504201680672232,1.0,0.0,0.0,0.9883720930232558,0.023255813953488413,0.0,0.9767441860465116,0.046511627906976716,0.0,0.9728682170542635,0.054263565891472854,0.0,0.9728682170542635,0.054263565891472854,0.0,0.9728682170542635,0.054263565891472854,0.0,0.9767441860465116,0.046511627906976716,0.0,0.9767441860465116,0.046511627906976716,0.0,0.9728682170542635,0.054263565891472854,0.0,0.9612403100775193,0.07751937984496127,0.0
iot,100,2,dev7,4.605170185988092,0.01375000000000004,1.9999999999673166,-0.8461498022079468,0.1261467625697454,0.0,-0.8633766233766232,0.12519480519480497,-0.7381818181818183,0.7214285714285714,0.30000000000000004,0.2571428571428571,0.8005952380952381,0.29166666666666663,0.1071428571428571,0.8071428571428572,0.2833333333333333,0.10238095238095235,0.8041666666666667,0.2833333333333333,0.10833333333333328,0.8089285714285714,0.275,0.1071428571428571,0.8047619047619048,0.2833333333333333,0.1071428571428571,0.8053571428571429,0.2833333333333333,0.10595238095238091,0.805952380952381,0.2833333333333333,0.10476190476190472,0.805952380952381,0.2833333333333333,0.10476190476190472,0.8035714285714286,0.29166666666666663,0.10119047619047616,0.8077380952380953,0.275,0.10952380952380958
iot,100,3,dev0,4.605170185988092,0.015000000000000013,1.9999999999639937,-0.4520794749259949,0.10172655483086901,0.0,-0.28340392760877936,-0.029264536003080488,-0.31266846361185985,0.5998374717832957,0.008000000000000007,0.7923250564334086,0.6048668171557562,0.016000000000000014,0.7742663656884876,0.6275395033860045,0.0,0.744920993227991,0.6321715575620768,0.07199999999999995,0.6636568848758465,0.6389932279909707,0.06399999999999995,0.6580135440180587,0.648686230248307,0.04800000000000004,0.654627539503386,0.6532505643340858,0.040000000000000036,0.6534988713318284,0.64458690744921,0.07199999999999995,0.6388261851015802,0.64458690744921,0.07199999999999995,0.6388261851015802,0.6609525959367946,0.07199999999999995,0.6060948081264108,0.5998374717832957,0.008000000000000007,0.7923250564334086
iot,100,3,dev1,4.605170185988092,0.025000000000000022,1.9999999999553904,-0.7921949625015259,0.1256691515445709,0.0,-0.6116071428571429,0.08997252747252749,-0.5216346153846154,0.5633829904462903,0.1869158878504673,0.6863181312569522,0.62968199349225,0.15887850467289721,0.5817575083426029,0.7420238478891396,0.20560747663551404,0.31034482758620685,0.7773954445749691,0.2149532710280374,0.23025583982202447,0.7708305178131465,0.23364485981308414,0.2246941045606229,0.770607008826006,0.2429906542056075,0.21579532814238045,0.7694946617737257,0.2429906542056075,0.21802002224694106,0.7703834998388657,0.25233644859813087,0.2068965517241379,0.7703834998388657,0.25233644859813087,0.2068965517241379,0.7911854292931918,0.2429906542056075,0.1746384872080089,0.7911854292931918,0.2429906542056075,0.1746384872080089
iot,100,3,dev2,4.605170185988092,0.05499999999999994,1.999999999875675,-0.7493610978126526,0.1620114932457606,0.0,-0.5388471177944862,0.06516290726817042,-0.4736842105263158,0.6276394681960376,0.0982142857142857,0.6465067778936392,0.6510362356621481,0.1160714285714286,0.5818561001042752,0.6623761730969759,0.1517857142857143,0.5234619395203337,0.6827098540145986,0.1517857142857143,0.4827945776850886,0.6889663712200209,0.1517857142857143,0.470281543274244,0.6967870177267987,0.1517857142857143,0.4546402502606882,0.6954509906152242,0.1607142857142857,0.4483837330552659,0.694929614181439,0.1607142857142857,0.4494264859228363,0.694929614181439,0.1607142857142857,0.4494264859228363,0.7228558394160585,0.1517857142857143,0.4025026068821689,0.659704118873827,0.1696428571428571,0.5109489051094891
iot,100,3,dev3,4.605170185988092,0.0050000000000000044,1.9999999999064388,-0.5500136613845825,0.12583163877328235,0.0,-0.7793367346938774,-0.16262755102040827,-0.9419642857142857,0.8235768903993204,0.08181818181818179,0.2710280373831776,0.8687576701595394,0.045454545454545414,0.21703011422637586,0.880052865099594,0.036363636363636376,0.20353063343717548,0.8613612763145473,0.036363636363636376,0.24091381100726894,0.8653875200604173,0.027272727272727226,0.24195223260643817,0.8659067308600019,0.027272727272727226,0.24091381100726894,0.8643490984612481,0.027272727272727226,0.24402907580477673,0.8612338336637402,0.027272727272727226,0.2502596053997923,0.880052865099594,0.036363636363636376,0.20353063343717548,0.8472151420749552,0.027272727272727226,0.2782969885773624,0.857726800717455,0.036363636363636376,0.24818276220145374
iot,100,3,dev4,4.605170185988092,0.03500000000000003,1.9999999999499707,-0.5101606249809265,0.12319186329841614,0.0,-0.6237966884867153,-0.1066615325375434,-0.7304582210242587,0.7011917372881356,0.1694915254237288,0.428125,0.7746733757062148,0.10169491525423724,0.34895833333333337,0.816454802259887,0.025423728813559365,0.3416666666666667,0.8422404661016949,0.11864406779661019,0.19687500000000002,0.8654396186440678,0.0847457627118644,0.18437499999999996,0.8776306497175141,0.05932203389830504,0.18541666666666667,0.8699858757062147,0.10169491525423724,0.15833333333333333,0.8694650423728814,0.10169491525423724,0.15937500000000004,0.8694650423728814,0.10169491525423724,0.15937500000000004,0.8662694209039548,0.11016949152542377,0.15729166666666672,0.8429290254237288,0.1610169491525424,0.15312499999999996
iot,100,3,dev5,4.605170185988092,0.0050000000000000044,1.9999999999645002,-0.3022992014884949,0.12083771030108134,0.0,-0.5041208791208791,-0.2506868131868132,-0.7548076923076923,0.8310895459101072,0.08256880733944949,0.2552521008403361,0.8510475291033845,0.08256880733944949,0.21533613445378152,0.8481757381851824,0.1009174311926605,0.20273109243697474,0.8395266363426105,0.11926605504587151,0.2016806722689075,0.8400518464266441,0.11926605504587151,0.2006302521008403,0.832978374836173,0.13761467889908252,0.1964285714285714,0.8340287950042402,0.13761467889908252,0.19432773109243695,0.8304920592090047,0.14678899082568808,0.1922268907563025,0.8304920592090047,0.14678899082568808,0.1922268907563025,0.8593786138308535,0.14678899082568808,0.134453781512605,0.827653997378768,0.2018348623853211,0.1428571428571429
iot,100,3,dev6,4.605170185988092,0.0050000000000000044,1.9999999999079003,-0.4564529359340668,0.13898900747299195,0.0,-0.9381818181818183,-0.06181818181818166,-1.0,0.9507575757575757,0.09848484848484851,0.0,0.9356060606060606,0.12878787878787878,0.0,0.9318181818181819,0.13636363636363635,0.0,0.9318181818181819,0.13636363636363635,0.0,0.9318181818181819,0.13636363636363635,0.0,0.9318181818181819,0.13636363636363635,0.0,0.9318181818181819,0.13636363636363635,0.0,0.9318181818181819,0.13636363636363635,0.0,0.9318181818181819,0.13636363636363635,0.0,0.9318181818181819,0.13636363636363635,0.0,0.9583333333333333,0.08333333333333337,0.0
iot,100,3,dev7,4.605170185988092,0.015000000000000013,1.9999999999611788,-0.7822718620300293,0.08619655122359593,0.016666666666666666,-0.8094093406593407,-0.046359890109889945,-0.8557692307692306,0.8073070065701987,0.0826446280991735,0.30274135876042907,0.7378077010214836,0.3801652892561983,0.14421930870083433,0.8954284419665284,0.06611570247933884,0.1430274135876043,0.8966203370797585,0.06611570247933884,0.14064362336114422,0.8889518218264562,0.0826446280991735,0.1394517282479142,0.8895477693830711,0.0826446280991735,0.13825983313468415,0.8889518218264562,0.0826446280991735,0.1394517282479142,0.8889518218264562,0.0826446280991735,0.1394517282479142,0.8889518218264562,0.0826446280991735,0.1394517282479142,0.8895477693830711,0.0826446280991735,0.13825983313468415,0.8317359312049961,0.20661157024793386,0.1299165673420739
iot,100,4,dev0,4.605170185988092,0.05125000000000002,1.999999999974486,-0.4373231828212738,0.13492886523405717,0.0,-0.19896103896103898,-0.5719480519480519,-0.7709090909090909,0.7872464937947734,0.018181818181818188,0.4073251942286349,0.6235395015639189,0.018181818181818188,0.7347391786903441,0.5909544950055494,0.09999999999999998,0.7180910099889013,0.5799868832610231,0.13636363636363635,0.7036625971143174,0.5799868832610231,0.13636363636363635,0.7036625971143174,0.5794319443043083,0.13636363636363635,0.7047724750277469,0.5890777923519321,0.11818181818181817,0.7036625971143174,0.5896327313086469,0.11818181818181817,0.7025527192008879,0.7872464937947734,0.018181818181818188,0.4073251942286349,0.6082635455554435,0.09090909090909094,0.6925638179800222,0.844243769548986,0.12727272727272732,0.1842397336293008
iot,100,4,dev1,4.605170185988092,0.0012499999999999734,1.9999999999685185,-0.6433292627334595,0.12799981931845347,0.0,-0.5856307435254804,-0.040100250626566414,-0.6257309941520468,0.5972297559085626,0.39655172413793105,0.4089887640449438,0.6127857419604805,0.3620689655172413,0.41235955056179774,0.7233630375823324,0.12068965517241381,0.4325842696629213,0.7274990313831848,0.07758620689655171,0.4674157303370786,0.7263754358775669,0.07758620689655171,0.46966292134831455,0.7344343277799303,0.06034482758620685,0.4707865168539326,0.7333107322743123,0.06034482758620685,0.4730337078651685,0.7370592793490895,0.051724137931034475,0.47415730337078654,0.5683649748159627,0.4655172413793104,0.3977528089887641,0.7453022084463385,0.0431034482758621,0.4662921348314607,0.7930453312669508,0.06896551724137934,0.34494382022471914
iot,100,4,dev2,4.605170185988092,0.02124999999999999,1.9999999999624487,-0.6948633193969727,0.11952473322550455,0.0,-0.5284780578898226,-0.06193588546529727,-0.5904139433551199,0.5016965913056967,0.7289719626168225,0.2676348547717843,0.6123434288595029,0.4018691588785047,0.37344398340248963,0.6019360530499864,0.4672897196261683,0.328838174273859,0.6211560088416643,0.4112149532710281,0.34647302904564314,0.6299879784387482,0.383177570093458,0.3568464730290456,0.6356982200333501,0.3738317757009346,0.3547717842323651,0.6346608756350098,0.3738317757009346,0.3568464730290456,0.6377777562337612,0.36448598130841126,0.35995850622406644,0.6149125528367007,0.44859813084112155,0.32157676348547715,0.6564596502113468,0.3457943925233645,0.3412863070539419,0.6740945049831311,0.3457943925233645,0.30601659751037347
iot,100,4,dev3,4.605170185988092,0.028750000000000053,1.9999999999685318,-0.5185196995735168,0.1529283583164215,0.0,-0.6067019400352734,-0.18342151675484997,-0.7901234567901234,0.7602612257384684,0.18548387096774188,0.29399367755532135,0.7335395492708794,0.3548387096774194,0.17808219178082196,0.7336032835922364,0.42741935483870963,0.10537407797681775,0.7421946701111527,0.41129032258064513,0.10432033719704947,0.7306247663074884,0.4354838709677419,0.10326659641728131,0.71852799211394,0.45967741935483875,0.10326659641728131,0.7069580883102757,0.4838709677419355,0.10221285563751314,0.7290441551378362,0.4354838709677419,0.10642781875658591,0.7336032835922364,0.42741935483870963,0.10537407797681775,0.7336032835922364,0.42741935483870963,0.10537407797681775,0.7152053094938645,0.47580645161290325,0.09378292939936772
iot,100,4,dev4,4.605170185988092,0.028750000000000053,1.999999999966846,-0.5181441903114319,0.1681809465090434,0.0,-0.5498236331569665,0.022045855379188684,-0.5277777777777778,0.5120887072745073,0.5203252032520325,0.45549738219895286,0.7586727961520453,0.10569105691056913,0.37696335078534027,0.8132124462605883,0.008130081300813052,0.36544502617801045,0.8378197761035202,0.008130081300813052,0.31623036649214664,0.8697569488783893,0.008130081300813052,0.2523560209424084,0.8833695143234155,0.008130081300813052,0.22513089005235598,0.892793598093049,0.008130081300813052,0.206282722513089,0.8917464776742008,0.008130081300813052,0.20837696335078537,0.8917464776742008,0.008130081300813052,0.20837696335078537,0.8940876005618694,0.024390243902439046,0.187434554973822,0.9017579704592857,0.08130081300813008,0.11518324607329844
iot,100,4,dev5,4.605170185988092,0.028750000000000053,1.9999999999857332,-0.33350086212158203,0.09111915628115337,0.0,-0.4731040564373898,-0.2645502645502645,-0.7376543209876543,0.736400158061117,0.0625,0.46469968387776606,0.7551463947011892,0.0892857142857143,0.40042149631190727,0.7688732500376336,0.1071428571428571,0.35511064278187565,0.74677291886196,0.125,0.3814541622760801,0.7486310778262832,0.1339285714285714,0.368809272918862,0.7546759747102213,0.125,0.3656480505795574,0.7481324326358573,0.1517857142857143,0.35194942044257116,0.7463024988709921,0.1607142857142857,0.3466807165437302,0.7519851723618847,0.0892857142857143,0.40674394099051636,0.7752803703146169,0.1607142857142857,0.28872497365648053,0.7621650609664308,0.1964285714285714,0.27924130663856694
iot,100,4,dev6,4.605170185988092,0.011249999999999982,1.9999999999694809,-0.41726022958755493,0.15605075955390926,0.03333333333333333,-0.8382857142857143,-0.1617142857142857,-1.0,0.9984504132231404,0.0,0.0030991735537190257,1.0,0.0,0.0,1.0,0.0,0.0,1.0,0.0,0.0,1.0,0.0,0.0,1.0,0.0,0.0,1.0,0.0,0.0,1.0,0.0,0.0,1.0,0.0,0.0,1.0,0.0,0.0,0.995575221238938,0.008849557522123908,0.0
iot,100,4,dev7,4.605170185988092,0.0012499999999999734,1.9999999999873994,-0.635128378868103,0.09208984871705372,0.0,-0.7534340659340659,-0.11675824175824179,-0.8701923076923077,0.8633944990023084,0.06557377049180324,0.20763723150357993,0.8991940216753393,0.06557377049180324,0.13603818615751795,0.907987401698032,0.049180327868852514,0.1348448687350835,0.913279079776204,0.040983606557377095,0.13245823389021483,0.917974099143159,0.032786885245901676,0.13126491646778038,0.9273641378770687,0.016393442622950838,0.1288782816229117,0.9308658398215892,0.008196721311475419,0.13007159904534604,0.9296725223991549,0.008196721311475419,0.13245823389021483,0.9296725223991549,0.008196721311475419,0.13245823389021483,0.9320591572440236,0.008196721311475419,0.12768496420047737,0.907987401698032,0.049180327868852514,0.1348448687350835
iot,300,0,dev0,5.703782474656201,0.007499999999999951,1.9999999997464162,-0.46297749876976013,0.03712545335292817,0.0,-0.14463692453725674,-0.39024679639297577,-0.5348837209302325,0.6726010101010101,0.008333333333333304,0.6464646464646464,0.6260241301907968,0.008333333333333304,0.739618406285073,0.6594556677890011,0.01666666666666672,0.6644219977553311,0.6798260381593715,0.050000000000000044,0.590347923681257,0.6760662177328844,0.08333333333333337,0.5645342312008979,0.6822390572390572,0.08333333333333337,0.5521885521885521,0.6897727272727273,0.07499999999999996,0.5454545454545454,0.6903338945005612,0.07499999999999996,0.5443322109988777,0.6726010101010101,0.008333333333333304,0.6464646464646464,0.7051627384960718,0.06666666666666665,0.5230078563411897,0.6726010101010101,0.008333333333333304,0.6464646464646464
iot,300,0,dev1,5.703782474656201,0.01416666666666666,1.9999999997338582,-0.7048055529594421,0.051511118412017824,0.0,-0.5695315920035021,-0.266014883992412,-0.8355464759959141,0.7720200906529462,0.2222222222222222,0.2337375964718853,0.7760571536756763,0.202020202020202,0.24586549062844543,0.7700823004020358,0.19191919191919193,0.2679162072767365,0.7829563551724521,0.23232323232323238,0.2017640573318633,0.7792589622799104,0.1515151515151515,0.28996692392502754,0.7826556635817936,0.14141414141414144,0.2932745314222712,0.7860523648836769,0.13131313131313127,0.2965821389195149,0.783206931498001,0.14141414141414144,0.2921719955898566,0.7720200906529462,0.2222222222222222,0.2337375964718853,0.7922388159433363,0.24242424242424243,0.1730981256890849,0.7826556635817936,0.14141414141414144,0.2932745314222712
iot,300,0,dev2,5.703782474656201,0.019166666666666665,1.9999999993814326,-0.5633830428123474,0.057017064094543456,0.0,-0.5251261795040597,-0.09084924292297558,-0.6159754224270353,0.5968019965009776,0.29268292682926833,0.5137130801687764,0.6467917052588248,0.2032520325203252,0.5031645569620253,0.6649428836060512,0.1869918699186992,0.4831223628691983,0.7202969023361119,0.13008130081300817,0.42932489451476796,0.7255711639394875,0.13008130081300817,0.4187763713080169,0.7491509725223835,0.12195121951219512,0.379746835443038,0.740261912112792,0.29268292682926833,0.22679324894514763,0.7524570340640115,0.2682926829268293,0.22679324894514763,0.7443269527631986,0.2845528455284553,0.22679324894514763,0.7508104353195431,0.29268292682926833,0.20569620253164556,0.7149325923638983,0.09756097560975607,0.47257383966244726
iot,300,0,dev3,5.703782474656201,0.01416666666666666,1.9999999993687034,-0.590609610080719,0.08425100803375246,0.0,-0.6455401437683507,-0.14184468968310215,-0.7873848334514528,0.7850438309783611,0.06349206349206349,0.3664202745512144,0.8264988853690015,0.05555555555555558,0.2914466737064414,0.8597450595866647,0.0714285714285714,0.2090813093980992,0.8631685690819798,0.07936507936507942,0.19429778247096097,0.8610566366638173,0.07936507936507942,0.19852164730728616,0.8615846197683579,0.07936507936507942,0.19746568109820484,0.8615846197683579,0.07936507936507942,0.19746568109820484,0.8504969745730041,0.07936507936507942,0.21964097148891237,0.8615846197683579,0.07936507936507942,0.19746568109820484,0.8494074856271265,0.11111111111111116,0.19007391763463566,0.8452339048959957,0.06349206349206349,0.2460401267159451
iot,300,0,dev4,5.703782474656201,0.029166666666666674,1.9999999995668087,-0.6766995191574097,0.08350242912769319,0.0,-0.8091525109068967,-0.07713728766360362,-0.8862897985705003,0.8275145171696896,0.1724137931034483,0.1725571725571725,0.8599810022223815,0.1293103448275862,0.1507276507276507,0.8965427629220732,0.06034482758620685,0.14656964656964655,0.8866406193992401,0.12068965517241381,0.10602910602910598,0.8952613090544126,0.10344827586206895,0.10602910602910598,0.8952613090544126,0.10344827586206895,0.10602910602910598,0.876155996845652,0.15517241379310343,0.09251559251559249,0.8837371854613234,0.13793103448275867,0.09459459459459463,0.8837371854613234,0.13793103448275867,0.09459459459459463,0.878082658255072,0.1637931034482759,0.08004158004158002,0.9035145888594165,0.07758620689655171,0.11538461538461542
iot,300,0,dev5,5.703782474656201,0.03416666666666657,1.9999999998362605,-0.2338312864303589,0.1100292679667473,0.01,-0.6382606157887055,-0.33313877134101866,-0.9713993871297242,0.8941037558332079,0.1696428571428571,0.04214963119072712,0.9009530709017011,0.1696428571428571,0.028451001053740765,0.9211670179135932,0.125,0.03266596417281353,0.8500159942796929,0.2767857142857143,0.023182297154899945,0.8879177329519795,0.0892857142857143,0.13487881981032668,0.8768534547644137,0.0892857142857143,0.15700737618545835,0.8707803326810175,0.0803571428571429,0.17808219178082196,0.8644578880024085,0.0803571428571429,0.19072708113804004,0.9232462742736716,0.1071428571428571,0.04636459430979978,0.9203061493301219,0.0803571428571429,0.07903055848261331,0.8418353906367605,0.2678571428571429,0.048472075869336106
iot,300,0,dev6,5.703782474656201,0.0025000000000000577,1.999999999189169,-0.5155770182609558,0.09272355318069457,0.07,-0.9799166350890489,-0.020083364910951085,-1.0,0.9942071272953625,0.007352941176470562,0.004232804232804255,0.9947362278244631,0.007352941176470562,0.0031746031746031633,0.9957944288826641,0.007352941176470562,0.0010582010582010914,0.9957944288826641,0.007352941176470562,0.0010582010582010914,0.9957944288826641,0.007352941176470562,0.0010582010582010914,0.9957944288826641,0.007352941176470562,0.0010582010582010914,0.9957944288826641,0.007352941176470562,0.0010582010582010914,0.9957944288826641,0.007352941176470562,0.0010582010582010914,0.9957944288826641,0.007352941176470562,0.0010582010582010914,0.9963235294117647,0.007352941176470562,0.0,0.9926470588235294,0.014705882352941124,0.0
iot,300,0,dev7,5.703782474656201,0.019166666666666665,1.9999999997465965,-0.8345023989677429,0.148150425106287,0.24,-0.864985994397759,-0.08089635854341748,-0.9458823529411765,0.8909809986307982,0.008264462809917328,0.20977353992848624,0.919586481348319,0.008264462809917328,0.15256257449344457,0.9183945862350891,0.008264462809917328,0.15494636471990464,0.9143411578128232,0.03305785123966942,0.13825983313468415,0.9137452102562083,0.03305785123966942,0.1394517282479142,0.9137452102562083,0.03305785123966942,0.1394517282479142,0.9178774416611668,0.024793388429752095,0.1394517282479142,0.9220096730661256,0.016528925619834656,0.1394517282479142,0.9220096730661256,0.016528925619834656,0.1394517282479142,0.9143411578128232,0.03305785123966942,0.13825983313468415,0.9249500093578542,0.008264462809917328,0.14183551847437426
iot,300,1,dev0,5.703782474656201,0.012916666666666687,1.9999999997752025,-0.4327852427959442,0.07648573637008668,0.0,-0.18746031746031747,-0.5047619047619049,-0.6922222222222223,0.7732531055900621,0.06956521739130439,0.3839285714285714,0.6821525621118012,0.017391304347826098,0.6183035714285714,0.6380240683229814,0.13913043478260867,0.5848214285714286,0.662111801242236,0.10434782608695647,0.5714285714285714,0.667575698757764,0.09565217391304348,0.5691964285714286,0.6230978260869565,0.19130434782608696,0.5625,0.5742721273291925,0.29565217391304344,0.5558035714285714,0.578619953416149,0.28695652173913044,0.5558035714285714,0.7732531055900621,0.06956521739130439,0.3839285714285714,0.576179153726708,0.31304347826086953,0.5345982142857143,0.7732531055900621,0.06956521739130439,0.3839285714285714
iot,300,1,dev1,5.703782474656201,0.040416666666666656,1.9999999997448061,-0.655441403388977,0.06884687423706054,0.0,-0.5389510642966864,0.0473996050032916,-0.4915514592933948,0.615817139216311,0.07534246575342463,0.6930232558139535,0.6790618031220134,0.06164383561643838,0.5802325581395349,0.7638818094934692,0.0547945205479452,0.41744186046511633,0.7901083147499204,0.06164383561643838,0.35813953488372097,0.7953408728894552,0.06164383561643838,0.3476744186046512,0.8010911118190507,0.0547945205479452,0.34302325581395354,0.7954045874482318,0.06849315068493156,0.34069767441860466,0.7977301688435807,0.06849315068493156,0.336046511627907,0.7977301688435807,0.06849315068493156,0.336046511627907,0.8093580758203249,0.06849315068493156,0.3127906976744186,0.7729213125199108,0.08904109589041098,0.3651162790697674
iot,300,1,dev2,5.703782474656201,0.019583333333333286,1.9999999994295083,-0.5811665654182434,0.06487050354480743,0.0,-0.5579365079365078,-0.23428571428571443,-0.7922222222222223,0.5532376126126126,0.7747747747747747,0.11875000000000002,0.5754504504504504,0.7657657657657657,0.08333333333333337,0.7224380630630631,0.2072072072072072,0.34791666666666665,0.7353040540540541,0.22522522522522526,0.3041666666666667,0.7451998873873873,0.22522522522522526,0.28437500000000004,0.7557713963963963,0.2072072072072072,0.28125,0.7604588963963964,0.2072072072072072,0.271875,0.7594172297297297,0.2072072072072072,0.2739583333333333,0.7594172297297297,0.2072072072072072,0.2739583333333333,0.771241554054054,0.22522522522522526,0.23229166666666667,0.6265625,0.6666666666666667,0.08020833333333333
iot,300,1,dev3,5.703782474656201,0.01375000000000004,1.999999999520146,-0.5990679860115051,0.06128919124603272,0.0,-0.7194523378971842,-0.0322052871781624,-0.7516576250753466,0.7642381755257787,0.11864406779661019,0.3528795811518325,0.7967965214304731,0.10169491525423724,0.3047120418848167,0.8034430739196025,0.22033898305084743,0.17277486910994766,0.8468630756943829,0.13559322033898302,0.17068062827225128,0.8372925725441476,0.1610169491525424,0.16439790575916235,0.8325805306593309,0.1610169491525424,0.1738219895287958,0.8336764575383796,0.15254237288135597,0.18010471204188483,0.8312050758718609,0.1271186440677966,0.21047120418848164,0.8123924039400124,0.211864406779661,0.1633507853403141,0.8380113585943739,0.1271186440677966,0.19685863874345555,0.834053598367202,0.17796610169491522,0.15392670157068067
iot,300,1,dev4,5.703782474656201,0.01375000000000004,1.9999999997792075,-0.6681117415428162,0.0858424386382103,0.01,-0.820662483583832,-0.10681453378082573,-0.9274770173646577,0.8517561983471075,0.18181818181818177,0.11466942148760328,0.8513429752066115,0.19090909090909092,0.10640495867768596,0.8474173553719009,0.2090909090909091,0.09607438016528924,0.8796487603305785,0.13636363636363635,0.10433884297520657,0.8796487603305785,0.13636363636363635,0.10433884297520657,0.8947314049586776,0.09999999999999998,0.11053719008264462,0.8931818181818182,0.09999999999999998,0.11363636363636365,0.9056818181818183,0.0636363636363636,0.125,0.8433884297520662,0.21818181818181814,0.0950413223140496,0.9073347107438017,0.07272727272727275,0.11260330578512401,0.9036157024793389,0.0636363636363636,0.12913223140495866
iot,300,1,dev5,5.703782474656201,0.012916666666666687,1.9999999998655589,-0.3971323072910309,0.05557405471801759,0.0,-0.7160443722943722,-0.27448593073593086,-0.9905303030303031,0.9049471546114918,0.16129032258064513,0.028815368196371427,0.8720952249802045,0.24193548387096775,0.0138740661686233,0.9140789065996489,0.14516129032258063,0.026680896478121663,0.9252289393052638,0.08870967741935487,0.060832443970117445,0.9063156263985954,0.08064516129032262,0.10672358591248665,0.8809988983371777,0.07258064516129037,0.16542155816435433,0.8447645195717286,0.2016129032258065,0.10885805763073642,0.8345095879092506,0.16129032258064513,0.16969050160085375,0.9127147381829449,0.15322580645161288,0.021344717182497308,0.8907159086996936,0.18548387096774188,0.033084311632870844,0.8302965882879472,0.217741935483871,0.12166488794023478
iot,300,1,dev6,5.703782474656201,0.016249999999999987,1.9999999994815756,-0.5370768308639526,0.0606237033009529,0.04,-0.9849991278562708,-0.01500087214372925,-1.0,1.0,0.0,0.0,1.0,0.0,0.0,0.9994791666666667,0.0,0.0010416666666667185,0.9984375,0.0,0.0031250000000000444,0.9984375,0.0,0.0031250000000000444,0.9984375,0.0,0.0031250000000000444,0.9984375,0.0,0.0031250000000000444,0.9984375,0.0,0.0031250000000000444,0.9984375,0.0,0.0031250000000000444,0.9984375,0.0,0.0031250000000000444,0.9994791666666667,0.0,0.0010416666666667185
iot,300,1,dev7,5.703782474656201,0.006249999999999978,1.9999999998567632,-0.8120225667953491,0.11991490215063094,0.21,-0.8912627551020408,-0.08641581632653061,-0.9776785714285714,0.870179971811644,0.11194029850746268,0.14769975786924938,0.8756279137002638,0.11194029850746268,0.13680387409200967,0.8762332405767772,0.11194029850746268,0.13559322033898302,0.8817805644898992,0.10447761194029848,0.1319612590799032,0.8823858913664124,0.10447761194029848,0.13075060532687655,0.8855119077734812,0.09701492537313428,0.1319612590799032,0.8774438943298037,0.11194029850746268,0.13317191283292973,0.8774438943298037,0.11194029850746268,0.13317191283292973,0.8774438943298037,0.11194029850746268,0.13317191283292973,0.8811752376133859,0.10447761194029848,0.13317191283292973,0.8779498391818149,0.11940298507462688,0.12469733656174331
iot,300,2,dev0,5.703782474656201,0.021250000000000102,1.99999999965108,-0.5500760078430176,0.07378682136535644,0.0,-0.15396825396825395,-0.35936507936507933,-0.5133333333333333,0.7079687588968816,0.008474576271186418,0.5755879059350504,0.6889318048095355,0.008474576271186418,0.6136618141097425,0.6872520735665344,0.008474576271186418,0.6170212765957447,0.690051625638203,0.008474576271186418,0.6114221724524076,0.6852544270882761,0.016949152542372836,0.612541993281075,0.6858143375026098,0.016949152542372836,0.6114221724524076,0.6685472697249797,0.05932203389830504,0.6035834266517357,0.669667090553647,0.05932203389830504,0.6013437849944009,0.7079687588968816,0.008474576271186418,0.5755879059350504,0.6777478315333954,0.06779661016949157,0.5767077267637177,0.7079687588968816,0.008474576271186418,0.5755879059350504
iot,300,2,dev1,5.703782474656201,0.004583333333333384,1.999999999539317,-0.6642845273017883,0.05038874506950379,0.0,-0.5425736559684115,-0.16330869697276507,-0.7058823529411765,0.6919043624161074,0.0625,0.5536912751677852,0.7630333173537871,0.1517857142857143,0.3221476510067114,0.7903683285394695,0.0892857142857143,0.32997762863534674,0.7525966762543944,0.3214285714285714,0.17337807606263977,0.7509288111217641,0.3303571428571429,0.16778523489932884,0.7893596196868009,0.1875,0.2337807606263982,0.7765360338766378,0.2232142857142857,0.22371364653243853,0.7748681687440078,0.2321428571428571,0.21812080536912748,0.7748681687440078,0.2321428571428571,0.21812080536912748,0.7844359220198147,0.2857142857142857,0.145413870246085,0.7927153243847875,0.1875,0.22706935123042504
iot,300,2,dev2,5.703782474656201,0.018749999999999933,1.9999999992453592,-0.6115430593490601,0.04005678474903107,0.0,-0.5983193277310924,-0.028347338935574173,-0.6266666666666666,0.6654502535699987,0.10236220472440949,0.5667372881355932,0.6598199986654211,0.20472440944881887,0.475635593220339,0.7105089750433737,0.22834645669291342,0.350635593220339,0.7426598158281063,0.25196850393700787,0.2627118644067796,0.7493160282930735,0.25984251968503935,0.24152542372881358,0.7562725210196184,0.2755905511811023,0.211864406779661,0.7552840984919258,0.2913385826771654,0.19809322033898302,0.7568730815427732,0.2913385826771654,0.19491525423728817,0.7568730815427732,0.2913385826771654,0.19491525423728817,0.779135526491392,0.2362204724409449,0.2055084745762712,0.7396403309755772,0.22834645669291342,0.2923728813559322
iot,300,2,dev3,5.703782474656201,0.011250000000000093,1.999999999127075,-0.6881777048110962,0.0656148499250412,0.0,-0.6973150962512665,-0.15374873353596752,-0.851063829787234,0.7705054214760405,0.08333333333333337,0.3756558237145855,0.7879109828611404,0.10833333333333328,0.3158447009443861,0.8261498775795733,0.09166666666666667,0.2560335781741868,0.8517051416579223,0.050000000000000044,0.2465897166841553,0.8563964672962574,0.04166666666666663,0.24554039874081846,0.8464279468345576,0.04166666666666663,0.2654774396642182,0.8448539699195523,0.04166666666666663,0.26862539349422876,0.8411813571178735,0.04166666666666663,0.2759706190975866,0.8517051416579223,0.050000000000000044,0.2465897166841553,0.8506252186079049,0.04166666666666663,0.25708289611752366,0.8057450157397692,0.25,0.1385099685204617
iot,300,2,dev4,5.703782474656201,0.025416666666666643,1.999999999662542,-0.6691281795501709,0.08385490953922273,0.01,-0.6906349206349205,0.022857142857142798,-0.6677777777777777,0.814250700280112,0.023809523809523836,0.3476890756302521,0.8042717086834734,0.023809523809523836,0.36764705882352944,0.7993697478991597,0.0,0.4012605042016807,0.8469887955182073,0.04761904761904767,0.2584033613445378,0.8748249299719888,0.04761904761904767,0.20273109243697474,0.882703081232493,0.04761904761904767,0.1869747899159664,0.8858543417366946,0.04761904761904767,0.18067226890756305,0.8874299719887955,0.04761904761904767,0.17752100840336138,0.8874299719887955,0.04761904761904767,0.17752100840336138,0.8929154995331465,0.05555555555555558,0.15861344537815125,0.8811274509803921,0.04761904761904767,0.19012605042016806
iot,300,2,dev5,5.703782474656201,0.002083333333333326,1.9999999997324163,-0.30698108673095703,0.08005113959312439,0.0,-0.6973661259375545,-0.23792080934938076,-0.9352869352869353,0.6073149287849481,0.7768595041322314,0.008510638297872353,0.8993493933532618,0.09917355371900827,0.10212765957446812,0.9205029013539652,0.09090909090909094,0.06808510638297871,0.6827589238614384,0.628099173553719,0.006382978723404209,0.8510242658695271,0.03305785123966942,0.26489361702127656,0.8568753296993142,0.03305785123966942,0.2531914893617021,0.8574072445929313,0.03305785123966942,0.25212765957446803,0.8590029892737823,0.03305785123966942,0.24893617021276593,0.8568753296993142,0.03305785123966942,0.2531914893617021,0.9137902233163355,0.03305785123966942,0.13936170212765953,0.8717689467205908,0.03305785123966942,0.22340425531914898
iot,300,2,dev6,5.703782474656201,0.002083333333333326,1.999999999198091,-0.4383433759212494,0.05882012844085693,0.11,-0.9425054112554113,-0.05749458874458868,-1.0,0.9978991596638656,0.0,0.004201680672268893,0.9984243697478992,0.0,0.0031512605042016695,1.0,0.0,0.0,1.0,0.0,0.0,1.0,0.0,0.0,0.9961240310077519,0.007751937984496138,0.0,0.9922480620155039,0.015503875968992276,0.0,0.9878468829392222,0.023255813953488413,0.0010504201680672232,0.9878468829392222,0.023255813953488413,0.0010504201680672232,0.9961240310077519,0.007751937984496138,0.0,0.9961240310077519,0.007751937984496138,0.0
iot,300,2,dev7,5.703782474656201,0.011250000000000093,1.999999999806085,-0.7813008427619934,0.11192663192749024,0.19,-0.9006211180124223,-0.0205745341614908,-0.9211956521739131,0.7869047619047619,0.33333333333333337,0.09285714285714286,0.7904761904761906,0.32499999999999996,0.09404761904761905,0.7940476190476191,0.31666666666666665,0.09523809523809523,0.8005952380952381,0.30000000000000004,0.09880952380952379,0.799404761904762,0.30833333333333335,0.09285714285714286,0.8041666666666667,0.30000000000000004,0.09166666666666667,0.8077380952380953,0.29166666666666663,0.09285714285714286,0.8119047619047619,0.2833333333333333,0.09285714285714286,0.7857142857142857,0.33333333333333337,0.09523809523809523,0.8130952380952381,0.2833333333333333,0.09047619047619049,0.8708333333333333,0.14166666666666672,0.1166666666666667
iot,300,3,dev0,5.703782474656201,0.03125,1.9999999997811333,-0.3696412444114685,0.08835119068622589,0.0,-0.23607427055702918,-0.5517241379310345,-0.7877984084880636,0.8238781038374718,0.008000000000000007,0.3442437923250564,0.7542663656884876,0.040000000000000036,0.4514672686230248,0.6462483069977426,0.16800000000000004,0.5395033860045146,0.6768532731376975,0.05600000000000005,0.590293453724605,0.6791602708803611,0.04800000000000004,0.5936794582392777,0.6814672686230248,0.040000000000000036,0.5970654627539503,0.6660316027088036,0.07199999999999995,0.5959367945823928,0.6660316027088036,0.07199999999999995,0.5959367945823928,0.8238781038374718,0.008000000000000007,0.3442437923250564,0.6961896162528216,0.03200000000000003,0.5756207674943566,0.8238781038374718,0.008000000000000007,0.3442437923250564
iot,300,3,dev1,5.703782474656201,0.04208333333333336,1.9999999996995155,-0.7018271684646606,0.037772946357727044,0.0,-0.5892203035060178,0.13256584685156114,-0.4566544566544567,0.6012131859906646,0.09345794392523366,0.7041156840934372,0.6055482207645047,0.12149532710280375,0.6674082313681868,0.7363529570758787,0.1869158878504673,0.34037819799777536,0.7590313224455002,0.30841121495327106,0.17352614015572854,0.7785025937438275,0.26168224299065423,0.18131256952169073,0.7839499755699479,0.28971962616822433,0.1423804226918799,0.7927395964363311,0.2710280373831776,0.14349276974416014,0.7963001465803126,0.26168224299065423,0.14571746384872075,0.7850623226222282,0.28971962616822433,0.14015572858731928,0.7991901697628725,0.28037383177570097,0.12124582869855394,0.7958531286060316,0.28037383177570097,0.12791991101223577
iot,300,3,dev2,5.703782474656201,0.0279166666666667,1.9999999994858721,-0.6640142798423767,0.09096801698207854,0.0,-0.581306990881459,-0.049898682877406286,-0.6312056737588653,0.6396311261730969,0.0982142857142857,0.6225234619395204,0.6435088633993744,0.1071428571428571,0.6058394160583942,0.6650482273201251,0.1339285714285714,0.5359749739311783,0.6979275286757038,0.3392857142857143,0.264859228362878,0.7049335245046924,0.3482142857142857,0.24191866527632955,0.7188477580813347,0.3214285714285714,0.24087591240875916,0.7237682481751825,0.3303571428571429,0.22210636079249213,0.7286887382690302,0.1964285714285714,0.3461939520333681,0.7286887382690302,0.1964285714285714,0.3461939520333681,0.7498370698644421,0.1875,0.3128258602711157,0.7015771637122002,0.1964285714285714,0.4004171011470281
iot,300,3,dev3,5.703782474656201,0.0012499999999999734,1.9999999991112456,-0.5306877493858337,0.07038278639316559,0.0,-0.717357910906298,-0.1551459293394779,-0.8725038402457759,0.8308552817898612,0.045454545454545414,0.2928348909657321,0.8579816860190692,0.054545454545454564,0.229491173416407,0.8836873406966865,0.036363636363636376,0.19626168224299068,0.8626640234116869,0.018181818181818188,0.2564901349948079,0.83722269423204,0.018181818181818188,0.3073727933541017,0.8704238648163882,0.12727272727272732,0.13187954309449634,0.8613329557254791,0.1454545454545455,0.13187954309449634,0.8643207778721798,0.13636363636363635,0.13499480789200413,0.8755074105541396,0.045454545454545414,0.20353063343717548,0.8649674313225715,0.1454545454545455,0.12461059190031154,0.8283961106391013,0.018181818181818188,0.32502596053997923
iot,300,3,dev4,5.703782474656201,0.025416666666666643,1.9999999996207907,-0.6733421683311462,0.07872506499290466,0.01,-0.795377036756347,0.002273588480484978,-0.793103448275862,0.7534427966101696,0.211864406779661,0.28125,0.7650423728813559,0.19491525423728817,0.275,0.8248675847457627,0.2033898305084746,0.14687499999999998,0.8341719632768362,0.211864406779661,0.11979166666666663,0.8331302966101695,0.211864406779661,0.12187499999999996,0.8538665254237288,0.1610169491525424,0.13124999999999998,0.8745321327683615,0.11864406779661019,0.1322916666666667,0.8740112994350282,0.11864406779661019,0.1333333333333333,0.8331302966101695,0.211864406779661,0.12187499999999996,0.8382680084745763,0.22033898305084743,0.10312500000000002,0.8644244350282486,0.14406779661016944,0.12708333333333333
iot,300,3,dev5,5.703782474656201,0.02458333333333329,1.9999999997942506,-0.36499831080436707,0.10175279080867768,0.0,-0.6459420977693402,-0.3474133839582345,-0.9933554817275747,0.9412101996762008,0.03669724770642202,0.08088235294117652,0.9505242463958061,0.02752293577981646,0.0714285714285714,0.9555306067381082,0.04587155963302747,0.04306722689075626,0.9261188420322257,0.04587155963302747,0.10189075630252098,0.9211462107778892,0.06422018348623848,0.0934873949579832,0.9080159586770489,0.06422018348623848,0.11974789915966388,0.9017134376686455,0.06422018348623848,0.13235294117647056,0.8985621771644439,0.06422018348623848,0.1386554621848739,0.952099876647907,0.02752293577981646,0.06827731092436973,0.930739727083494,0.07339449541284404,0.06512605042016806,0.9143184796854522,0.06422018348623848,0.1071428571428571
iot,300,3,dev6,5.703782474656201,0.008750000000000036,1.9999999993017368,-0.5111857056617737,0.06994998425245286,0.09,-0.9846502703645561,-0.015349729635443898,-1.0,1.0,0.0,0.0,1.0,0.0,0.0,1.0,0.0,0.0,1.0,0.0,0.0,1.0,0.0,0.0,1.0,0.0,0.0,1.0,0.0,0.0,1.0,0.0,0.0,1.0,0.0,0.0,1.0,0.0,0.0,1.0,0.0,0.0
iot,300,3,dev7,5.703782474656201,0.008750000000000036,1.999999999797717,-0.826235830783844,0.1464208069443703,0.23,-0.8418560606060606,-0.13920454545454553,-0.9810606060606061,0.7858430441592215,0.3305785123966942,0.09773539928486297,0.7964518957042523,0.30578512396694213,0.10131108462455307,0.8276825027827304,0.23140495867768596,0.11323003575685342,0.8146898610112392,0.25619834710743805,0.11442193087008345,0.8105576296062806,0.2644628099173554,0.11442193087008345,0.7898964725814872,0.30578512396694213,0.11442193087008345,0.8129020183413942,0.25619834710743805,0.11799761620977356,0.817034249746353,0.2479338842975206,0.11799761620977356,0.7858430441592215,0.3305785123966942,0.09773539928486297,0.7851682936199136,0.31404958677685946,0.11561382598331349,0.898368778258257,0.05785123966942152,0.14541120381406436
iot,300,4,dev0,5.703782474656201,0.012083333333333335,1.9999999998283502,-0.5633118748664856,0.052607913017272946,0.0,-0.13334627329192547,-0.6723602484472049,-0.8057065217391304,0.8426344465745133,0.027272727272727226,0.2874583795782464,0.7782615275956009,0.027272727272727226,0.41620421753607106,0.6760720411663808,0.08181818181818179,0.5660377358490566,0.6377005347593583,0.13636363636363635,0.5882352941176471,0.6492230854605994,0.09999999999999998,0.6015538290788014,0.6464483906770255,0.09999999999999998,0.607103218645949,0.6447835738068812,0.09999999999999998,0.6104328523862375,0.6436736958934517,0.09999999999999998,0.6126526082130965,0.8426344465745133,0.027272727272727226,0.2874583795782464,0.6501210775905559,0.11818181818181817,0.58157602663707,0.8426344465745133,0.027272727272727226,0.2874583795782464
iot,300,4,dev1,5.703782474656201,0.008750000000000036,1.9999999997623576,-0.6799085736274719,0.061275058388710016,0.0,-0.6292701863354037,-0.07725155279503115,-0.7065217391304348,0.6914664858581945,0.2844827586206896,0.3325842696629213,0.7384637737311119,0.3017241379310345,0.22134831460674154,0.8224331654397521,0.10344827586206895,0.251685393258427,0.7731208833785355,0.26724137931034486,0.18651685393258421,0.7592599767531965,0.27586206896551724,0.20561797752808986,0.7730240216970167,0.025862068965517238,0.4280898876404494,0.7679678419217357,0.025862068965517238,0.4382022471910112,0.7679678419217357,0.025862068965517238,0.4382022471910112,0.82355676094537,0.10344827586206895,0.24943820224719104,0.7853932584269663,0.0,0.42921348314606744,0.8235761332816738,0.051724137931034475,0.30112359550561796
iot,300,4,dev2,5.703782474656201,0.018750000000000044,1.9999999994789763,-0.6502306461334229,0.06119592070579529,0.0,-0.6057610544217688,-0.07206632653061218,-0.6778273809523809,0.6134050102764959,0.3551401869158879,0.4180497925311203,0.5956925970450226,0.5046728971962617,0.303941908713693,0.6309574591848606,0.514018691588785,0.22406639004149376,0.697429906542056,0.3551401869158879,0.25,0.7202854151316554,0.28971962616822433,0.26970954356846477,0.7337805871175398,0.2710280373831776,0.2614107883817427,0.6293432737425835,0.6261682242990654,0.11514522821576767,0.6277824097413426,0.6355140186915889,0.10892116182572609,0.7088503897312599,0.33644859813084116,0.24585062240663902,0.7581921123046496,0.20560747663551404,0.27800829875518673,0.7051954473184162,0.383177570093458,0.2064315352697096
iot,300,4,dev3,5.703782474656201,0.004583333333333273,1.9999999996639037,-0.6753712892532349,0.06824291765689851,0.0,-0.6666666666666667,-0.1794871794871794,-0.8461538461538461,0.7690778068595125,0.22580645161290325,0.23603793466807166,0.7589907882660865,0.33870967741935487,0.1433087460484721,0.7574526666440056,0.3870967741935484,0.09799789251844049,0.7423773751657092,0.4193548387096774,0.09589041095890416,0.7372913763214249,0.42741935483870963,0.09799789251844049,0.743775281280805,0.41129032258064513,0.10115911485774498,0.7427215405010368,0.41129032258064513,0.10326659641728131,0.7562162208096808,0.3790322580645161,0.10853530031612224,0.7397430232162888,0.4193548387096774,0.10115911485774498,0.7542914443047011,0.3870967741935484,0.10432033719704947,0.7698936061728814,0.3548387096774194,0.10537407797681775
iot,300,4,dev4,5.703782474656201,0.0012499999999999734,1.9999999998556754,-0.6175046563148499,0.08384601175785063,0.0,-0.7047619047619048,-0.0996825396825396,-0.8044444444444444,0.8083173711318266,0.06504065040650409,0.3183246073298429,0.8193419316392117,0.03252032520325199,0.3287958115183246,0.8287958115183246,0.0,0.3424083769633508,0.9006172051249308,0.04065040650406504,0.15811518324607332,0.9071766057974715,0.024390243902439046,0.16125654450261784,0.8998169667560549,0.05691056910569103,0.14345549738219898,0.9033584471970374,0.04878048780487809,0.14450261780104712,0.8998169667560549,0.05691056910569103,0.14345549738219898,0.8998169667560549,0.05691056910569103,0.14345549738219898,0.887034435789384,0.008130081300813052,0.2178010471204188,0.8982164900183033,0.08943089430894313,0.1141361256544503
iot,300,4,dev5,5.703782474656201,0.02791666666666659,1.9999999998421725,-0.3330187499523163,0.0447617930173874,0.0,-0.6538095238095237,-0.33619047619047626,-0.99,0.8993442345325907,0.1517857142857143,0.04952581664910427,0.9195017311455668,0.0714285714285714,0.08956796628029506,0.9126806412765317,0.0892857142857143,0.0853530031612223,0.8974578503688093,0.125,0.08008429926238148,0.8948234984193888,0.125,0.0853530031612223,0.8740544558181544,0.1517857142857143,0.10010537407797682,0.8485153545085051,0.1607142857142857,0.14225500526870394,0.8322105976215566,0.1785714285714286,0.15700737618545835,0.8995653319283456,0.125,0.07586933614330871,0.8870051181695018,0.1785714285714286,0.04741833508956794,0.9071626147824778,0.0982142857142857,0.08746048472075874
iot,300,4,dev6,5.703782474656201,0.0012499999999999734,1.9999999996023696,-0.49480724334716797,0.05265269964933396,0.03,-0.9549512987012986,-0.04504870129870142,-1.0,0.9984504132231404,0.0,0.0030991735537190257,0.9989669421487604,0.0,0.0020661157024793875,0.9994834710743802,0.0,0.0010330578512396382,0.9989669421487604,0.0,0.0020661157024793875,0.9989669421487604,0.0,0.0020661157024793875,0.9989669421487604,0.0,0.0020661157024793875,0.9984504132231404,0.0,0.0030991735537190257,0.9984504132231404,0.0,0.0030991735537190257,0.9984504132231404,0.0,0.0030991735537190257,0.9989669421487604,0.0,0.0020661157024793875,0.995575221238938,0.008849557522123908,0.0
iot,300,4,dev7,5.703782474656201,0.004583333333333273,1.9999999998829914,-0.7615187764167786,0.11777983605861665,0.25,-0.8187444739168878,-0.0786914235190097,-0.8974358974358975,0.8847959622833445,0.05737704918032782,0.17303102625298328,0.9102957862201182,0.040983606557377095,0.13842482100238662,0.9073907429868148,0.049180327868852514,0.13603818615751795,0.9121640126765522,0.049180327868852514,0.12649164677804292,0.914550647521421,0.049180327868852514,0.12171837708830546,0.9157439649438553,0.049180327868852514,0.11933174224343679,0.9180523494659415,0.040983606557377095,0.12291169451073991,0.9221507101216793,0.032786885245901676,0.12291169451073991,0.9163406236550726,0.049180327868852514,0.11813842482100234,0.9227473688328964,0.032786885245901676,0.12171837708830546,0.9186490081771588,0.040983606557377095,0.12171837708830546
iot,1000,0,dev0,6.907755278982137,0.009624999999999995,1.9999999991724982,-0.47400131821632385,0.06355577564096308,0.0,-0.21999091443535887,-0.6670274170274171,-0.887018331462776,0.9069304152637485,0.01666666666666672,0.16947250280583614,0.9139870931537598,0.025000000000000022,0.14702581369248036,0.9106200897867565,0.025000000000000022,0.15375982042648706,0.826936026936027,0.06666666666666665,0.2794612794612794,0.7634399551066218,0.050000000000000044,0.4231200897867564,0.7267255892255893,0.05833333333333335,0.4882154882154882,0.7229517396184063,0.033333333333333326,0.5207631874298542,0.711574074074074,0.05833333333333335,0.5185185185185186,0.9100589225589226,0.025000000000000022,0.15488215488215484,0.729685746352413,0.033333333333333326,0.5072951739618407,0.9069304152637485,0.01666666666666672,0.16947250280583614
iot,1000,0,dev1,6.907755278982137,0.001375000000000015,1.9999999989050057,-0.6939923167228699,0.07709041676363787,0.0,-0.6393847549043006,-0.3328003436590138,-0.9721850985633144,0.8751071909837069,0.2222222222222222,0.027563395810363822,0.9222879289031439,0.06060606060606055,0.09481808158765159,0.9089684051095297,0.07070707070707072,0.11135611907386989,0.8915227244885459,0.11111111111111116,0.10584343991179712,0.8674618288730748,0.1515151515151515,0.11356119073869897,0.8483623445034691,0.19191919191919193,0.11135611907386989,0.8308108649894759,0.18181818181818177,0.1565600882028666,0.8202476807768979,0.19191919191919193,0.16758544652701213,0.8751071909837069,0.2222222222222222,0.027563395810363822,0.8387068034256568,0.16161616161616166,0.16097023153252477,0.835399195928413,0.16161616161616166,0.16758544652701213
iot,1000,0,dev2,6.907755278982137,0.0006249999999999867,1.9999999970186317,-0.5917903184890747,0.07263131560506048,0.003003003003003003,-0.6378354978354979,-0.273073593073593,-0.9109090909090909,0.7006534938767108,0.5121951219512195,0.0864978902953587,0.6962153956982609,0.5284552845528455,0.07911392405063289,0.7093110013378614,0.49593495934959353,0.08544303797468356,0.7379849747864567,0.4227642276422764,0.10126582278481011,0.7292374189564681,0.4065040650406504,0.13502109704641352,0.7594036225172378,0.30081300813008127,0.180379746835443,0.7805392610888134,0.2195121951219512,0.21940928270042193,0.7657070083359061,0.24390243902439024,0.22468354430379744,0.7218791808171247,0.46341463414634143,0.09282700421940926,0.760149737573325,0.2845528455284553,0.19514767932489452,0.7723191314191623,0.2032520325203252,0.2521097046413502
iot,1000,0,dev3,6.907755278982137,0.0006249999999999867,1.999999996956069,-0.6651613712310791,0.07499603528876204,0.024024024024024024,-0.7652028822241589,-0.15222012030522658,-0.9174230025293855,0.8908960627545632,0.0714285714285714,0.14677930306230202,0.891424045859104,0.0714285714285714,0.1457233368532207,0.893808350513736,0.06349206349206349,0.14889123548046468,0.8895844856774107,0.06349206349206349,0.15733896515311507,0.8816647391093009,0.06349206349206349,0.17317845828933476,0.8718719096227017,0.08730158730158732,0.16895459345300945,0.863407418581653,0.10317460317460314,0.17001055966209078,0.8600174318231341,0.06349206349206349,0.2164730728616684,0.8806087729002195,0.06349206349206349,0.1752903907074974,0.8539204840683193,0.08730158730158732,0.20485744456177402,0.8697767385729371,0.0714285714285714,0.18901795142555433
iot,1000,0,dev4,6.907755278982137,0.015375000000000028,1.9999999980669614,-0.6481844186782837,0.061370321043260824,0.07207207207207207,-0.8342650933669377,-0.13750716004124197,-0.9717722534081796,0.9081296150261667,0.051724137931034475,0.13201663201663205,0.9095096422682629,0.12068965517241381,0.06029106029106024,0.925129041508352,0.06034482758620685,0.08939708939708935,0.9287672951466055,0.06034482758620685,0.08212058212058215,0.9276023370850957,0.008620689655172376,0.1361746361746362,0.9234443329270916,0.008620689655172376,0.14449064449064453,0.9251559251559252,0.0,0.1496881496881497,0.9241164241164241,0.0,0.15176715176715172,0.9081296150261667,0.051724137931034475,0.13201663201663205,0.9036400458814252,0.1293103448275862,0.06340956340956339,0.9194386694386694,0.0,0.16112266112266116
iot,1000,0,dev5,6.907755278982137,0.0006249999999999867,1.9999999990732895,-0.37072813510894775,0.06488334443476107,0.042042042042042045,-0.8134080936128718,-0.1839468551925889,-0.9973549488054607,0.9455959280445582,0.0803571428571429,0.028451001053740765,0.9455959280445582,0.0803571428571429,0.028451001053740765,0.9668636158362186,0.0357142857142857,0.030558482613277094,0.9715772241457172,0.017857142857142905,0.03898840885142252,0.9628979753123589,0.0267857142857143,0.04741833508956794,0.9566037558332079,0.044642857142857095,0.04214963119072712,0.9128170630739124,0.008928571428571397,0.16543730242360377,0.8949034698178534,0.008928571428571397,0.2012644889357218,0.9673622610266446,0.017857142857142905,0.04741833508956794,0.9602353981634804,0.008928571428571397,0.07060063224446789,0.8812659942796929,0.2142857142857143,0.023182297154899945
iot,1000,0,dev6,6.907755278982137,0.005375000000000019,1.9999999962793191,-0.5135760307312012,0.030809681963276218,0.003003003003003003,-0.978470509082754,-0.021529490917245986,-1.0,0.998941798941799,0.0,0.002116402116402072,0.998941798941799,0.0,0.002116402116402072,0.998941798941799,0.0,0.002116402116402072,0.9984126984126984,0.0,0.0031746031746031633,0.9968253968253968,0.0,0.006349206349206327,0.9952380952380953,0.0,0.00952380952380949,0.9920907251789605,0.007352941176470562,0.00846560846560851,0.9920907251789605,0.007352941176470562,0.00846560846560851,0.9920907251789605,0.007352941176470562,0.00846560846560851,0.9952380952380953,0.0,0.00952380952380949,0.9910325241207594,0.007352941176470562,0.010582010582010581
iot,1000,0,dev7,6.907755278982137,0.010624999999999996,1.9999999990364234,-0.7996619343757629,0.19463825983193903,0.34534534534534533,-0.8547189819724282,-0.0702166338433573,-0.9249356158157855,0.9118391631123238,0.008264462809917328,0.16805721096543502,0.9118391631123238,0.008264462809917328,0.16805721096543502,0.9136270057821689,0.008264462809917328,0.16448152562574492,0.9094553728858638,0.008264462809917328,0.17282479141835516,0.9094553728858638,0.008264462809917328,0.17282479141835516,0.9225662191313941,0.008264462809917328,0.1466030989272944,0.9172026911218589,0.008264462809917328,0.1573301549463647,0.9214137255095105,0.016528925619834656,0.14064362336114422,0.9214137255095105,0.016528925619834656,0.14064362336114422,0.9214137255095105,0.016528925619834656,0.14064362336114422,0.9220096730661256,0.016528925619834656,0.1394517282479142
iot,1000,1,dev0,6.907755278982137,0.005750000000000033,1.9999999986581884,-0.46658197045326233,0.0815120892481761,0.0,-0.25785634118967454,-0.6118593340815563,-0.869715675271231,0.9118546195652174,0.04347826086956519,0.1328125,0.9101805124223603,0.04347826086956519,0.1361607142857143,0.8815120341614906,0.06956521739130439,0.1674107142857143,0.7797408773291925,0.09565217391304348,0.3448660714285714,0.7579532220496894,0.05217391304347829,0.4319196428571429,0.7046389751552795,0.11304347826086958,0.4776785714285714,0.7180997670807453,0.034782608695652195,0.5290178571428572,0.6968022127329192,0.06956521739130439,0.5368303571428572,0.9118546195652174,0.04347826086956519,0.1328125,0.7217973602484472,0.060869565217391286,0.4955357142857143,0.9118546195652174,0.04347826086956519,0.1328125
iot,1000,1,dev1,6.907755278982137,0.01824999999999999,1.999999998527194,-0.6683241128921509,0.06596565246582031,0.0,-0.630329294717246,-0.2891323587755974,-0.9194616534928434,0.8551608792609111,0.0547945205479452,0.23488372093023258,0.8819050653074227,0.0547945205479452,0.1813953488372093,0.8756928958266964,0.136986301369863,0.11162790697674418,0.8671631092704684,0.15753424657534243,0.10813953488372097,0.851592863969417,0.17123287671232879,0.12558139534883717,0.8490761388977381,0.15068493150684936,0.15116279069767447,0.8342147180630775,0.17808219178082196,0.15348837209302324,0.8358314749920357,0.1643835616438356,0.163953488372093,0.86890729531698,0.15753424657534243,0.10465116279069764,0.8526839757884677,0.226027397260274,0.06860465116279069,0.818254221089519,0.21232876712328763,0.15116279069767447
iot,1000,1,dev2,6.907755278982137,0.011750000000000038,1.9999999956412289,-0.6006030440330505,0.07467030906104469,0.0,-0.5788375247834707,-0.33368986747365126,-0.912527392257122,0.821706081081081,0.1711711711711712,0.18541666666666667,0.8204814189189189,0.16216216216216217,0.19687500000000002,0.8178772522522523,0.16216216216216217,0.20208333333333328,0.8157376126126126,0.10810810810810811,0.26041666666666663,0.8048001126126125,0.10810810810810811,0.2822916666666667,0.8034206081081081,0.11711711711711714,0.27604166666666663,0.7802787162162161,0.23423423423423428,0.20520833333333333,0.7816582207207208,0.22522522522522526,0.2114583333333333,0.821706081081081,0.1711711711711712,0.18541666666666667,0.7894707207207208,0.22522522522522526,0.1958333333333333,0.7557995495495495,0.23423423423423428,0.25416666666666665
iot,1000,1,dev3,6.907755278982137,0.0012499999999999734,1.9999999962122876,-0.6526550650596619,0.07172429695859686,0.018018018018018018,-0.7568472056830781,-0.14427380610191753,-0.9011210117849956,0.8600008873901854,0.1271186440677966,0.15287958115183242,0.8567619132132399,0.14406779661016944,0.14240837696335074,0.8535717454964948,0.15254237288135597,0.14031413612565447,0.8653341024048273,0.11016949152542377,0.15916230366492146,0.8605244475996096,0.1271186440677966,0.1518324607329843,0.856957139054042,0.11016949152542377,0.17591623036649218,0.8537181648770964,0.1271186440677966,0.1654450261780105,0.8548628982163458,0.11016949152542377,0.18010471204188483,0.8547652852959446,0.1271186440677966,0.1633507853403141,0.8606220605200106,0.11016949152542377,0.168586387434555,0.8631910551069305,0.11864406779661019,0.1549738219895288
iot,1000,1,dev4,6.907755278982137,0.010249999999999981,1.999999998035082,-0.6712139248847961,0.05013672112523614,0.05105105105105105,-0.8559343469829404,-0.13855709507883418,-0.9944914420617745,0.9417355371900826,0.054545454545454564,0.06198347107438018,0.9488636363636365,0.045454545454545414,0.05681818181818177,0.9438016528925619,0.054545454545454564,0.05785123966942152,0.9386363636363636,0.054545454545454564,0.06818181818181823,0.9224173553719008,0.08181818181818179,0.07334710743801653,0.9202479338842975,0.07272727272727275,0.08677685950413228,0.9168388429752066,0.045454545454545414,0.12086776859504134,0.9092975206611571,0.0636363636363636,0.11776859504132231,0.9417355371900826,0.054545454545454564,0.06198347107438018,0.9172520661157024,0.08181818181818179,0.08367768595041325,0.9014462809917356,0.09999999999999998,0.09710743801652888
iot,1000,1,dev5,6.907755278982137,0.004249999999999976,1.9999999986353023,-0.4010160267353058,0.052780209897874714,0.05405405405405406,-0.822020202020202,-0.17232323232323243,-0.9943434343434344,0.9194150858952732,0.14516129032258063,0.016008537886872953,0.9220831755430854,0.14516129032258063,0.01067235859124871,0.8959918408097222,0.2016129032258065,0.006403415154749181,0.9654310255792337,0.040322580645161255,0.028815368196371427,0.9560023410334975,0.06451612903225812,0.023479188900747072,0.94900506076359,0.08064516129032262,0.021344717182497308,0.920013254380831,0.056451612903225756,0.10352187833511206,0.8741737528832583,0.18548387096774188,0.06616862326574169,0.94900506076359,0.08064516129032262,0.021344717182497308,0.9619323854442801,0.048387096774193505,0.02774813233724649,0.8889386167246187,0.16129032258064513,0.060832443970117445
iot,1000,1,dev6,6.907755278982137,0.0012499999999999734,1.9999999946840636,-0.4813522696495056,0.0248822965197735,0.003003003003003003,-0.9852626797071241,-0.014737320292875888,-1.0,0.9973958333333333,0.0,0.00520833333333337,0.9973958333333333,0.0,0.00520833333333337,0.9973958333333333,0.0,0.00520833333333337,0.9963541666666667,0.0,0.007291666666666696,0.9921875,0.0,0.015625,0.99375,0.0,0.012499999999999956,0.9942708333333333,0.0,0.011458333333333348,0.9947916666666667,0.0,0.01041666666666663,0.9947916666666667,0.0,0.01041666666666663,0.9942708333333333,0.0,0.011458333333333348,0.996875,0.0,0.006249999999999978
iot,1000,1,dev7,6.907755278982137,0.017750000000000044,1.9999999986179438,-0.8001533150672913,0.15061996354757845,0.21621621621621623,-0.900541740251062,-0.06445993031358876,-0.9650016705646508,0.9150554732391312,0.014925373134328401,0.15496368038740915,0.9150554732391312,0.014925373134328401,0.15496368038740915,0.9150554732391312,0.014925373134328401,0.15496368038740915,0.9144501463626179,0.014925373134328401,0.1561743341404358,0.9180821076216978,0.014925373134328401,0.14891041162227603,0.9180821076216978,0.014925373134328401,0.14891041162227603,0.9186874344982111,0.014925373134328401,0.14769975786924938,0.9155614180911424,0.02238805970149249,0.14648910411622273,0.9155614180911424,0.02238805970149249,0.14648910411622273,0.9186874344982111,0.014925373134328401,0.14769975786924938,0.9206027971522532,0.007462686567164201,0.15133171912832932
iot,1000,2,dev0,6.907755278982137,0.014125000000000054,1.9999999987038453,-0.42109063267707825,0.07049539873191903,0.0,-0.26729675476748077,-0.6127969220475074,-0.8800936768149882,0.9188129899216125,0.0,0.16237402015677493,0.9132138857782754,0.0,0.173572228443449,0.8673012318029115,0.0,0.26539753639417696,0.7299381251542126,0.22881355932203384,0.3113101903695409,0.7239641657334827,0.0,0.5520716685330347,0.7094064949608063,0.0,0.5811870100783875,0.6956507297815401,0.008474576271186418,0.6002239641657334,0.6950908193672063,0.008474576271186418,0.6013437849944009,0.9188129899216125,0.0,0.16237402015677493,0.6981323666179513,0.016949152542372836,0.5867861142217246,0.9188129899216125,0.0,0.16237402015677493
iot,1000,2,dev1,6.907755278982137,0.005874999999999964,1.9999999979359153,-0.6311439275741577,0.06849904318113584,0.0,-0.6366894351323417,-0.33610075046061205,-0.9727901855929537,0.8704158676893576,0.1517857142857143,0.10738255033557043,0.8738015340364333,0.1785714285714286,0.0738255033557047,0.8453579418344519,0.25,0.059284116331096204,0.8458772770853308,0.2142857142857143,0.09395973154362414,0.8280401086609139,0.2678571428571429,0.07606263982102912,0.8168644135506551,0.2767857142857143,0.08948545861297541,0.8107122882710132,0.2767857142857143,0.10178970917225949,0.797868728028124,0.2946428571428571,0.10961968680089484,0.8704158676893576,0.1517857142857143,0.10738255033557043,0.8179829817833173,0.2767857142857143,0.08724832214765099,0.8006951102588686,0.3214285714285714,0.07718120805369133
iot,1000,2,dev2,6.907755278982137,0.011874999999999969,1.999999995118693,-0.5258198380470276,0.06085888849006401,0.003003003003003003,-0.57572861920688,-0.27396644276439674,-0.8496950619712768,0.7983784865874817,0.15748031496062997,0.2457627118644068,0.7980782063259042,0.14960629921259838,0.2542372881355932,0.8014688709462165,0.19685039370078738,0.20021186440677963,0.7910174496196449,0.22834645669291342,0.1896186440677966,0.792306152408915,0.22047244094488194,0.19491525423728817,0.7844321366608835,0.2362204724409449,0.19491525423728817,0.7866216802348859,0.25196850393700787,0.17478813559322037,0.7836021953823569,0.22834645669291342,0.20444915254237284,0.7983784865874817,0.15748031496062997,0.2457627118644068,0.7904877886026958,0.22834645669291342,0.19067796610169496,0.7767166021620179,0.22834645669291342,0.21822033898305082
iot,1000,2,dev3,6.907755278982137,0.0068749999999999645,1.9999999949222622,-0.6221926808357239,0.060588038629955716,0.003003003003003003,-0.7422649483460295,-0.13328289679641026,-0.8755478451424398,0.8516089541797831,0.16666666666666663,0.13011542497376705,0.8593870234347674,0.14166666666666672,0.13955928646379856,0.8572883875480937,0.14166666666666672,0.14375655823714584,0.8541404337180832,0.14166666666666672,0.1500524658971668,0.8618878978663869,0.10833333333333328,0.167890870933893,0.8547263029031129,0.15833333333333333,0.13221406086044074,0.8577824414130815,0.1333333333333333,0.15110178384050366,0.8541404337180832,0.14166666666666672,0.1500524658971668,0.8516089541797831,0.16666666666666663,0.13011542497376705,0.7746327387198322,0.35,0.10073452256033577,0.8410239594263729,0.14166666666666672,0.17628541448058765
iot,1000,2,dev4,6.907755278982137,0.01012500000000005,1.99999999750669,-0.6863925457000732,0.0666115270541595,0.07507507507507508,-0.8287759025849178,-0.15189062166203804,-0.9806665242469559,0.9366830065359477,0.007936507936507908,0.11869747899159666,0.9398342670401494,0.007936507936507908,0.11239495798319332,0.9364495798319328,0.0,0.12710084033613445,0.9574579831932772,0.0,0.08508403361344541,0.9432773109243697,0.0,0.11344537815126055,0.9091386554621849,0.0,0.18172268907563027,0.9137488328664799,0.031746031746031744,0.14075630252100846,0.909780578898226,0.03968253968253965,0.14075630252100846,0.9366830065359477,0.007936507936507908,0.11869747899159666,0.9367997198879552,0.04761904761904767,0.07878151260504207,0.9080882352941176,0.0,0.18382352941176472
iot,1000,2,dev5,6.907755278982137,0.003874999999999962,1.9999999984105372,-0.41794025897979736,0.059590201925587005,0.03303303303303303,-0.7474314574314576,-0.24479076479076467,-0.9922222222222222,0.9659574468085106,0.0,0.06808510638297871,0.9676762792333392,0.008264462809917328,0.05638297872340425,0.9723404255319149,0.0,0.05531914893617018,0.9712765957446808,0.0,0.057446808510638325,0.9670212765957447,0.0,0.06595744680851068,0.9680851063829787,0.0,0.06382978723404253,0.9617856514858449,0.04132231404958675,0.03510638297872337,0.9441093722525058,0.03305785123966942,0.0787234042553191,0.9723404255319149,0.0,0.05531914893617018,0.9772507473184455,0.008264462809917328,0.037234042553191515,0.937849481273079,0.04132231404958675,0.08297872340425527
iot,1000,2,dev6,6.907755278982137,0.0021250000000000435,1.9999999937332933,-0.5079800486564636,0.01835971245089093,0.0,-0.9619247626004384,-0.038075237399561646,-1.0,1.0,0.0,0.0,1.0,0.0,0.0,1.0,0.0,0.0,1.0,0.0,0.0,1.0,0.0,0.0,1.0,0.0,0.0,0.9922480620155039,0.015503875968992276,0.0,0.9883720930232558,0.023255813953488413,0.0,0.9883720930232558,0.023255813953488413,0.0,0.9922480620155039,0.015503875968992276,0.0,0.9961240310077519,0.007751937984496138,0.0
iot,1000,2,dev7,6.907755278982137,0.0021250000000000435,1.9999999983638044,-0.8257770538330078,0.16936845106405538,0.2822822822822823,-0.9016057091882248,-0.049509366636931396,-0.9511150758251562,0.9083333333333333,0.050000000000000044,0.1333333333333333,0.9077380952380952,0.050000000000000044,0.1345238095238095,0.9095238095238095,0.050000000000000044,0.13095238095238093,0.9184523809523809,0.01666666666666672,0.14642857142857146,0.925,0.0,0.15000000000000002,0.9238095238095239,0.0,0.1523809523809524,0.9226190476190477,0.008333333333333304,0.14642857142857146,0.9226190476190477,0.008333333333333304,0.14642857142857146,0.9095238095238095,0.050000000000000044,0.13095238095238093,0.9214285714285715,0.008333333333333304,0.14880952380952384,0.924404761904762,0.0,0.1511904761904762
iot,1000,3,dev0,6.907755278982137,0.00462499999999999,1.999999998685366,-0.4349270761013031,0.0848676587368275,0.0,-0.282149285831171,-0.580802767842532,-0.8629520536737031,0.9271512415349887,0.008000000000000007,0.13769751693002252,0.9198148984198646,0.008000000000000007,0.15237020316027083,0.9095575620767494,0.02400000000000002,0.15688487584650113,0.7654221218961625,0.15200000000000002,0.3171557562076749,0.7315620767494356,0.15200000000000002,0.3848758465011287,0.734,0.03200000000000003,0.5,0.7076252821670429,0.008000000000000007,0.5767494356659142,0.7074762979683973,0.03200000000000003,0.5530474040632054,0.9271512415349887,0.008000000000000007,0.13769751693002252,0.7059503386004515,0.09599999999999997,0.49209932279909707,0.9271512415349887,0.008000000000000007,0.13769751693002252
iot,1000,3,dev1,6.907755278982137,0.009375000000000022,1.9999999983492929,-0.6662895679473877,0.08200287944203741,0.0,-0.6555234888568222,-0.29051092939981826,-0.9460344182566405,0.8515952304221721,0.15887850467289721,0.13793103448275867,0.8567151455927147,0.13084112149532712,0.15572858731924355,0.8607227137109769,0.10280373831775702,0.17575083426028926,0.8845238218997225,0.13084112149532712,0.10011123470522798,0.8651669040366763,0.14953271028037385,0.12013348164627369,0.8317860967014232,0.2429906542056075,0.09343715239154615,0.8298992650192841,0.20560747663551404,0.1345939933259177,0.8127670412607986,0.22429906542056077,0.15016685205784208,0.8816337987171623,0.11214953271028039,0.1245828698553949,0.8396868795026665,0.2149532710280374,0.10567296996662956,0.852037050513031,0.1869158878504673,0.10901001112347053
iot,1000,3,dev2,6.907755278982137,0.00462499999999999,1.9999999971120173,-0.5999956130981445,0.08640914153050373,0.0,-0.5943908427568559,-0.2544351073762837,-0.8488259501331397,0.7473279457768509,0.2321428571428571,0.2732012513034411,0.7511405109489051,0.2589285714285714,0.2387904066736184,0.7611444212721585,0.3035714285714286,0.17413972888425444,0.7590589155370178,0.3035714285714286,0.17831074035453598,0.7561587591240876,0.3125,0.17518248175182483,0.7580161626694473,0.3035714285714286,0.18039624608967675,0.74648070907195,0.3214285714285714,0.18561001042752867,0.7417883211678833,0.3214285714285714,0.19499478623566213,0.7566801355578727,0.3125,0.17413972888425444,0.7456660583941606,0.3303571428571429,0.17831074035453598,0.7220737747653806,0.3660714285714286,0.1897810218978102
iot,1000,3,dev3,6.907755278982137,0.00462499999999999,1.999999995175453,-0.6316757202148438,0.07424903112846809,0.018018018018018018,-0.7566000237304225,-0.17373635500711904,-0.9303363787375415,0.9021146039837629,0.054545454545454564,0.1412253374870197,0.9070518266779949,0.036363636363636376,0.14953271028037385,0.903025582932125,0.045454545454545414,0.14849428868120462,0.9017322760313415,0.027272727272727226,0.1692627206645898,0.9017322760313415,0.027272727272727226,0.1692627206645898,0.8909562918908713,0.036363636363636376,0.18172377985462096,0.8715991692627207,0.09999999999999998,0.15680166147455865,0.8658878504672898,0.09999999999999998,0.16822429906542058,0.9021146039837629,0.054545454545454564,0.1412253374870197,0.8700415368639668,0.09999999999999998,0.15991692627206644,0.8757528556593976,0.09999999999999998,0.14849428868120462
iot,1000,3,dev4,6.907755278982137,0.0036249999999999893,1.9999999983175036,-0.6890536546707153,0.05655892417058572,0.03003003003003003,-0.810207695118181,-0.16136421123633404,-0.9715719063545151,0.9104696327683616,0.11864406779661019,0.060416666666666674,0.9274187853107345,0.0847457627118644,0.060416666666666674,0.9512800141242937,0.03389830508474578,0.06354166666666672,0.9326712570621469,0.016949152542372836,0.1177083333333333,0.9309675141242938,0.03389830508474578,0.10416666666666663,0.8996733757062148,0.10169491525423724,0.09895833333333337,0.9131885593220339,0.0423728813559322,0.13124999999999998,0.9154131355932202,0.025423728813559365,0.14375000000000004,0.8996733757062148,0.10169491525423724,0.09895833333333337,0.9204802259887006,0.0423728813559322,0.1166666666666667,0.9106550141242937,0.03389830508474578,0.14479166666666665
iot,1000,3,dev5,6.907755278982137,0.003375000000000017,1.9999999991040682,-0.4099638760089874,0.054555433827477545,0.04504504504504504,-0.7137129765995746,-0.2812960235640648,-0.9950090001636394,0.9531502968159742,0.02752293577981646,0.06617647058823528,0.9566870326112096,0.01834862385321101,0.06827731092436973,0.9598382931154112,0.01834862385321101,0.06197478991596639,0.9683813892529489,0.02752293577981646,0.0357142857142857,0.9658950736257805,0.03669724770642202,0.031512605042016806,0.9473007092745356,0.09174311926605505,0.013655462184873901,0.9417691388481999,0.07339449541284404,0.04306722689075626,0.9078039472669802,0.11926605504587151,0.06512605042016806,0.9694318094210161,0.02752293577981646,0.03361344537815125,0.9626040783285792,0.02752293577981646,0.047268907563025264,0.9232470511140236,0.06422018348623848,0.0892857142857143
iot,1000,3,dev6,6.907755278982137,0.009375000000000022,1.9999999970134916,-0.5322425961494446,0.02670921786903619,0.0,-0.9829292929292929,-0.017070707070707125,-1.0,1.0,0.0,0.0,1.0,0.0,0.0,1.0,0.0,0.0,1.0,0.0,0.0,0.9989462592202318,0.0,0.0021074815595363283,0.9963119072708113,0.0,0.00737618545837726,0.9984193888303478,0.0,0.0031612223393044925,0.9984193888303478,0.0,0.0031612223393044925,0.9984193888303478,0.0,0.0031612223393044925,0.9978925184404637,0.0,0.004214963119072657,0.9989462592202318,0.0,0.0021074815595363283
iot,1000,3,dev7,6.907755278982137,0.00462499999999999,1.9999999990287356,-0.8255746364593506,0.18400078138207887,0.3123123123123123,-0.873688669607037,-0.0798260696219879,-0.9535147392290249,0.9171632896305125,0.0,0.16567342073897495,0.9177592371871275,0.0,0.16448152562574492,0.9142229533387839,0.008264462809917328,0.16328963051251488,0.9148189008953989,0.008264462809917328,0.16209773539928485,0.9136270057821689,0.008264462809917328,0.16448152562574492,0.918990533791704,0.008264462809917328,0.1537544696066746,0.919586481348319,0.008264462809917328,0.15256257449344457,0.917798638678474,0.008264462809917328,0.15613825983313467,0.919586481348319,0.008264462809917328,0.15256257449344457,0.9172420926132054,0.016528925619834656,0.14898688915375446,0.9207783764615491,0.008264462809917328,0.1501787842669845
iot,1000,4,dev0,6.907755278982137,0.00024999999999997247,1.99999999901139,-0.4737476706504822,0.06554826387056001,0.0,-0.21616874174418932,-0.6838902785194345,-0.9000590202636238,0.9233124810816264,0.009090909090909038,0.14428412874583796,0.9238674200383412,0.009090909090909038,0.14317425083240842,0.9114468772071436,0.027272727272727226,0.14983351831298553,0.7995055998385632,0.10909090909090913,0.2918978912319645,0.736136615881344,0.11818181818181817,0.40954495005549385,0.6952830188679245,0.09999999999999998,0.5094339622641509,0.6929320956512965,0.0636363636363636,0.5504994450610432,0.7027898294823933,0.027272727272727226,0.5671476137624861,0.910336999293714,0.027272727272727226,0.1520532741398446,0.7137826657249521,0.036363636363636376,0.5360710321864595,0.9233124810816264,0.009090909090909038,0.14428412874583796
iot,1000,4,dev1,6.907755278982137,0.005249999999999977,1.9999999986283519,-0.6587170958518982,0.07794262553836491,0.0,-0.6279167746953591,-0.3138935701322272,-0.9418103448275863,0.9304920573421155,0.08620689655172409,0.05280898876404494,0.9179678419217357,0.025862068965517238,0.13820224719101126,0.9207671445176289,0.051724137931034475,0.1067415730337079,0.9078457962030221,0.051724137931034475,0.13258426966292136,0.9009104998062767,0.06896551724137934,0.1292134831460674,0.8907981402557148,0.06896551724137934,0.14943820224719107,0.8563444401394809,0.06034482758620685,0.22696629213483144,0.8263463773731112,0.15517241379310343,0.19213483146067412,0.9031576908175125,0.06896551724137934,0.12471910112359552,0.8557438977140643,0.1637931034482759,0.12471910112359552,0.858979077876792,0.025862068965517238,0.25617977528089886
iot,1000,4,dev2,6.907755278982137,0.005249999999999977,1.999999997181753,-0.5887501835823059,0.07043991217742096,0.0,-0.6277056277056278,-0.254011544011544,-0.8817171717171718,0.7726713072478381,0.28971962616822433,0.16493775933609955,0.780461085042851,0.2710280373831776,0.1680497925311203,0.7970731376274867,0.2429906542056075,0.16286307053941906,0.7846298522511344,0.23364485981308414,0.19709543568464727,0.77165335246442,0.25233644859813087,0.2043568464730291,0.761784038468996,0.28037383177570097,0.19605809128630702,0.757634660875635,0.28037383177570097,0.2043568464730291,0.7566021638810253,0.2710280373831776,0.2157676348547718,0.7690502966611084,0.2710280373831776,0.1908713692946058,0.7649203086826695,0.23364485981308414,0.2365145228215768,0.7290592158839726,0.3738317757009346,0.1680497925311203
iot,1000,4,dev3,6.907755278982137,0.012750000000000039,1.999999997255637,-0.652542233467102,0.08477770619922215,0.006006006006006006,-0.7766197698904386,-0.16698202459791855,-0.9436017944883571,0.8839907882660865,0.08870967741935487,0.1433087460484721,0.8853886943811822,0.08064516129032262,0.14857744994731292,0.8988833746898264,0.048387096774193505,0.15384615384615385,0.7956677657296305,0.30645161290322576,0.10221285563751314,0.7644634419932697,0.3709677419354839,0.10010537407797682,0.7599043135388694,0.3790322580645161,0.10115911485774498,0.7769043815221455,0.33870967741935487,0.10748155953635408,0.7874205445460416,0.3145161290322581,0.11064278187565857,0.8839907882660865,0.08870967741935487,0.1433087460484721,0.8000441891294742,0.29032258064516125,0.1095890410958904,0.8848405792175125,0.056451612903225756,0.1738672286617492
iot,1000,4,dev4,6.907755278982137,0.006249999999999978,1.9999999984642254,-0.690447986125946,0.06830384204158554,0.07507507507507508,-0.8291740857416793,-0.14436378578276932,-0.9735378715244486,0.9084110160473333,0.10569105691056913,0.07748691099476435,0.912199378538288,0.11382113821138207,0.06178010471204187,0.9195292214702252,0.11382113821138207,0.04712041884816753,0.918081981866939,0.12195121951219512,0.041884816753926746,0.9257182990678074,0.07317073170731703,0.07539267015706808,0.9309836972715277,0.04065040650406504,0.09738219895287958,0.9030519729281062,0.09756097560975607,0.09633507853403145,0.8967692504150173,0.09756097560975607,0.1089005235602094,0.9196526624952113,0.12195121951219512,0.03874345549738223,0.9177116587919806,0.09756097560975607,0.06701570680628277,0.903328651087558,0.08130081300813008,0.11204188481675392
iot,1000,4,dev5,6.907755278982137,0.0022499999999999742,1.9999999987209796,-0.3818129897117615,0.06291050327432766,0.03003003003003003,-0.696593687642281,-0.3017340715550434,-0.9983277591973244,0.9744608986903507,0.008928571428571397,0.04214963119072712,0.9749877690802349,0.008928571428571397,0.04109589041095896,0.9700248381755231,0.0357142857142857,0.02423603793466811,0.9776503462291133,0.0267857142857143,0.017913593256059013,0.9810608911636309,0.017857142857142905,0.02002107481559534,0.9582125922023182,0.0625,0.021074815595363505,0.9358629384314316,0.0892857142857143,0.03898840885142252,0.9124595438807768,0.1160714285714286,0.05900948366701786,0.9582125922023182,0.0625,0.021074815595363505,0.9532214360981485,0.0714285714285714,0.02212855637513167,0.9307588815294294,0.0267857142857143,0.11169652265542673
iot,1000,4,dev6,6.907755278982137,0.003249999999999975,1.999999996223038,-0.5301637649536133,0.0177266011545966,0.006006006006006006,-0.9569854697731935,-0.04301453022680646,-1.0,1.0,0.0,0.0,1.0,0.0,0.0,1.0,0.0,0.0,1.0,0.0,0.0,1.0,0.0,0.0,1.0,0.0,0.0,0.995575221238938,0.008849557522123908,0.0,0.995575221238938,0.008849557522123908,0.0,0.995575221238938,0.008849557522123908,0.0,0.995575221238938,0.008849557522123908,0.0,0.9867256637168141,0.026548672566371723,0.0
iot,1000,4,dev7,6.907755278982137,0.009750000000000036,1.999999999011908,-0.799182116985321,0.1559873592477661,0.2732732732732733,-0.8245082741346036,-0.11024309120026277,-0.9347513653348664,0.926689228843069,0.008196721311475419,0.13842482100238662,0.926689228843069,0.008196721311475419,0.13842482100238662,0.9272858875542862,0.008196721311475419,0.13723150357995229,0.9068723345983802,0.05737704918032782,0.1288782816229117,0.9209573926992449,0.032786885245901676,0.12529832935560858,0.9256524120661997,0.024590163934426257,0.12410501193317425,0.9262490707774169,0.024590163934426257,0.12291169451073991,0.9344457920888923,0.008196721311475419,0.12291169451073991,0.9157439649438553,0.049180327868852514,0.11933174224343679,0.9344457920888923,0.008196721311475419,0.12291169451073991,0.9198423255995931,0.040983606557377095,0.11933174224343679
iot,99999,0,dev0,7.793586803371584,0.0010151926478445539,1.999999989944084,-0.41754984855651855,0.10214026316557781,0.0,-0.32827494207139585,-0.6094898812897356,-0.9377648233611314,0.928493265993266,0.008333333333333304,0.13468013468013473,0.928493265993266,0.008333333333333304,0.13468013468013473,0.9243265993265992,0.01666666666666672,0.13468013468013473,0.9201599326599326,0.025000000000000022,0.13468013468013473,0.9159932659932659,0.033333333333333326,0.13468013468013473,0.905331088664422,0.033333333333333326,0.15600448933782263,0.7897306397306397,0.033333333333333326,0.3872053872053872,0.7246352413019079,0.033333333333333326,0.5173961840628507,0.9148709315375982,0.033333333333333326,0.1369248035914703,0.7526936026936026,0.033333333333333326,0.4612794612794613,0.928493265993266,0.008333333333333304,0.13468013468013473
iot,99999,0,dev1,7.789040401657477,0.0031908176531828536,1.999999987090186,-0.6523154973983765,0.11450073167385644,0.0380794701986755,-0.6669974512179835,-0.3240574381258793,-0.9910548893438628,0.9492109629926608,0.07070707070707072,0.030871003307607503,0.9492109629926608,0.07070707070707072,0.030871003307607503,0.9473789716347599,0.09090909090909094,0.01433296582138921,0.9698751573062487,0.04040404040404044,0.019845644983461974,0.9721693227757175,0.030303030303030276,0.02535832414553474,0.9727205906919247,0.030303030303030276,0.02425578831312014,0.950402592629715,0.06060606060606055,0.03858875413450935,0.8330159366543048,0.18181818181818177,0.15214994487320843,0.9676700856414198,0.04040404040404044,0.02425578831312014,0.8821678750013922,0.1717171717171717,0.06394707828004409,0.8618600559063624,0.16161616161616166,0.11466372657111357
iot,99999,0,dev2,7.851661177889265,0.00034787847414186057,1.9999999565641056,-0.5193762183189392,0.09324434343986156,0.0015552099533437014,-0.6506900023691068,-0.27898454157782526,-0.929674543946932,0.8372954615622106,0.09756097560975607,0.22784810126582278,0.8362406092415355,0.09756097560975607,0.22995780590717296,0.8406787074199855,0.08130081300813008,0.23734177215189878,0.83773283935371,0.06504065040650409,0.259493670886076,0.8288952351548833,0.016260162601625994,0.32594936708860756,0.790084388185654,0.33333333333333337,0.0864978902953587,0.8023052382422559,0.03252032520325199,0.3628691983122363,0.7765128125964804,0.14634146341463417,0.3006329113924051,0.8372954615622106,0.09756097560975607,0.22784810126582278,0.7755737367500257,0.2357723577235772,0.21308016877637126,0.781632705567562,0.1382113821138211,0.2985232067510548
iot,99999,0,dev3,7.853216388156072,0.007515635058240933,1.9999999502183847,-0.6506701111793518,0.10363312139644386,0.08695652173913043,-0.7490803550335796,-0.19108673042053637,-0.940167085454116,0.9149779588005564,0.015873015873015928,0.1541710665258712,0.9144499756960158,0.015873015873015928,0.15522703273495253,0.9133940094869345,0.015873015873015928,0.15733896515311507,0.904946279814284,0.015873015873015928,0.17423442449841609,0.9128660263823938,0.015873015873015928,0.1583949313621964,0.9054742629188246,0.015873015873015928,0.17317845828933476,0.88825614723186,0.0714285714285714,0.15205913410770855,0.8541928563047887,0.07936507936507942,0.2122492080253432,0.9149779588005564,0.015873015873015928,0.1541710665258712,0.8438720437136489,0.10317460317460314,0.2090813093980992,0.8695043663364677,0.07936507936507942,0.18162618796198526
iot,99999,0,dev4,7.857867559331803,0.001430330829085169,1.9999999839846871,-0.6886233687400818,0.06636402258885903,0.08668730650154799,-0.7876995119377391,-0.20611396913335966,-0.9938134810710988,0.9526758190551294,0.06034482758620685,0.03430353430353428,0.9537153200946304,0.06034482758620685,0.032224532224532254,0.9547548211341315,0.06034482758620685,0.03014553014553012,0.9609290988601333,0.03448275862068961,0.043659043659043606,0.9626406910889669,0.025862068965517238,0.04885654885654889,0.9566187540325471,0.0431034482758621,0.043659043659043606,0.9476306545272062,0.051724137931034475,0.053014553014553045,0.9322800917628504,0.008620689655172376,0.12681912681912677,0.9626406910889669,0.025862068965517238,0.04885654885654889,0.950381747795541,0.0431034482758621,0.05613305613305608,0.9312405907233494,0.008620689655172376,0.1288981288981289
iot,99999,0,dev5,7.841885928984623,0.0058648068094308,1.9999999849318713,-0.4119243323802948,0.07590956196738656,0.08634222919937205,-0.7311847522005142,-0.2678865209513194,-0.9990712731518335,0.993677555321391,0.0,0.012644889357218081,0.993677555321391,0.0,0.012644889357218081,0.994204425711275,0.0,0.011591148577449917,0.9947312961011592,0.0,0.010537407797681753,0.9863295950624718,0.017857142857142905,0.009483667017913588,0.9910432033719705,0.0,0.017913593256059013,0.969747290380852,0.0267857142857143,0.0337197049525817,0.903389846454915,0.044642857142857095,0.14857744994731292,0.9947312961011592,0.0,0.010537407797681753,0.9734071579105825,0.008928571428571397,0.04425711275026345,0.9379139695920518,0.0535714285714286,0.07060063224446789
iot,99999,0,dev6,7.860185057472165,0.007089363798636339,1.999999947808527,-0.5467114448547363,0.004133935326086585,0.0,-0.9180460419461902,-0.08195395805380978,-1.0,0.9984126984126984,0.0,0.0031746031746031633,0.9984126984126984,0.0,0.0031746031746031633,0.9984126984126984,0.0,0.0031746031746031633,0.9984126984126984,0.0,0.0031746031746031633,0.998941798941799,0.0,0.002116402116402072,1.0,0.0,0.0,0.9973544973544973,0.0,0.005291005291005346,0.9947362278244631,0.007352941176470562,0.0031746031746031633,0.9947362278244631,0.007352941176470562,0.0031746031746031633,0.9973544973544973,0.0,0.005291005291005346,0.9952653283535637,0.007352941176470562,0.002116402116402072
iot,99999,0,dev7,7.741967899820685,0.007478658051553677,1.9999999805974018,-0.8140936493873596,0.18989655036865669,0.18229166666666666,-0.8545366700052194,-0.09485604254538793,-0.9493927125506073,0.9136270057821689,0.008264462809917328,0.16448152562574492,0.9136270057821689,0.008264462809917328,0.16448152562574492,0.9136270057821689,0.008264462809917328,0.16448152562574492,0.9124351106689388,0.008264462809917328,0.166865315852205,0.918990533791704,0.008264462809917328,0.1537544696066746,0.9213743240181641,0.008264462809917328,0.14898688915375446,0.9183945862350891,0.008264462809917328,0.15494636471990464,0.9161290004826683,0.03305785123966942,0.13468414779499405,0.9161290004826683,0.03305785123966942,0.13468414779499405,0.9184339877264355,0.016528925619834656,0.1466030989272944,0.917798638678474,0.008264462809917328,0.15613825983313467
iot,99999,1,dev0,7.793586803371584,0.0007778561502993497,1.9999999902100598,-0.42081332206726074,0.10403402026730403,0.0,-0.3412908508130693,-0.5974893799818625,-0.9387802307949318,0.9331521739130435,0.008695652173912993,0.125,0.9331521739130435,0.008695652173912993,0.125,0.9229910714285714,0.0,0.1540178571428571,0.9203173524844721,0.008695652173912993,0.1506696428571429,0.9231075310559007,0.008695652173912993,0.1450892857142857,0.9064829192546584,0.017391304347826098,0.1696428571428571,0.804595302795031,0.034782608695652195,0.3560267857142857,0.7188664596273292,0.008695652173912993,0.5535714285714286,0.9331521739130435,0.008695652173912993,0.125,0.7474912655279503,0.10434782608695647,0.4006696428571429,0.9331521739130435,0.008695652173912993,0.125
iot,99999,1,dev1,7.789040401657477,0.012371897434886758,1.9999999861577717,-0.6407625675201416,0.09788828505980258,0.0,-0.6701687095250006,-0.324355874259985,-0.9945245837849856,0.9615562280981205,0.0547945205479452,0.02209302325581397,0.9638818094934692,0.0547945205479452,0.01744186046511631,0.9644632048423065,0.0547945205479452,0.016279069767441867,0.963300414144632,0.0547945205479452,0.018604651162790753,0.9570324944249761,0.06849315068493156,0.01744186046511631,0.9519273654029946,0.0821917808219178,0.013953488372092981,0.9334501433577572,0.09589041095890416,0.037209302325581395,0.8649092067537432,0.10273972602739723,0.16744186046511633,0.9615562280981205,0.0547945205479452,0.02209302325581397,0.9317059573112456,0.09589041095890416,0.04069767441860461,0.8900366358712966,0.11643835616438358,0.1034883720930233
iot,99999,1,dev2,7.851661177889265,0.0013370442444868846,1.9999999717496033,-0.546919047832489,0.093736216495419,0.006220839813374806,-0.6269990043602155,-0.29744223572630224,-0.9244412400865177,0.8418355855855856,0.16216216216216217,0.15416666666666667,0.8402730855855856,0.16216216216216217,0.15729166666666672,0.8439189189189189,0.16216216216216217,0.15000000000000002,0.8217623873873874,0.22522522522522526,0.13124999999999998,0.8066863738738739,0.25225225225225223,0.13437500000000002,0.8161880630630631,0.2072072072072072,0.16041666666666665,0.8203688063063064,0.05405405405405406,0.3052083333333333,0.7839949324324325,0.1351351351351351,0.296875,0.8212415540540541,0.22522522522522526,0.1322916666666667,0.7697072072072072,0.25225225225225223,0.20833333333333337,0.7635838963963963,0.2072072072072072,0.265625
iot,99999,1,dev3,7.853216388156072,0.001949336473800467,1.99999995787964,-0.6197779178619385,0.11006451791487865,0.07608695652173914,-0.7385722654615449,-0.19497196418110307,-0.9335442296426479,0.9298429319371728,0.0,0.14031413612565447,0.9293193717277487,0.0,0.1413612565445026,0.9303664921465968,0.0,0.13926701570680633,0.9256544502617801,0.0,0.14869109947643977,0.9256544502617801,0.0,0.14869109947643977,0.9224642825450351,0.008474576271186418,0.1465968586387435,0.8977105333215014,0.03389830508474578,0.17068062827225128,0.7676324429851806,0.34745762711864403,0.11727748691099471,0.9293193717277487,0.0,0.1413612565445026,0.8498092111101252,0.1694915254237288,0.13089005235602091,0.860049693850386,0.11864406779661019,0.16125654450261784
iot,99999,1,dev4,7.857867559331803,0.00294703037152233,1.9999999849826606,-0.7050741910934448,0.05030543657579104,0.058823529411764705,-0.7886476420121209,-0.20544976335798437,-0.9940974053701053,0.9611570247933885,0.036363636363636376,0.04132231404958675,0.9585743801652893,0.036363636363636376,0.04648760330578516,0.9632231404958678,0.036363636363636376,0.037190082644628086,0.9689049586776859,0.036363636363636376,0.025826446280991733,0.9699380165289256,0.036363636363636376,0.023760330578512345,0.9676652892561983,0.018181818181818188,0.04648760330578516,0.9609504132231406,0.018181818181818188,0.05991735537190079,0.9420454545454545,0.036363636363636376,0.07954545454545459,0.9612603305785123,0.045454545454545414,0.032024793388429784,0.9698347107438017,0.027272727272727226,0.03305785123966942,0.9242768595041322,0.0636363636363636,0.08780991735537191
iot,99999,1,dev5,7.841885928984623,0.004429244560969159,1.9999999881882367,-0.42969778180122375,0.059994476015447065,0.06279434850863422,-0.7368980294355264,-0.25996698162914045,-0.9968650110646669,0.9887940234791889,0.0,0.022411953041622246,0.9882604055496265,0.0,0.023479188900747072,0.984701518229077,0.024193548387096753,0.006403415154749181,0.979602024305436,0.032258064516129004,0.008537886872998945,0.9801356422349985,0.032258064516129004,0.007470651013874119,0.97556976624092,0.040322580645161255,0.008537886872998945,0.9664380142527628,0.056451612903225756,0.01067235859124871,0.921790546355906,0.08064516129032262,0.07577374599786557,0.9704702723172789,0.048387096774193505,0.01067235859124871,0.9831006644403897,0.024193548387096753,0.009605122732123772,0.9235678383309809,0.10483870967741937,0.04802561366061897
iot,99999,1,dev6,7.860185057472165,0.005424256615387257,1.999999946888299,-0.5338937640190125,0.004136801047148585,0.0,-0.9359048106350725,-0.06409518936492753,-1.0,0.9927083333333333,0.0,0.014583333333333282,0.9927083333333333,0.0,0.014583333333333282,0.99375,0.0,0.012499999999999956,0.9927083333333333,0.0,0.014583333333333282,0.9911458333333334,0.0,0.017708333333333326,0.9927083333333333,0.0,0.014583333333333282,0.9953125,0.0,0.009375000000000022,0.9958333333333333,0.0,0.008333333333333304,0.9958333333333333,0.0,0.008333333333333304,0.9958333333333333,0.0,0.008333333333333304,0.9942708333333333,0.0,0.011458333333333348
iot,99999,1,dev7,7.741967899820685,0.010736896577174249,1.9999999808684115,-0.8155620694160461,0.1770262676274999,0.16666666666666666,-0.8475129198966408,-0.10394056847545219,-0.951453488372093,0.9157601821401467,0.007462686567164201,0.1610169491525424,0.91636550901666,0.007462686567164201,0.15980629539951574,0.9157601821401467,0.007462686567164201,0.1610169491525424,0.9121282208810668,0.007462686567164201,0.16828087167070216,0.9127335477575802,0.007462686567164201,0.1670702179176755,0.9206027971522532,0.007462686567164201,0.15133171912832932,0.9145495283871201,0.007462686567164201,0.16343825665859568,0.9064815149434426,0.02238805970149249,0.16464891041162233,0.8986213002782697,0.06716417910447758,0.13559322033898302,0.9173773987206824,0.02238805970149249,0.1428571428571429,0.9149560912146291,0.02238805970149249,0.14769975786924938
iot,99999,2,dev0,7.793586803371584,0.006026174819269481,1.999999989853726,-0.43971675634384155,0.09168435318438528,0.0016501650165016502,-0.3174643126820323,-0.6315981086620401,-0.9490624213440725,0.9356103023516238,0.0,0.12877939529675253,0.9356103023516238,0.0,0.12877939529675253,0.9356103023516238,0.0,0.12877939529675253,0.927695636494771,0.016949152542372836,0.12765957446808507,0.9187370698654318,0.016949152542372836,0.14557670772676368,0.9114582344790936,0.016949152542372836,0.16013437849944012,0.788761933683831,0.03389830508474578,0.3885778275475924,0.7076508436616243,0.016949152542372836,0.5677491601343785,0.9282555469091047,0.016949152542372836,0.12653975363941772,0.7619621538519938,0.016949152542372836,0.4591265397536394,0.9356103023516238,0.0,0.12877939529675253
iot,99999,2,dev1,7.789040401657477,0.0025442776102866382,1.9999999838788387,-0.6435181498527527,0.09726289284742431,0.024834437086092714,-0.6791076477388265,-0.3033921085251883,-0.9824997562640148,0.9279821828060083,0.1160714285714286,0.027964205816554788,0.9268636145733461,0.1160714285714286,0.030201342281879207,0.9296200862895494,0.0803571428571429,0.06040268456375841,0.9391179290508149,0.0714285714285714,0.05033557046979864,0.9402364972834771,0.0714285714285714,0.04809843400447422,0.9419143496324704,0.0714285714285714,0.044742729306487705,0.8922778843080856,0.1964285714285714,0.019015659955257225,0.8369586928731224,0.2410714285714286,0.08501118568232657,0.9413550655161393,0.0714285714285714,0.045861297539149914,0.8989593320549696,0.1696428571428571,0.032438478747203625,0.8743408437200384,0.1607142857142857,0.09060402684563762
iot,99999,2,dev2,7.851661177889265,0.0018650362200822723,1.99999996758213,-0.5532596111297607,0.07877716904109225,0.0015552099533437014,-0.6407001432997966,-0.26594866716183885,-0.9066488104616355,0.8167414586947818,0.2362204724409449,0.13029661016949157,0.8167414586947818,0.2362204724409449,0.13029661016949157,0.8183304417456292,0.2362204724409449,0.1271186440677966,0.8135634925930868,0.2362204724409449,0.13665254237288138,0.8146228146269852,0.2362204724409449,0.13453389830508478,0.8188767849993327,0.18110236220472442,0.1811440677966102,0.8022821299879888,0.25984251968503935,0.13559322033898302,0.8052640798078206,0.15748031496062997,0.2319915254237288,0.8175880822100627,0.1889763779527559,0.17584745762711862,0.7951671560122782,0.26771653543307083,0.14194915254237284,0.7956425997597758,0.19685039370078738,0.211864406779661
iot,99999,2,dev3,7.853216388156072,0.0012609710245774508,1.9999999592123867,-0.6633824110031128,0.09988641687987014,0.07453416149068323,-0.7353583916083917,-0.17310120435120435,-0.908459595959596,0.92080710038475,0.008333333333333304,0.1500524658971668,0.9202824414130815,0.008333333333333304,0.15110178384050366,0.9286769849597762,0.008333333333333304,0.13431269674711432,0.923430395243092,0.008333333333333304,0.14480587618048268,0.9213317593564183,0.008333333333333304,0.14900314795382996,0.9167016439314446,0.033333333333333326,0.1332633788037776,0.8900970619097587,0.07499999999999996,0.14480587618048268,0.8680307799930045,0.06666666666666665,0.19727177334732426,0.92080710038475,0.008333333333333304,0.1500524658971668,0.8680001748863239,0.05833333333333335,0.20566631689401893,0.8528156698146205,0.06666666666666665,0.2277019937040924
iot,99999,2,dev4,7.857867559331803,0.0021668710024032034,1.9999999788985674,-0.6864601969718933,0.04763472427386249,0.05108359133126935,-0.7943369753747914,-0.19627988849240108,-0.9906168638671925,0.9554154995331465,0.05555555555555558,0.03361344537815125,0.9623015873015873,0.03968253968253965,0.0357142857142857,0.960142390289449,0.05555555555555558,0.024159663865546244,0.968078898225957,0.03968253968253965,0.024159663865546244,0.9673786181139121,0.015873015873015928,0.04936974789915971,0.9658613445378151,0.0,0.06827731092436973,0.9419351073762838,0.07936507936507942,0.03676470588235292,0.9315476190476191,0.04761904761904767,0.0892857142857143,0.9692460317460317,0.007936507936507908,0.0535714285714286,0.9500466853408029,0.08730158730158732,0.012605042016806678,0.9161998132586368,0.07936507936507942,0.08823529411764708
iot,99999,2,dev5,7.841885928984623,0.0003789453881313243,1.9999999895277578,-0.39430686831474304,0.06722872518587805,0.07849293563579278,-0.7211370979070094,-0.27603596010675646,-0.9971730580137659,0.9893617021276595,0.0,0.021276595744680882,0.9893617021276595,0.0,0.021276595744680882,0.9898936170212767,0.0,0.02021276595744681,0.9824468085106384,0.0,0.03510638297872337,0.9824468085106384,0.0,0.03510638297872337,0.9808510638297872,0.0,0.03829787234042559,0.9797872340425532,0.0,0.04042553191489362,0.9455424652716722,0.05785123966942152,0.051063829787234005,0.9845744680851064,0.0,0.030851063829787195,0.9856382978723404,0.0,0.028723404255319163,0.9519254439950764,0.05785123966942152,0.03829787234042559
iot,99999,2,dev6,7.860185057472165,0.006281798962072038,1.9999999563510977,-0.5276214480400085,0.004083316685864702,0.0,-0.8793200866371598,-0.12067991336284023,-1.0,0.9978991596638656,0.0,0.004201680672268893,0.9978991596638656,0.0,0.004201680672268893,0.9978991596638656,0.0,0.004201680672268893,0.9963235294117647,0.0,0.007352941176470562,0.9942226890756303,0.0,0.011554621848739455,0.9915966386554622,0.0,0.01680672268907568,0.9910714285714286,0.0,0.017857142857142905,0.9952731092436975,0.0,0.009453781512605008,0.9952731092436975,0.0,0.009453781512605008,0.9889705882352942,0.0,0.022058823529411797,0.9936974789915967,0.0,0.012605042016806678
iot,99999,2,dev7,7.741967899820685,0.009734112918834747,1.9999999839145974,-0.8265482187271118,0.18005173356707221,0.1857638888888889,-0.8735727484653909,-0.08655529983901011,-0.960128048304401,0.9148809523809524,0.025000000000000022,0.14523809523809528,0.9184523809523809,0.01666666666666672,0.14642857142857146,0.9178571428571428,0.01666666666666672,0.14761904761904765,0.9125,0.033333333333333326,0.14166666666666672,0.9148809523809524,0.025000000000000022,0.14523809523809528,0.9226190476190477,0.008333333333333304,0.14642857142857146,0.9273809523809524,0.0,0.14523809523809528,0.9184523809523809,0.01666666666666672,0.14642857142857146,0.9184523809523809,0.01666666666666672,0.14642857142857146,0.9196428571428572,0.008333333333333304,0.1523809523809524,0.9255952380952381,0.0,0.14880952380952384
iot,99999,3,dev0,7.793586803371584,0.0038579546420605126,1.9999999896121317,-0.44977006316185,0.10522285202155413,0.0,-0.35825083764849225,-0.5837800791958574,-0.9420309168443496,0.9294582392776524,0.0,0.14108352144469527,0.9288939051918736,0.0,0.14221218961625282,0.9283295711060948,0.0,0.14334085778781036,0.9260722347629797,0.0,0.14785553047404065,0.917607223476298,0.0,0.16478555304740405,0.9181218961625282,0.008000000000000007,0.15575620767494358,0.806234762979684,0.03200000000000003,0.3555304740406321,0.7251196388261851,0.008000000000000007,0.5417607223476297,0.9260722347629797,0.0,0.14785553047404065,0.7813544018058691,0.040000000000000036,0.3972911963882618,0.9294582392776524,0.0,0.14108352144469527
iot,99999,3,dev1,7.789040401657477,0.002034647788776711,1.9999999876225694,-0.6582470536231995,0.10864303073543587,0.023178807947019868,-0.6892790635807395,-0.30955358879981576,-0.9988326523805553,0.9524965434075244,0.05607476635514019,0.03893214682981094,0.9577256141299263,0.04672897196261683,0.03781979977753058,0.9582817876560664,0.04672897196261683,0.036707452725250334,0.958058278668926,0.05607476635514019,0.027808676307007785,0.9544977285249446,0.06542056074766356,0.025583982202447175,0.9567224226295052,0.06542056074766356,0.021134593993325956,0.9473818261204038,0.03738317757009346,0.06785317018909898,0.8294574449284251,0.17757009345794394,0.16351501668520574,0.9572785961556454,0.06542056074766356,0.020022246941045596,0.8629370120486938,0.19626168224299068,0.07786429365962177,0.9169014377345545,0.05607476635514019,0.11012235817575089
iot,99999,3,dev2,7.851661177889265,0.004257092090660386,1.9999999729437405,-0.5914139747619629,0.07929474949651336,0.0,-0.6723556317895941,-0.2641795311606632,-0.9365351629502573,0.8044838373305527,0.2857142857142857,0.10531803962460895,0.7989767987486966,0.2946428571428571,0.10740354535974972,0.7971193952033369,0.3035714285714286,0.1021897810218978,0.7909280500521376,0.2857142857142857,0.13242961418143895,0.7846063607924922,0.3035714285714286,0.12721584984358703,0.7883863399374348,0.2678571428571429,0.15537017726798752,0.7679874869655892,0.2857142857142857,0.17831074035453598,0.7597758081334723,0.25,0.23044838373305532,0.7767205422314911,0.3214285714285714,0.12513034410844626,0.7583094369134515,0.2946428571428571,0.18873826903023982,0.7526394681960376,0.2767857142857143,0.2179353493222106
iot,99999,3,dev3,7.853216388156072,0.0009790466085133342,1.999999977385715,-0.6352025866508484,0.10863307946772308,0.09161490683229814,-0.7532398337392779,-0.18889322778777906,-0.942133061527057,0.9253610875106202,0.009090909090909038,0.14018691588785048,0.924322665911451,0.009090909090909038,0.14226375908618905,0.9238034551118663,0.009090909090909038,0.14330218068535827,0.924322665911451,0.009090909090909038,0.14226375908618905,0.9269187199093741,0.009090909090909038,0.1370716510903427,0.9228924761635042,0.018181818181818188,0.13603322949117347,0.9056216369300482,0.045454545454545414,0.14330218068535827,0.8581091286698763,0.0636363636363636,0.22014537902388365,0.9238034551118663,0.009090909090909038,0.14330218068535827,0.8403096384404796,0.12727272727272732,0.19210799584631355,0.8805626357028227,0.07272727272727275,0.16614745586708202
iot,99999,3,dev4,7.857867559331803,0.003055856109916766,1.999999990523647,-0.6825469732284546,0.060412300306577064,0.07585139318885449,-0.7564501410320226,-0.23275814390796967,-0.9892082849399922,0.9622881355932202,0.025423728813559365,0.050000000000000044,0.9622881355932202,0.025423728813559365,0.050000000000000044,0.9589512711864407,0.05084745762711862,0.03125,0.9611758474576271,0.03389830508474578,0.043749999999999956,0.9601341807909605,0.03389830508474578,0.04583333333333328,0.965863347457627,0.03389830508474578,0.034375000000000044,0.9431850282485876,0.06779661016949157,0.04583333333333328,0.9215925141242938,0.03389830508474578,0.12291666666666667,0.9701006355932202,0.025423728813559365,0.034375000000000044,0.9503089689265536,0.025423728813559365,0.07395833333333335,0.9221839689265536,0.025423728813559365,0.13020833333333337
iot,99999,3,dev5,7.841885928984623,0.002428023303069571,1.999999991141194,-0.400638222694397,0.07342891041861972,0.10204081632653061,-0.6659931603744572,-0.33202630057447924,-0.9980194609489365,0.9885851129442603,0.00917431192660545,0.013655462184873901,0.9880599028602267,0.00917431192660545,0.014705882352941124,0.9880599028602267,0.00917431192660545,0.014705882352941124,0.9788855909336212,0.02752293577981646,0.014705882352941124,0.9794108010176548,0.02752293577981646,0.013655462184873901,0.9815116413537892,0.02752293577981646,0.009453781512605008,0.971007439673117,0.02752293577981646,0.030462184873949583,0.9282196823683602,0.04587155963302747,0.09768907563025209,0.9809864312697556,0.02752293577981646,0.010504201680672232,0.9783603808495875,0.02752293577981646,0.01575630252100846,0.9439759848893686,0.04587155963302747,0.06617647058823528
iot,99999,3,dev6,7.860185057472165,0.006787667000467068,1.999999974336622,-0.5219044089317322,0.003262003814463107,0.0,-0.9243896083878615,-0.07561039161213845,-1.0,0.9973656480505795,0.0,0.005268703898840932,0.9973656480505795,0.0,0.005268703898840932,0.9978925184404637,0.0,0.004214963119072657,0.9968387776606955,0.0,0.006322444678609096,0.9978925184404637,0.0,0.004214963119072657,0.993677555321391,0.0,0.012644889357218081,0.9952581664910432,0.0,0.009483667017913588,0.9963119072708113,0.0,0.00737618545837726,0.9963119072708113,0.0,0.00737618545837726,0.9973656480505795,0.0,0.005268703898840932,0.9957850368809273,0.0,0.008429926238145424
iot,99999,3,dev7,7.741967899820685,0.012027197400770184,1.9999999916858795,-0.8134177923202515,0.20291079498828268,0.1892361111111111,-0.8341609371021136,-0.11943383413971653,-0.9535947712418301,0.9148189008953989,0.008264462809917328,0.16209773539928485,0.9148189008953989,0.008264462809917328,0.16209773539928485,0.9189511323003576,0.0,0.16209773539928485,0.9189511323003576,0.0,0.16209773539928485,0.9189511323003576,0.0,0.16209773539928485,0.918990533791704,0.008264462809917328,0.1537544696066746,0.919586481348319,0.008264462809917328,0.15256257449344457,0.9213743240181641,0.008264462809917328,0.14898688915375446,0.9213743240181641,0.008264462809917328,0.14898688915375446,0.9137058087648617,0.024793388429752095,0.14779499404052443,0.9243146603098927,0.0,0.15137067938021453
iot,99999,4,dev0,7.793586803371584,0.0020279740096338372,1.9999999890266562,-0.45997563004493713,0.10395052340557867,0.0033003300330033004,-0.31942039442039444,-0.6387445887445886,-0.9581649831649831,0.9276460498436081,0.018181818181818188,0.1265260821309656,0.9321915043890627,0.009090909090909038,0.1265260821309656,0.9271970537786298,0.009090909090909038,0.13651498335183132,0.9238674200383412,0.009090909090909038,0.14317425083240842,0.9160982746443347,0.009090909090909038,0.1587125416204217,0.9138785188174756,0.009090909090909038,0.16315205327413984,0.8006709716476643,0.009090909090909038,0.38956714761376243,0.7091060437897286,0.009090909090909038,0.5726970033296337,0.9276460498436081,0.018181818181818188,0.1265260821309656,0.7693017858944606,0.08181818181818179,0.37957824639289683,0.9276460498436081,0.018181818181818188,0.1265260821309656
iot,99999,4,dev1,7.789040401657477,0.0013282755154546688,1.999999984910609,-0.6378394365310669,0.09903286552883142,0.033112582781456956,-0.692583918813427,-0.2859886925460696,-0.9785726113594966,0.9670282836110036,0.03448275862068961,0.03146067415730336,0.9666505230530802,0.0431034482758621,0.02359550561797752,0.9666505230530802,0.0431034482758621,0.02359550561797752,0.9709608678806665,0.03448275862068961,0.02359550561797752,0.9675900813638125,0.03448275862068961,0.030337078651685445,0.9621561410306083,0.0431034482758621,0.032584269662921383,0.9452925222781867,0.06896551724137934,0.04044943820224722,0.8544459511817125,0.1293103448275862,0.16179775280898878,0.9672123208058891,0.0431034482758621,0.022471910112359605,0.9044556373498644,0.10344827586206895,0.08764044943820226,0.8724525377760558,0.051724137931034475,0.20337078651685392
iot,99999,4,dev2,7.851661177889265,0.0004157662125973127,1.999999961494837,-0.5705808401107788,0.10059862332433045,0.007776049766718507,-0.6694743279681984,-0.2431059405665359,-0.9125802685347343,0.819376042191802,0.2429906542056075,0.1182572614107884,0.8235302671888935,0.23364485981308414,0.11929460580912865,0.8214555783922131,0.23364485981308414,0.12344398340248963,0.8183435451971923,0.23364485981308414,0.1296680497925311,0.8375925854112537,0.12149532710280375,0.20331950207468885,0.8287654632179005,0.14018691588785048,0.2022821576763485,0.7840724008221196,0.30841121495327106,0.12344398340248963,0.778425175476015,0.19626168224299068,0.24688796680497926,0.8193808895955326,0.23364485981308414,0.1275933609958506,0.7872280606507155,0.22429906542056077,0.20124481327800825,0.7649057664714778,0.26168224299065423,0.20850622406639008
iot,99999,4,dev3,7.853216388156072,0.0017626683377095498,1.9999999687490957,-0.6619948148727417,0.0905364281642511,0.052795031055900624,-0.7639618385381096,-0.17948304049998975,-0.9434448790380994,0.9115070192732588,0.024193548387096753,0.1527924130663857,0.9109801488833746,0.024193548387096753,0.15384615384615385,0.909582242768279,0.032258064516129004,0.14857744994731292,0.9087112070430674,0.040322580645161255,0.14225500526870394,0.9118724293823719,0.040322580645161255,0.13593256059009484,0.9078189265440701,0.024193548387096753,0.16016859852476295,0.883646622930759,0.09677419354838712,0.13593256059009484,0.8547112410347055,0.14516129032258063,0.14541622760800843,0.9115070192732588,0.024193548387096753,0.1527924130663857,0.856958938101227,0.10483870967741937,0.18124341412012646,0.874872531357286,0.10483870967741937,0.14541622760800843
iot,99999,4,dev4,7.857867559331803,0.005391676607089058,1.9999999858261848,-0.6832754015922546,0.055318707352267696,0.05572755417956656,-0.7518064319153267,-0.23595562792591085,-0.9877620598412375,0.9508789852296429,0.04065040650406504,0.05759162303664922,0.9572851487677181,0.04878048780487809,0.03664921465968585,0.956761588558294,0.04878048780487809,0.03769633507853398,0.9568850295832801,0.05691056910569103,0.029319371727748678,0.9508491891201635,0.07317073170731703,0.025130890052356025,0.9622738688119865,0.03252032520325199,0.04293193717277488,0.953249904226791,0.024390243902439046,0.06910994764397904,0.9307070191120759,0.05691056910569103,0.08167539267015711,0.958608947346018,0.03252032520325199,0.05026178010471205,0.9565147065083217,0.03252032520325199,0.0544502617801047,0.9174945728514876,0.04878048780487809,0.11623036649214658
iot,99999,4,dev5,7.841885928984623,0.0003379815036081979,1.9999999882153177,-0.4016997516155243,0.0680696560476367,0.07849293563579278,-0.6933375616014931,-0.3062286764062636,-0.9995662380077567,0.987881981032666,0.0,0.02423603793466811,0.98840885142255,0.0,0.023182297154899945,0.98840885142255,0.0,0.023182297154899945,0.9894625922023182,0.0,0.021074815595363505,0.9889357218124342,0.0,0.02212855637513167,0.987881981032666,0.0,0.02423603793466811,0.9810326659641728,0.0,0.037934668071654354,0.9181986677705856,0.0803571428571429,0.08324552160168597,0.98840885142255,0.0,0.023182297154899945,0.9800071503838628,0.017857142857142905,0.02212855637513167,0.9254619524311305,0.008928571428571397,0.1401475237091675
iot,99999,4,dev6,7.860185057472165,0.0025639503889915982,1.999999962170561,-0.5142961740493774,0.003206769736371589,0.0,-0.8991737871619235,-0.10082621283807647,-1.0,0.9984504132231404,0.0,0.0030991735537190257,0.9984504132231404,0.0,0.0030991735537190257,0.9984504132231404,0.0,0.0030991735537190257,0.9984504132231404,0.0,0.0030991735537190257,0.9979338842975207,0.0,0.004132231404958664,0.9984504132231404,0.0,0.0030991735537190257,1.0,0.0,0.0,1.0,0.0,0.0,1.0,0.0,0.0,1.0,0.0,0.0,1.0,0.0,0.0
iot,99999,4,dev7,7.741967899820685,0.007472777067948577,1.9999999880927568,-0.8134190440177917,0.18707672008127296,0.1753472222222222,-0.8423730501822818,-0.12368468235153485,-0.9660577325338167,0.9155874642982902,0.032786885245901676,0.13603818615751795,0.9155874642982902,0.032786885245901676,0.13603818615751795,0.9208791423764623,0.024590163934426257,0.13365155131264916,0.9272858875542862,0.008196721311475419,0.13723150357995229,0.9278825462655034,0.008196721311475419,0.13603818615751795,0.9325775656324582,0.0,0.1348448687350835,0.9227473688328964,0.032786885245901676,0.12171837708830546,0.9233440275441136,0.032786885245901676,0.12052505966587113,0.9233440275441136,0.032786885245901676,0.12052505966587113,0.9320591572440236,0.008196721311475419,0.12768496420047737,0.9251340036777651,0.032786885245901676,0.116945107398568
