dom,sup,seed,client,logn,prev_gap,feat_shift,cc_port,score_w1,disagree,T_in,T_gap,T_diag,ba_local,ba_fedavg,ba_cluster,ba_shrink,ba_fedavg_ft
mobile_A,100,0,1mobile,4.605170185988092,0.0971428571428572,0.10271059475289634,-0.4893133342266083,0.09690334880895313,0.08333333333333333,-0.7974931453192323,-0.1989815902859381,-0.9964747356051704,0.9309276289484206,0.9278888444622151,0.9140743702518992,0.9400039984006396,0.9375649740103958
mobile_A,100,0,PlayDrone,4.605170185988092,0.06285714285714283,0.20148979205821438,-0.19544216990470886,0.10027222949867466,0.16666666666666666,-0.6493212669683258,-0.25791855203619907,-0.9072398190045249,0.7165021582299496,0.7604410033505389,0.7569938724380452,0.7659241148238704,0.7617057562860334
mobile_A,100,0,angeeks,4.605170185988092,0.0928571428571428,0.0713267440608657,-0.47712019085884094,0.18224344202176912,0.11666666666666667,-0.7825361512791992,-0.14961067853170185,-0.932146829810901,0.8368439015444802,0.8239486124128937,0.8478926402868903,0.8250285260198051,0.8229680304820897
mobile_A,100,0,anzhi,4.605170185988092,0.31714285714285717,0.16753675843769056,0.01147442776709795,0.04554075215050109,0.16666666666666666,-0.5334362139917695,-0.4140946502057613,-0.9475308641975309,0.7881948738276778,0.7638297163501417,0.7019175008230041,0.7668199176600594,0.7638297163501417
mobile_A,100,0,appchina,4.605170185988092,0.30714285714285716,0.21638000752495623,-0.15543271601200104,0.18405079302351615,0.2,-0.6400103519668737,-0.03390269151138714,-0.6739130434782609,0.7016762540978536,0.7174336611616255,0.7679560496409633,0.7167935618946938,0.7242802866295166
mobile_A,100,0,play,4.605170185988092,0.4028571428571428,0.30940794807609906,0.2155906707048416,0.1065115352481282,0.2,-0.618,-0.14200000000000002,-0.76,0.7319601423695068,0.7620548609939624,0.746498555686762,0.7609890682044906,0.7635075048056998
mobile_A,100,0,slideme,4.605170185988092,0.1628571428571428,0.1297435835850259,-0.4826829135417938,0.12109842573572939,0.18333333333333332,-0.7458133971291866,-0.14892344497607657,-0.8947368421052632,0.9017821023271659,0.9250129523566193,0.9063917218472545,0.926439485880157,0.9273709909794821
mobile_A,100,1,1mobile,4.605170185988092,0.1171428571428571,0.09337161033063202,-0.4378199577331543,0.11084282067468215,0.08333333333333333,-0.8352588789045785,-0.0902866923406076,-0.9255455712451861,0.8987845487845488,0.916248334998335,0.9311417748917749,0.9149496336996337,0.9353146853146853
mobile_A,100,1,PlayDrone,4.605170185988092,0.11285714285714293,0.20649510929725012,0.021907666698098183,0.10917848813330146,0.15,-0.5216907675194661,-0.33815350389321475,-0.8598442714126808,0.7451914098972923,0.7605935477639332,0.7451914098972923,0.7645529476158279,0.7847765542998809
mobile_A,100,1,angeeks,4.605170185988092,0.06285714285714289,0.0980153419040477,-0.40231338143348694,0.18988929705438626,0.18333333333333332,-0.7811447811447811,-0.12794612794612792,-0.9090909090909091,0.8226029299216384,0.8656306510711214,0.8479434334130269,0.8642456095198748,0.8635954188650109
mobile_A,100,1,anzhi,4.605170185988092,0.3371428571428571,0.19108864981211804,-0.1330435872077942,0.16420333174034182,0.23333333333333334,-0.5577601410934744,-0.14726631393298062,-0.705026455026455,0.732251955034213,0.7035766652702137,0.7046240050272308,0.7062735651445329,0.7011066890099149
mobile_A,100,1,appchina,4.605170185988092,0.2671428571428571,0.18687231505365143,-0.21461614966392517,0.13368265485131856,0.16666666666666666,-0.5448717948717948,-0.3205128205128206,-0.8653846153846154,0.7168729010150517,0.7791416606687749,0.7367368985422795,0.7798944459744057,0.7773407410068209
mobile_A,100,1,play,4.605170185988092,0.35285714285714287,0.3891318765776608,-0.16741345822811127,0.09172797381612016,0.13333333333333333,-0.46039094650205764,-0.23405349794238678,-0.6944444444444444,0.6860294577717712,0.6891679493436448,0.759379810038668,0.6882894720376419,0.6874109947316389
mobile_A,100,1,slideme,4.605170185988092,0.1928571428571429,0.12490965654847785,-0.3985249698162079,0.1290695875641988,0.13333333333333333,-0.7925485008818343,-0.14131393298059958,-0.9338624338624338,0.8677599293773877,0.878189486020038,0.8951608861750069,0.8788332620168307,0.8773433253535949
mobile_A,100,2,1mobile,4.605170185988092,0.06428571428571428,0.09241044214951533,-0.4780823588371277,0.09153180183974441,0.05,-0.8565072302558397,-0.14015572858731928,-0.996662958843159,0.9184951007429999,0.905186398883878,0.9214354660783233,0.9077374192920411,0.9193832938580837
mobile_A,100,2,PlayDrone,4.605170185988092,0.005714285714285672,0.15884595100529741,-0.10393331199884415,0.2350062264328069,0.3,-0.5529788838612367,-0.27394419306184015,-0.8269230769230769,0.7050692439646877,0.7762955524873436,0.7591799506296808,0.7820953098196728,0.775119032676457
mobile_A,100,2,angeeks,4.605170185988092,0.055714285714285716,0.09034067112126876,-0.4290619194507599,0.1617202018040736,0.08333333333333333,-0.7311827956989249,-0.189840563589173,-0.9210233592880979,0.8421957455751179,0.8533192453182645,0.8379576659038901,0.8545947555223462,0.8547261009667024
mobile_A,100,2,anzhi,4.605170185988092,0.29428571428571426,0.17295557829205532,-0.1220867857336998,0.11598020965075644,0.15,-0.5228758169934641,-0.28104575163398693,-0.803921568627451,0.78053698793831,0.7465504686508084,0.746613484446768,0.7456962545278016,0.737466858359162
mobile_A,100,2,appchina,4.605170185988092,0.2242857142857143,0.18446908039968357,-0.3546583950519562,0.16862287907606738,0.2,-0.6271604938271604,-0.16395061728395066,-0.7911111111111111,0.6607615514522159,0.7449520518706382,0.774255567487238,0.7408060336998092,0.7412541962334216
mobile_A,100,2,play,4.605170185988092,0.4357142857142857,0.3419967763235805,0.1626102179288864,0.07802632475910831,0.05,-0.4758230452674897,-0.2371399176954732,-0.7129629629629629,0.6097410465846872,0.7908136204518934,0.7565023949212981,0.7900843322371911,0.7924180545242389
mobile_A,100,2,slideme,4.605170185988092,0.08571428571428569,0.13426630784977034,-0.4054104685783386,0.12119439087388018,0.18333333333333332,-0.7479166666666667,-0.15083333333333326,-0.8987499999999999,0.8337779246936547,0.9079388385787426,0.8952314693808521,0.9094225181039652,0.9049714795282975
mobile_A,100,3,1mobile,4.605170185988092,0.06285714285714283,0.09465790490488712,-0.4913071095943451,0.10956250924048032,0.06666666666666667,-0.7878965922444183,-0.13102232667450064,-0.918918918918919,0.8893478235227045,0.9111873016871581,0.9011020984300111,0.9302273004289652,0.9286643888130915
mobile_A,100,3,PlayDrone,4.605170185988092,0.027142857142857135,0.17830830828877142,-0.0892988070845604,0.17075523022854627,0.2,-0.5773081201334817,-0.27030033370411566,-0.8476084538375973,0.7759244480345513,0.7806699182675108,0.7648616666693646,0.7851968524331159,0.7790276601909844
mobile_A,100,3,angeeks,4.605170185988092,0.0128571428571429,0.08409073171171444,-0.3948687016963959,0.1876207673882916,0.18333333333333332,-0.7245087133852429,-0.17204301075268813,-0.896551724137931,0.8388929648650851,0.8528572593136057,0.8206733512676285,0.8562729273661042,0.8506562321676041
mobile_A,100,3,anzhi,4.605170185988092,0.33285714285714285,0.18771217825971676,0.052944574505090714,0.09082100836477583,0.08333333333333333,-0.6192528735632183,-0.13074712643678166,-0.75,0.7204331991566034,0.7467122294708501,0.7646024601270383,0.7485326485693323,0.7452278030047657
mobile_A,100,3,appchina,4.605170185988092,0.2728571428571428,0.19598222127954157,-0.18942900002002716,0.1271504752927455,0.11666666666666667,-0.6491464510332435,-0.27538185085354894,-0.9245283018867925,0.7191746232147085,0.7594503500129635,0.6614331931778472,0.759747945576084,0.761256213998264
mobile_A,100,3,play,4.605170185988092,0.42714285714285716,0.33849894650152823,0.029291046783328056,0.10820518331477386,0.15,-0.5973557692307693,-0.19591346153846145,-0.7932692307692307,0.7236505773061606,0.7503358205465569,0.7768261426635579,0.7517610582051211,0.7511733414845803
mobile_A,100,3,slideme,4.605170185988092,0.22714285714285715,0.13086049258991894,-0.4384545385837555,0.13183929431268354,0.15,-0.8146296296296297,-0.14203703703703696,-0.9566666666666667,0.8830779415487062,0.9355517046671469,0.9223544072119785,0.9381491072645496,0.920674078545143
mobile_A,100,4,1mobile,4.605170185988092,0.17714285714285716,0.11761799298175502,-0.4871428310871124,0.11416037124202748,0.1,-0.8249601275917066,-0.08532695374800636,-0.9102870813397129,0.913348592500755,0.9168613800009537,0.9213000492743948,0.9168613800009537,0.9218365043790632
mobile_A,100,4,PlayDrone,4.605170185988092,0.1628571428571428,0.19761190534203865,-0.13379031419754028,0.12766484797588468,0.16666666666666666,-0.6259300595238094,-0.2925967261904763,-0.9185267857142857,0.793598636972131,0.7781322920139054,0.7612928657978422,0.7827753702557265,0.7905641009360234
mobile_A,100,4,angeeks,4.605170185988092,0.03285714285714281,0.08549813056710176,-0.3905044198036194,0.16552070353772816,0.08333333333333333,-0.782721542454579,-0.14608824619948102,-0.92880978865406,0.840724208059012,0.8546729401491389,0.8553824411430148,0.8546729401491389,0.8564510013443176
mobile_A,100,4,anzhi,4.605170185988092,0.27714285714285714,0.20757560152922616,-0.22080232203006744,0.0703821930194991,0.06666666666666667,-0.6644204851752022,-0.11185983827493251,-0.7762803234501348,0.776631616522891,0.7178233641618559,0.6925246310222897,0.7188921290277072,0.7199916208834517
mobile_A,100,4,appchina,4.605170185988092,0.29714285714285715,0.17887368238154588,-0.46075111627578735,0.1357820243225433,0.13333333333333333,-0.6886574074074074,-0.05613425925925919,-0.7447916666666666,0.693659882117752,0.7391736084414781,0.7272194108161796,0.7380201082956233,0.7395630650784009
mobile_A,100,4,play,4.605170185988092,0.4128571428571428,0.31191149900521886,0.06796075403690338,0.0665410036389886,0.06666666666666667,-0.5798611111111112,-0.171875,-0.7517361111111112,0.7004958330081259,0.7421516594253801,0.72878671592476,0.6918366417774541,0.7423706324635118
mobile_A,100,4,slideme,4.605170185988092,0.14285714285714285,0.11577438237137927,-0.4384702444076538,0.10340267475485213,0.1,-0.8108108108108106,-0.1739130434782611,-0.9847238542890717,0.9050116209381532,0.9180248790399205,0.8784406016576282,0.9199982458961278,0.9182770314715469
mobile_A,300,0,1mobile,5.703782474656201,0.0847619047619047,0.0929195020080843,-0.48605877161026,0.04890820055291197,0.1,-0.8706140350877193,-0.11792586304470853,-0.9885398981324278,0.9460815673730507,0.931547381047581,0.935265893642543,0.9489804078368652,0.952219112355058
mobile_A,300,0,PlayDrone,5.703782474656201,0.05523809523809525,0.17761471517438387,-0.1892659217119217,0.0684659665319659,0.13,-0.6046464646464645,-0.33636363636363653,-0.9410101010101011,0.7964955175224124,0.8320836729149688,0.8487578858402004,0.8363925865555857,0.8514081318482296
mobile_A,300,0,angeeks,5.703782474656201,0.041904761904761945,0.07279778376873203,-0.5059600472450256,0.11702802702845262,0.09,-0.7643724156329199,-0.1932106175803654,-0.9575830332132853,0.8653571865194181,0.884372835078854,0.8909516483964302,0.8903683931700559,0.8855393455316027
mobile_A,300,0,anzhi,5.703782474656201,0.2980952380952381,0.16127205552317347,0.014133836142718792,0.09278958909891577,0.12,-0.5981450719822813,-0.2714562569213731,-0.8696013289036544,0.7887657535414588,0.7854926533822788,0.7160412682225539,0.7881324779736989,0.7536447931083357
mobile_A,300,0,appchina,5.703782474656201,0.3114285714285714,0.2272102059696205,-0.24114148318767548,0.15410058188321368,0.19,-0.6283993783993784,-0.20435120435120435,-0.8327505827505828,0.7746925555424349,0.8066670602855424,0.7987857794872084,0.7997613919862945,0.8098216344180345
mobile_A,300,0,play,5.703782474656201,0.3952380952380953,0.31992579517522646,0.19159410893917084,0.06382357178144255,0.11,-0.6276156793398172,-0.17653993516062494,-0.8041556145004422,0.7919210094989368,0.8430556336546853,0.802445648212363,0.8470740942062942,0.8425235182512459
mobile_A,300,0,slideme,5.703782474656201,0.20190476190476192,0.12947286932949698,-0.4879363477230072,0.06373847915485943,0.06,-0.8304398148148145,-0.12355324074074092,-0.9539930555555555,0.9061326747148707,0.9327116202156124,0.9375394780732571,0.9341381537391502,0.9353996777879504
mobile_A,300,1,1mobile,5.703782474656201,0.06952380952380954,0.0905805040030001,-0.49821290373802185,0.02530097840386348,0.08,-0.8860416666666667,-0.06729166666666664,-0.9533333333333334,0.946755328005328,0.9480248917748917,0.9415313852813852,0.9496274558774558,0.9594093406593407
mobile_A,300,1,PlayDrone,5.703782474656201,0.06047619047619046,0.21819786780518136,0.030303077772259712,0.1307687287468532,0.09,-0.5164666666666666,-0.4079333333333335,-0.9244000000000001,0.8453483692327506,0.842723526192086,0.8331465919701213,0.8403844296339226,0.8487467400753405
mobile_A,300,1,angeeks,5.703782474656201,0.04380952380952374,0.08158103398339211,-0.40399205684661865,0.09342127752306573,0.07,-0.7822895622895624,-0.15589225589225586,-0.9381818181818182,0.8701955312938117,0.8858407439264743,0.9012387486539022,0.8968364160949278,0.8844557023752277
mobile_A,300,1,anzhi,5.703782474656201,0.32952380952380955,0.20197126815858824,-0.06087058037519455,0.18021520728132384,0.23,-0.6403326403326403,-0.23076923076923084,-0.8711018711018711,0.8172784876413909,0.735271784666946,0.7321210375645859,0.7583307149839408,0.7273861890797375
mobile_A,300,1,appchina,5.703782474656201,0.2561904761904762,0.20629719068057684,-0.2718484699726105,0.09272482246823979,0.1,-0.6068660022148394,-0.2527685492801772,-0.8596345514950167,0.7820437089987002,0.8347357978570786,0.8079734487411966,0.8346180573571405,0.8357404724431796
mobile_A,300,1,play,5.703782474656201,0.4038095238095238,0.34586480804567243,-0.0871409922838211,0.08981372251330685,0.12,-0.5444330949948927,-0.3738508682328908,-0.9182839632277835,0.8056337675664176,0.8305640024527287,0.8110660609928546,0.8348337525497116,0.8332232108220395
mobile_A,300,1,slideme,5.703782474656201,0.14714285714285713,0.11592140817420948,-0.44408276677131653,0.07863669760145076,0.07,-0.862225193107546,-0.10747177658942375,-0.9696969696969697,0.9274788267086085,0.9263936593846736,0.9373686908988578,0.9271048969380163,0.9284599104881519
mobile_A,300,2,1mobile,5.703782474656201,0.1009523809523809,0.09238059152623646,-0.5049907565116882,0.03625446754207082,0.05,-0.9057486631016044,-0.060383244206773545,-0.966131907308378,0.9258155965088739,0.9094752765971252,0.9067762240031148,0.9144292852276046,0.9263894747088024
mobile_A,300,2,PlayDrone,5.703782474656201,0.01904761904761909,0.18419028816954341,-0.1769460290670395,0.13567369580444885,0.15,-0.5741207790388119,-0.3434916631637943,-0.9176124422026062,0.8583481862683571,0.8280222584829087,0.8538420986569599,0.8312447177942346,0.8036232793606962
mobile_A,300,2,angeeks,5.703782474656201,0.039047619047619,0.08104653504747616,-0.4508216381072998,0.13544217595894856,0.07,-0.743564092303588,-0.18960917700413504,-0.933173269307723,0.8777961985709616,0.8669937654695745,0.8685319665623686,0.8821305982347172,0.8734647176948582
mobile_A,300,2,anzhi,5.703782474656201,0.29761904761904767,0.17713982473716683,-0.3152218163013458,0.09274153977594951,0.08,-0.6295681063122924,-0.1893687707641194,-0.8189368770764118,0.836679394301505,0.7898189812913103,0.7559304865753016,0.796564005377348,0.730602804436312
mobile_A,300,2,appchina,5.703782474656201,0.27428571428571424,0.15596969729332122,-0.4708603024482727,0.11841340953487042,0.12,-0.7347404970760233,-0.15725511695906447,-0.8919956140350878,0.7967977540171056,0.7572219596438675,0.7313918752410675,0.761050443564235,0.7814449272530862
mobile_A,300,2,play,5.703782474656201,0.4123809523809524,0.33605618865452147,-0.00978161208331585,0.0988556217399415,0.08,-0.6559414368403133,-0.283792986040177,-0.9397344228804902,0.7996395378250687,0.7968906822465749,0.7981993210989711,0.8016999045295428,0.7875710928511395
mobile_A,300,2,slideme,5.703782474656201,0.20238095238095238,0.12032824219656768,-0.44805219769477844,0.05138782080338944,0.07,-0.8429066787275743,-0.10915121362882563,-0.9520578923563999,0.9095993296536031,0.9368129333804831,0.9294406605064498,0.9412639719561507,0.9390384526683169
mobile_A,300,3,1mobile,5.703782474656201,0.05666666666666664,0.08681487400466525,-0.5290351510047913,0.0728963844806634,0.09,-0.8493867989527352,-0.12002204767810398,-0.9694088466308391,0.9313360830092832,0.9496585185563808,0.9538931243684461,0.953069401139451,0.9496054385392378
mobile_A,300,3,PlayDrone,5.703782474656201,0.00666666666666671,0.1835368362009745,-0.060152918100357056,0.09615778980927084,0.1,-0.6022302350427351,-0.3176415598290596,-0.9198717948717947,0.8421700145852591,0.8354722888172665,0.8332561712157243,0.835857559810084,0.833977340237994
mobile_A,300,3,angeeks,5.703782474656201,0.053333333333333344,0.08148315292760688,-0.41819676756858826,0.0813815030232939,0.08,-0.7740429505135388,-0.1771375216753368,-0.9511804721888756,0.8675959892394228,0.8800114127333496,0.8631368712806717,0.8437189206815032,0.8815195239259803
mobile_A,300,3,anzhi,5.703782474656201,0.33666666666666667,0.20018068704095038,-0.03631170466542244,0.06738873434253037,0.07,-0.6994680851063831,-0.18882978723404242,-0.8882978723404256,0.8199454039512735,0.7904975775482013,0.7759441392970373,0.792461757428742,0.78594239874504
mobile_A,300,3,appchina,5.703782474656201,0.2766666666666666,0.19515669964181337,-0.29713869094848633,0.0973369996421293,0.1,-0.7402146464646465,-0.16603535353535348,-0.90625,0.7983215159337624,0.7881097045462231,0.7950671280900903,0.7932251919153206,0.7945812807881774
mobile_A,300,3,play,5.703782474656201,0.42000000000000004,0.3074120986457326,-0.10050372779369354,0.08684932306268447,0.1,-0.6016057585825028,-0.2580287929125139,-0.8596345514950167,0.810046165788291,0.7887842582488307,0.810046165788291,0.7906795708388155,0.7838912950490526
mobile_A,300,3,slideme,5.703782474656201,0.19,0.13410216927750507,-0.4660191535949707,0.0795074516788569,0.17,-0.8700622294372294,-0.10031114718614709,-0.9703733766233765,0.9296170096769797,0.9447477559921338,0.9451488541443565,0.9447477559921338,0.9440507019217663
mobile_A,300,4,1mobile,5.703782474656201,0.09904761904761905,0.10398821569912642,-0.48346763849258423,0.06862949256027388,0.12,-0.8542008757525998,-0.11090585659551178,-0.9651067323481116,0.9252618695659085,0.9451146821801535,0.9290369240061672,0.9451146821801535,0.9525098151415446
mobile_A,300,4,PlayDrone,5.703782474656201,0.06761904761904763,0.19363579942349995,-0.05261196196079254,0.12862652060052582,0.13,-0.6037081499266373,-0.32306255835667597,-0.9267707082833133,0.8665095163261742,0.8581043541755957,0.8336322893682768,0.8601970464201999,0.8584456402685843
mobile_A,300,4,angeeks,5.703782474656201,0.030952380952380953,0.07876487238806507,-0.4285507798194885,0.09128845414361403,0.11,-0.8024220527231366,-0.14579151612471564,-0.9482135688478522,0.8640889088047063,0.8827370078016384,0.8678116346673101,0.8837165213194995,0.8682654855054979
mobile_A,300,4,anzhi,5.703782474656201,0.3057142857142857,0.18466018443845855,-0.2845127284526825,0.07770200016064319,0.07,-0.6867973856209151,-0.22849673202614373,-0.9152941176470588,0.8185638044609176,0.772790208403805,0.7631713246111433,0.7734720803882182,0.7718830942239137
mobile_A,300,4,appchina,5.703782474656201,0.3023809523809524,0.1751769205629904,-0.3981825113296509,0.11997161787484309,0.13,-0.7238466536712153,-0.1429499675113708,-0.866796621182586,0.8007530223890551,0.7849278750799797,0.7453154773697486,0.785023653859863,0.7757680998933313
mobile_A,300,4,play,5.703782474656201,0.42428571428571427,0.3205101496525219,-0.01705109141767025,0.047664874334574614,0.07,-0.6114341085271318,-0.21996124031007747,-0.8313953488372092,0.7582201611294672,0.7474709698120734,0.7632706333307318,0.7496390196945651,0.7442243151130421
mobile_A,300,4,slideme,5.703782474656201,0.18428571428571433,0.12058491054746989,-0.44380760192871094,0.07358402615835458,0.09,-0.8409026598754954,-0.14636389360498003,-0.9872665534804754,0.9254871292628378,0.9342868836882957,0.933365979155399,0.8998954846442824,0.9464815599830436
mobile_A,1000,0,1mobile,6.907755278982137,0.06099999999999994,0.08224779514259051,-0.5019633173942566,0.043117128653687595,0.05405405405405406,-0.9210240074586279,-0.06448605391966444,-0.9855100613782923,0.9606957217113155,0.9721711315473811,0.9604758096761294,0.9713314674130348,0.9762694922031188
mobile_A,1000,0,PlayDrone,6.907755278982137,0.06000000000000005,0.1813168702313387,-0.09035246819257736,0.060051795288901984,0.10810810810810811,-0.6022232643147442,-0.34940360243368673,-0.9516268667484309,0.8936868000845182,0.8890141567810679,0.8963732681336594,0.8907694165232878,0.8963672311268074
mobile_A,1000,0,angeeks,6.907755278982137,0.029000000000000026,0.07583920429819613,-0.4783070385456085,0.057056600491976125,0.07807807807807808,-0.832497293395886,-0.13495128112594723,-0.9674485745218332,0.9080443375850686,0.9043334080443376,0.901776254126085,0.9130593137454663,0.9158151310159339
mobile_A,1000,0,anzhi,6.907755278982137,0.30499999999999994,0.16364826582539627,-0.07666907459497452,0.054377958225381384,0.0990990990990991,-0.6618644067796611,-0.22814451382694012,-0.8900089206066012,0.8344169319196296,0.8399896439822445,0.8430546638501009,0.8582961922718358,0.814694760047003
mobile_A,1000,0,appchina,6.907755278982137,0.30399999999999994,0.20333826717027625,-0.3084369897842407,0.07781421233107948,0.13213213213213212,-0.718932269967861,-0.162272348529937,-0.881204618497798,0.8207815771371162,0.8473442909330829,0.8448190384078305,0.8488433228180863,0.8365680370226668
mobile_A,1000,0,play,6.907755278982137,0.402,0.31540002515725174,0.08543799817562103,0.04297027152804633,0.06906906906906907,-0.61886925795053,-0.3037102473498232,-0.9225795053003533,0.8435481788324284,0.8600989463906747,0.8124381715223499,0.8534136608914964,0.8556186596523235
mobile_A,1000,0,slideme,6.907755278982137,0.17900000000000005,0.12608233002061786,-0.46683669090270996,0.024379229207017357,0.03903903903903904,-0.8838568298027757,-0.08359711062413788,-0.9674539404269136,0.9550233852137315,0.9564144328287236,0.9581887282560095,0.9637298528754232,0.9532313468321729
mobile_A,1000,1,1mobile,6.907755278982137,0.042857142857142816,0.08343200538542983,-0.5077340006828308,0.023832846817491017,0.024024024024024024,-0.9280044501112528,-0.0559451486287158,-0.9839495987399686,0.9581668331668332,0.9659028471528471,0.9668144355644356,0.9689976689976689,0.9683899433899434
mobile_A,1000,1,PlayDrone,6.907755278982137,0.04414285714285715,0.18608108014020397,-0.041441433131694794,0.0928856738788821,0.12012012012012012,-0.6039021164021163,-0.32564333814333823,-0.9295454545454546,0.892909462635629,0.8940548633246401,0.8880380887987378,0.893384365240349,0.8696786760681283
mobile_A,1000,1,angeeks,6.907755278982137,0.04614285714285715,0.07554528201075295,-0.45901620388031006,0.06345928906076366,0.07507507507507508,-0.8271288747805593,-0.11951999615227393,-0.9466488709328332,0.8936633502428055,0.904093491997914,0.913541574951405,0.9122411936416772,0.9134636875292077
mobile_A,1000,1,anzhi,6.907755278982137,0.31985714285714284,0.18149837063320173,-0.10768832266330719,0.06514369635816504,0.09009009009009009,-0.6928874412967732,-0.22076200575670368,-0.9136494470534768,0.8396915584415584,0.8332155076106689,0.8160085881860075,0.8500296746264489,0.8054915514592934
mobile_A,1000,1,appchina,6.907755278982137,0.2928571428571428,0.18584291314277301,-0.3537236452102661,0.06321834405039081,0.08708708708708708,-0.759752258417739,-0.13820832192718302,-0.897960580344922,0.8187893881884327,0.8414607538318879,0.8341548560306418,0.8520769113762157,0.8417192951180044
mobile_A,1000,1,play,6.907755278982137,0.39714285714285713,0.3121169262020539,0.030931297689676285,0.0553056401316043,0.07507507507507508,-0.6454299668585382,-0.29840397697540566,-0.9438339438339438,0.8385428789528351,0.862534569708801,0.8385428789528351,0.8644379372051407,0.8629462777339791
mobile_A,1000,1,slideme,6.907755278982137,0.16814285714285715,0.12053433237422495,-0.48083949089050293,0.032372838434465784,0.04804804804804805,-0.9126492671709197,-0.0786232787521125,-0.9912725459230322,0.9341189713461857,0.9469887088629065,0.9328622589213089,0.9482087992999417,0.9370313831161071
mobile_A,1000,2,1mobile,6.907755278982137,0.07357142857142862,0.0888384173345178,-0.5123461484909058,0.02022770032019573,0.03003003003003003,-0.9431140350877193,-0.03485588972431086,-0.9779699248120302,0.9474810194348009,0.9490525940105772,0.9577966321663801,0.9575005677946855,0.9664108886797962
mobile_A,1000,2,PlayDrone,6.907755278982137,0.015428571428571347,0.1816949665952019,-0.1552063226699829,0.0737146408787792,0.10810810810810811,-0.6544461682427107,-0.29699812844759665,-0.9514442966903074,0.8861938831011256,0.8738755700598302,0.8880055227814736,0.8906999707125225,0.8759081209991213
mobile_A,1000,2,angeeks,6.907755278982137,0.03842857142857137,0.07781832987992476,-0.46348896622657776,0.06009344395558029,0.0990990990990991,-0.8267108167770418,-0.12183732382407886,-0.9485481406011207,0.8991237799467613,0.8996491617241862,0.90281896511465,0.9143919581562603,0.9051452388735814
mobile_A,1000,2,anzhi,6.907755278982137,0.3115714285714286,0.1783515477044466,-0.15451842546463013,0.04345140103186432,0.08408408408408409,-0.6396934489717996,-0.29313260241095285,-0.9328260513827524,0.8471563538593674,0.8059136823630457,0.816229601553456,0.8427335785503567,0.8095335897531648
mobile_A,1000,2,appchina,6.907755278982137,0.2725714285714286,0.16641795884187227,-0.4411115050315857,0.06974632650579664,0.08708708708708708,-0.6936350930007525,-0.20266637995914427,-0.8963014729598968,0.8156857801848562,0.814950052411453,0.8032985128507575,0.817189492453071,0.8165592281446986
mobile_A,1000,2,play,6.907755278982137,0.40542857142857136,0.3224538634297107,-0.012636570259928703,0.03719044968831931,0.07807807807807808,-0.6826995755567183,-0.24944764230478522,-0.9321472178615036,0.8465618395606727,0.8691350947768683,0.8314946430465684,0.8707476887173503,0.8662281417532293
mobile_A,1000,2,slideme,6.907755278982137,0.1984285714285714,0.11857392138651979,-0.4794912040233612,0.03337795012125077,0.05105105105105105,-0.8801717864753886,-0.1012721555174384,-0.981443941992827,0.9479751233837118,0.9605518057840439,0.9596331544717946,0.9616703310219707,0.9537214987469442
mobile_A,1000,3,1mobile,6.907755278982137,0.06542857142857139,0.08580769974194025,-0.5149181485176086,0.043743527473631666,0.08408408408408409,-0.9355591221260077,-0.05645341893102429,-0.992012541057032,0.9558256301777591,0.9562797592133148,0.9636932682742703,0.9648020508545883,0.9477043875548985
mobile_A,1000,3,PlayDrone,6.907755278982137,0.0505714285714286,0.1812423829774905,-0.10272596031427383,0.0741766840273207,0.09009009009009009,-0.5810843315533748,-0.37800067349785904,-0.9590850050512338,0.8847246526490619,0.8802276660186128,0.8864348997243208,0.8972216781303672,0.8904065904002771
mobile_A,1000,3,angeeks,6.907755278982137,0.0475714285714286,0.07462710277390872,-0.44940587878227234,0.04553883447176876,0.07507507507507508,-0.8352997065473614,-0.11822894116515126,-0.9535286477125127,0.8924920518464172,0.8847395451210565,0.9043123828156843,0.9062199396755524,0.8999103285236814
mobile_A,1000,3,anzhi,6.907755278982137,0.3294285714285714,0.17939852009210755,-0.08651715517044067,0.07393640742394311,0.07207207207207207,-0.7382471580491382,-0.1673634030069674,-0.9056105610561056,0.8099410856197357,0.8263700237287912,0.8545752281995862,0.8362460038909049,0.8208867341295808
mobile_A,1000,3,appchina,6.907755278982137,0.2994285714285714,0.18378660709687644,-0.2960233688354492,0.0869702931858285,0.12012012012012012,-0.7362382405288584,-0.1825896262395118,-0.9188278667683702,0.8141572071107304,0.8341693814746762,0.8266956747190315,0.8312599339428031,0.8229915117629155
mobile_A,1000,3,play,6.907755278982137,0.4095714285714286,0.31127059514804434,0.003882025368511677,0.04765202223675498,0.04804804804804805,-0.6760697375990089,-0.21826186999424746,-0.8943316075932564,0.8549188788491384,0.8575340705880268,0.8429440276118569,0.8612658748734366,0.8486887862763716
mobile_A,1000,3,slideme,6.907755278982137,0.1865714285714286,0.12313726676591619,-0.4770331382751465,0.0333672072382559,0.05105105105105105,-0.8973120277468104,-0.08054007184441958,-0.97785209959123,0.9632781012091357,0.9614303237991394,0.9648299227009871,0.9700247278957923,0.960184193617477
mobile_A,1000,4,1mobile,6.907755278982137,0.07785714285714285,0.08970116972268449,-0.49954652786254883,0.026535793562211196,0.05405405405405406,-0.9522446689113356,-0.039824167601945404,-0.992068836513281,0.9525098151415446,0.9602228474242207,0.9638627946529335,0.9643078537027323,0.9667954158917871
mobile_A,1000,4,PlayDrone,6.907755278982137,0.062142857142857166,0.19102424804288531,-0.09038979560136795,0.07175347973692195,0.0960960960960961,-0.6404772244740397,-0.3187005404362092,-0.9591777649102489,0.8802376832759232,0.8768883174331052,0.8934314332428528,0.8983311374615722,0.8861771195453751
mobile_A,1000,4,angeeks,6.907755278982137,0.029142857142857137,0.07473309845080145,-0.4842430651187897,0.062376238301182885,0.07507507507507508,-0.8341939910443449,-0.14191824353603943,-0.9761122345803843,0.8943762710695943,0.9055703009203405,0.8929572690818426,0.9127658474371789,0.9062826743878758
mobile_A,1000,4,anzhi,6.907755278982137,0.32485714285714284,0.17033655801277792,-0.18212997913360596,0.05867145680254118,0.09009009009009009,-0.6810710915382195,-0.2586898395721924,-0.9397609311104119,0.8463551644588656,0.7865716641577412,0.7678458349431605,0.8305764543618699,0.7659097673886708
mobile_A,1000,4,appchina,6.907755278982137,0.30785714285714283,0.1953095833692471,-0.38936951756477356,0.08210619424543539,0.0960960960960961,-0.7037398921832884,-0.1893867924528302,-0.8931266846361186,0.8076357554868339,0.8434747316772788,0.777004477111277,0.8391587824111674,0.8261405219025078
mobile_A,1000,4,play,6.907755278982137,0.40314285714285714,0.30883175041000643,-0.00551884388551116,0.040080415715595896,0.06006006006006006,-0.6451566542109801,-0.2651624029893648,-0.9103190572003449,0.8438429551387119,0.8460695423680309,0.8422353461508443,0.8487080590750232,0.8466093867887712
mobile_A,1000,4,slideme,6.907755278982137,0.21614285714285714,0.12128040411011332,-0.46534162759780884,0.02704788598355201,0.05405405405405406,-0.9035700818789055,-0.07521951088127554,-0.9787895927601811,0.9433059010977767,0.956615164227975,0.9635146394585666,0.9701473447252635,0.9568819341918697
mobile_A,5000,0,1mobile,7.779885115070522,0.04130268073987575,0.10644871742230999,-0.37334272265434265,0.020845278804567696,0.0429042904290429,-0.96397113997114,-0.02537373737373727,-0.9893448773448773,0.9676929228308677,0.9705517792882847,0.9653338664534186,0.9729708116753298,0.9668932427029189
mobile_A,5000,0,PlayDrone,8.197263371414335,0.06876505169054276,0.20195882340100313,0.01156048197299242,0.05562118418691117,0.08735868448098665,-0.6677503920307758,-0.3076722397084872,-0.975422631739263,0.9244423314920462,0.9116665157414954,0.9165564912916175,0.9264692565426061,0.915249479308159
mobile_A,5000,0,angeeks,7.554858521040676,0.05231522536949407,0.08497770829714779,-0.35256198048591614,0.03806895071152811,0.06439393939393939,-0.8494016529874303,-0.12235263731848711,-0.9717542903059174,0.9236852561229063,0.9052273931293043,0.902682974041322,0.9329205550348425,0.9146486205631852
mobile_A,5000,0,anzhi,8.517193191416238,0.30762508876663164,0.1658262176917883,-0.172724649310112,0.04604014372343517,0.07133333333333333,-0.7153335284084373,-0.20661767280402932,-0.9219512012124667,0.8728865775050842,0.8612164351452898,0.8751098721174726,0.8834687704663748,0.8440893109510186
mobile_A,5000,0,appchina,8.517193191416238,0.2704250887666316,0.18224836297269664,-0.45547422766685486,0.05640613199984361,0.09266666666666666,-0.7620933951269752,-0.18068244030679992,-0.9427758354337751,0.8764046727191924,0.8629707813965957,0.8606208424156491,0.8890017565022327,0.8570020245628143
mobile_A,5000,0,play,8.517193191416238,0.4199749112333684,0.31863885264494474,0.012541057541966438,0.02718717175140777,0.03666666666666667,-0.6652737575930531,-0.27547911748246057,-0.9407528750755136,0.8832812461750619,0.8873632202103614,0.8730416316472326,0.8950722556323489,0.88677264975398
mobile_A,5000,0,slideme,7.899524472032198,0.20013514862209242,0.15255290114507802,-0.3222901523113251,0.019806987289693444,0.03852080123266564,-0.9347763678120821,-0.052533940926798195,-0.9873103087388803,0.9605290239245996,0.9539446135939419,0.9553534041632068,0.9690349962030078,0.9560666709249757
mobile_A,5000,1,1mobile,7.777373602657861,0.036171544472605066,0.1073427750795739,-0.364990770816803,0.0199941490106765,0.04333868378812199,-0.9660141556838084,-0.0239397593820887,-0.9899539150658971,0.966677072927073,0.9578067765567766,0.962310606060606,0.9676989676989677,0.9653783716283717
mobile_A,5000,1,PlayDrone,8.22040309993373,0.06250507379849013,0.1997135004358902,-0.018444525077939034,0.051798435080830124,0.07454739084132056,-0.6377536469331779,-0.3330011043957378,-0.9707547513289158,0.9178217263917061,0.9108591712547087,0.9196311858076565,0.92987217875656,0.9123176856949676
mobile_A,5000,1,angeeks,7.613324979540639,0.053768745076513746,0.08440106758978716,-0.34423115849494934,0.02535114486340647,0.07735849056603773,-0.8498953304567011,-0.10721863829908418,-0.9571139687557852,0.9057257414543952,0.9012319758345806,0.9176966996051446,0.9345644061253378,0.9026237902051487
mobile_A,5000,1,anzhi,8.517193191416238,0.307451008009906,0.16610560202459268,-0.1608540564775467,0.03990019123484501,0.07466666666666667,-0.6901919739099553,-0.24394579413074036,-0.9341377680406957,0.8624778956675508,0.8809129089301503,0.8512267904509283,0.8834880636604775,0.8668766578249337
mobile_A,5000,1,appchina,8.517193191416238,0.27365100800990594,0.18432313106702336,-0.46477821469306946,0.03123052660839587,0.078,-0.7526025930356357,-0.17855946347017893,-0.9311620565058146,0.8823995407577497,0.8661538461538462,0.856406429391504,0.8851205510907003,0.8651664753157291
mobile_A,5000,1,play,8.517193191416238,0.42194899199009406,0.32215573309083223,0.009232581593096256,0.028923492360919116,0.035333333333333335,-0.6577934325811919,-0.2952801503057221,-0.953073582886914,0.8927554152053235,0.8873449341891224,0.890997206785229,0.9071987717822487,0.8915766366915753
mobile_A,5000,1,slideme,7.906915488678587,0.19916047947168458,0.1488119976109653,-0.31124359369277954,0.030702724975307127,0.04696969696969697,-0.9453960229187731,-0.04580721267273358,-0.9912032355915067,0.9427887450993998,0.9475650233031491,0.9405875708828212,0.9552537132768198,0.9438372904354932
mobile_A,5000,2,1mobile,7.78155595923534,0.04331333991310282,0.10611212692365157,-0.37122365832328796,0.01794556268540585,0.04658901830282862,-0.968023389130933,-0.015415042421463299,-0.9834384315523963,0.9616596638655461,0.9622700431523961,0.9517516466045878,0.9705517342071964,0.963693585542325
mobile_A,5000,2,PlayDrone,8.234564993267135,0.05134595117565355,0.1987862578758519,-0.019540725275874138,0.04091931702463354,0.062159214830970554,-0.6876883333651866,-0.2893461447801796,-0.9770344781453663,0.9210493284799799,0.9184753775992636,0.9185757918078741,0.9249771976067946,0.9197757416007698
mobile_A,5000,2,angeeks,7.590852123688581,0.06142351106748778,0.08442058989102685,-0.350615918636322,0.04523665048496611,0.1298449612403101,-0.858219834543987,-0.10096600080710261,-0.9591858353510896,0.9144678466352216,0.8932161537383831,0.9103406808947836,0.9226083453976557,0.8950170457198898
mobile_A,5000,2,anzhi,8.517193191416238,0.3054512364072597,0.16385205160151406,-0.19195549190044403,0.03769489731255128,0.07,-0.6968765864892204,-0.22977111510331416,-0.9266477015925345,0.8680740477284747,0.8471775394869638,0.846185024630997,0.8686525816933839,0.8470349268229593
mobile_A,5000,2,appchina,8.517193191416238,0.26745123640725976,0.18252852458052005,-0.4602561593055725,0.03790921422030186,0.106,-0.7338135669860688,-0.19250967044440892,-0.9263232374304777,0.8593706341038426,0.8615361185979149,0.8739766990223863,0.8829163188412337,0.8566155095722138
mobile_A,5000,2,play,8.517193191416238,0.4191487635927402,0.3119234166101289,0.0025413709226995707,0.022686423941913024,0.035333333333333335,-0.7130442764150194,-0.2379503800508057,-0.9509946564658251,0.8749894352074721,0.9129466218019413,0.8926683669366302,0.9138645422000073,0.9078765458532485
mobile_A,5000,2,slideme,7.899524472032198,0.2067529178954109,0.14916138665279277,-0.332455039024353,0.014616388569005299,0.05057803468208093,-0.9306334841628959,-0.05862895927601819,-0.9892624434389141,0.9574306975600007,0.9524146307713596,0.9509194200581172,0.9605748681600836,0.9500238311219078
mobile_A,5000,3,1mobile,7.795646536334594,0.05389908084930717,0.10591813129268313,-0.38082355260849,0.025240825194813105,0.04092526690391459,-0.9682147325651856,-0.027103141906767436,-0.9953178744719531,0.978551741221155,0.9800301179949122,0.9757109773407304,0.9792063947659171,0.9752568483051747
mobile_A,5000,3,PlayDrone,8.208764045819667,0.06379952951953949,0.2003954177164491,-0.010348073206841946,0.03320255632530019,0.07497467071935157,-0.6671266255989049,-0.31215674195756327,-0.9792833675564682,0.9224196960891756,0.9103605521354211,0.9269126357554144,0.9257195907062277,0.9123767497049764
mobile_A,5000,3,angeeks,7.582738488914411,0.040786326440761855,0.08287844832024338,-0.3620774447917938,0.044410848550651506,0.08946322067594434,-0.8741516523648185,-0.0934633693254383,-0.9676150216902568,0.9116328360642374,0.8890437759843483,0.8995516426184071,0.9299258172332274,0.9020787478601124
mobile_A,5000,3,anzhi,8.517193191416238,0.29699208496453344,0.16829004906164047,-0.19147494435310364,0.031315800061508844,0.078,-0.6853481556567353,-0.23186268965969814,-0.9172108453164335,0.8539063964086151,0.8632202705919629,0.8550116803298293,0.8758283298225749,0.8500204567568921
mobile_A,5000,3,appchina,8.517193191416238,0.27459208496453347,0.17343375619550283,-0.4775141477584839,0.03994043597254704,0.08066666666666666,-0.7449100557073667,-0.18353973850222294,-0.9284497942095896,0.8739189124084856,0.8465266018475066,0.8693603672887474,0.8773894556154103,0.8339148797978698
mobile_A,5000,3,play,8.517193191416238,0.4224079150354665,0.31873251913614364,0.011237857863307,0.02658798045903603,0.042666666666666665,-0.695641905502841,-0.24052180436504078,-0.9361637098678818,0.8922591333744211,0.8974220502775456,0.900212761196914,0.8996884858766026,0.8950457762020703
mobile_A,5000,3,slideme,7.912789220690681,0.2058623806284387,0.1544799816208482,-0.3267730474472046,0.021403475500368897,0.046686746987951805,-0.9326191538957497,-0.050706740068442,-0.9833258939641917,0.9679764014096848,0.9644288245487646,0.9675753032574621,0.9793161860628128,0.9700772990128312
mobile_A,5000,4,1mobile,7.766840537085513,0.04582542785447208,0.1056581915967546,-0.37026548385620117,0.03125762493617476,0.0397456279809221,-0.9703580840946507,-0.02092474440228631,-0.991282828496937,0.95978970959897,0.9738130434091523,0.9717705402698965,0.9689293150859123,0.9731057174192933
mobile_A,5000,4,PlayDrone,8.23403420769204,0.06082996365207621,0.20045465803606943,-0.012013084255158901,0.0356111920368848,0.06465067778936393,-0.6726167167036504,-0.30418352695470574,-0.9768002436583562,0.927623537628776,0.9270600187310507,0.9324465186172887,0.9383542073432067,0.9264012572027239
mobile_A,5000,4,angeeks,7.590852123688581,0.03392955526772834,0.08523779841781609,-0.3557645082473755,0.044918080759273886,0.12941176470588237,-0.8618804683446104,-0.1077331319389856,-0.969613600283596,0.9150781887330093,0.8472131260556341,0.8812260866567854,0.9145439086323579,0.9051279399767904
mobile_A,5000,4,anzhi,8.517193191416238,0.3013027679645949,0.1643441978453356,-0.18402916193008423,0.03233310638187436,0.072,-0.7305609703270521,-0.2147390752781042,-0.9453000456051563,0.8710900505993452,0.856611512478466,0.8554705468517467,0.8788941652911944,0.8556813774566838
mobile_A,5000,4,appchina,8.517193191416238,0.26010276796459486,0.1872765575250871,-0.46658337116241455,0.03306628265985659,0.09133333333333334,-0.7092883151274413,-0.20694726656990814,-0.9162355816973494,0.8689426307353482,0.8632107457854522,0.8687966084682015,0.8856241418636983,0.8688558803371366
mobile_A,5000,4,play,8.517193191416238,0.4140972320354051,0.31387868017693155,-0.006093005184084177,0.0280146434954335,0.042,-0.722200012500339,-0.24016453276444993,-0.962364545264789,0.8842500517289646,0.8924159252181745,0.8723110067065081,0.8999281880256575,0.8819824973526942
mobile_A,5000,4,slideme,7.8826922062890254,0.20686848816516745,0.15198477149557377,-0.31649887561798096,0.020223610356524695,0.03347280334728033,-0.9434357581416406,-0.0506054947231418,-0.9940412528647824,0.9647023139553581,0.9637083217611203,0.9669570683077282,0.9664381459122071,0.9543165572788002
mobile_B,100,0,1mobile,4.605170185988092,0.21000000000000002,0.13106922589446302,-0.5121934413909912,0.09714339684731581,0.1,-0.7499412455934195,-0.24653349001175096,-0.9964747356051704,0.9309276289484206,0.9245701719312276,0.9083966413434625,0.9258096761295482,0.9168732506997201
mobile_B,100,0,PlayDrone,4.605170185988092,0.04999999999999999,0.12251098922419057,-0.23853488266468048,0.14237616744445705,0.26666666666666666,-0.5945701357466064,-0.31266968325791844,-0.9072398190045249,0.7165021582299496,0.7622521054061396,0.7735277249539678,0.7628633523499049,0.795762021189894
mobile_B,100,0,angeeks,4.605170185988092,0.020000000000000018,0.11699254216838106,-0.47668471932411194,0.15883653176303814,0.13333333333333333,-0.6826473859844272,-0.24949944382647382,-0.932146829810901,0.8368439015444802,0.7809507314886508,0.7931277761929989,0.832562451607645,0.7930284445168915
mobile_B,100,0,anzhi,4.605170185988092,0.43,0.2278104994119735,-0.020764023065567017,0.12049035756975261,0.15,-0.5685185185185185,-0.3790123456790123,-0.9475308641975309,0.7881948738276778,0.767985110824636,0.785034989675039,0.7723593142893281,0.7521535039648188
mobile_B,100,0,appchina,4.605170185988092,0.42,0.28094458900745967,-0.17153534293174744,0.17956519953991623,0.21666666666666667,-0.6614906832298135,-0.01242236024844734,-0.6739130434782609,0.7016762540978536,0.7830972557266861,0.7178928831832896,0.7830972557266861,0.7293336032434196
mobile_B,100,0,play2013-2014,4.605170185988092,0.14,0.06484689541777477,-0.568634033203125,0.07232392778844612,0.06666666666666667,-0.6807113543091655,-0.2577291381668947,-0.9384404924760602,0.8111210580590849,0.7992036472696648,0.8685159489847369,0.8016797119774891,0.7682389833395611
mobile_B,100,0,play2016-2016,4.605170185988092,0.36,0.09935125897130914,-0.40570199489593506,0.21406970056349747,0.23333333333333334,-0.5535714285714286,0.017857142857142905,-0.5357142857142857,0.5799764683633392,0.7580096728480579,0.739818029625239,0.7603952020338238,0.7147560115779714
mobile_B,100,0,play2017-2017,4.605170185988092,0.15000000000000002,0.11196194431650963,-0.12656325101852417,0.13618883263504916,0.16666666666666666,-0.6291325695581016,-0.2579378068739768,-0.8870703764320784,0.7766942297154178,0.8604817629026472,0.7947018523009501,0.8613363328963627,0.8689194308876762
mobile_B,100,0,play2018-2018,4.605170185988092,0.08000000000000002,0.15243308733275085,-0.258466511964798,0.09563865838824791,0.06666666666666667,-0.5473379629629631,-0.3866898148148147,-0.9340277777777778,0.8565273954902641,0.867746052498463,0.8529328418227325,0.8671515221774166,0.8733288143125224
mobile_B,100,0,play2019-2021,4.605170185988092,0.33,0.27921423726605676,-0.32219088077545166,0.030387685689681417,0.03333333333333333,-0.7525862068965516,-0.24741379310344835,-1.0,0.7227704266886434,0.7907209410948592,0.72947311891422,0.7930534211529199,0.7912117018943294
mobile_B,100,0,slideme,4.605170185988092,0.07,0.15865755996706332,-0.4510042369365692,0.07616383151010375,0.03333333333333333,-0.744,-0.2174814814814815,-0.9614814814814815,0.854983286137075,0.9144204086557228,0.9116613792662933,0.9161947040830086,0.9163064846949276
mobile_B,100,1,1mobile,4.605170185988092,0.23363636363636364,0.11888858599768093,-0.4340313971042633,0.08191361742566589,0.06666666666666667,-0.6836970474967908,-0.24184852374839527,-0.9255455712451861,0.8987845487845488,0.9452068764568764,0.9295392107892108,0.9457042957042957,0.944212037962038
mobile_B,100,1,PlayDrone,4.605170185988092,0.0036363636363636043,0.12928747380101036,-0.05145515128970146,0.1093281298410918,0.2,-0.5905450500556173,-0.2692992213570635,-0.8598442714126808,0.7451914098972923,0.7891520976206574,0.7838919475836312,0.7890764351717698,0.7979828713094432
mobile_B,100,1,angeeks,4.605170185988092,0.05363636363636365,0.13755258242767388,-0.38693368434906006,0.16968024328717135,0.2,-0.5966329966329966,-0.31245791245791243,-0.9090909090909091,0.8226029299216384,0.8128162060020725,0.8677437706994291,0.8154237414408496,0.829450250255674
mobile_B,100,1,anzhi,4.605170185988092,0.4536363636363636,0.24180200214517733,-0.16429372131824493,0.1268804283601127,0.23333333333333334,-0.5773809523809523,-0.12764550264550267,-0.705026455026455,0.732251955034213,0.7002295419634129,0.6813294232649072,0.6980912232928362,0.6895946795140344
mobile_B,100,1,appchina,4.605170185988092,0.38363636363636366,0.24191084414080766,-0.17695748805999756,0.11550412372908146,0.13333333333333333,-0.5516826923076923,-0.31370192307692313,-0.8653846153846154,0.7168729010150517,0.7827676689465308,0.7591322059514165,0.773760188100981,0.7626005616953568
mobile_B,100,1,play2013-2014,4.605170185988092,0.18636363636363637,0.0818551850241902,-0.5226393342018127,0.11427640099563267,0.1,-0.7388508891928864,-0.1339261285909713,-0.8727770177838577,0.811212477116831,0.8692185535631576,0.8684741613180705,0.8716791834844173,0.8551274840644919
mobile_B,100,1,play2016-2016,4.605170185988092,0.3063636363636364,0.07580447102504317,-0.21830327808856964,0.11439363901160249,0.13333333333333333,-0.5892000000000001,-0.02279999999999993,-0.612,0.6767757063623429,0.7465855523613167,0.6978830908615733,0.746727115215224,0.7301243333236538
mobile_B,100,1,play2017-2017,4.605170185988092,0.17636363636363636,0.14323461295673334,-0.21857662498950958,0.059735274031198014,0.06666666666666667,-0.6894886363636362,-0.1372159090909093,-0.8267045454545455,0.8123592115433101,0.8314953570573742,0.8463361277787109,0.8313773718686486,0.8435352946680088
mobile_B,100,1,play2018-2018,4.605170185988092,0.046363636363636385,0.13746900481278346,-0.32361355423927307,0.06074122328410916,0.1,-0.6512195121951219,-0.2666238767650836,-0.9178433889602055,0.8540205600504172,0.8489419215240751,0.8442671297442694,0.8515565635192481,0.8581942630381391
mobile_B,100,1,play2019-2021,4.605170185988092,0.3063636363636364,0.2950106737009969,-0.2675549387931824,0.038458793477836664,0.03333333333333333,-0.6758620689655173,-0.1775862068965517,-0.853448275862069,0.6758885070060807,0.7410991930102857,0.6907787891377422,0.7410991930102857,0.7403469678085383
mobile_B,100,1,slideme,4.605170185988092,0.10636363636363638,0.15117808513823605,-0.3297577202320099,0.11733046353949919,0.2,-0.6311111111111111,-0.29481481481481486,-0.9259259259259259,0.8775881144302197,0.86897423739529,0.9057311483498903,0.8658902805244268,0.8948235783922562
mobile_B,100,2,1mobile,4.605170185988092,0.17909090909090908,0.11651978593218959,-0.4719780385494232,0.09657393154215188,0.08333333333333333,-0.8075639599555062,-0.1890989988876528,-0.996662958843159,0.9184951007429999,0.9248909023068688,0.9265922585250317,0.9296603776645793,0.9267950423412609
mobile_B,100,2,PlayDrone,4.605170185988092,0.10909090909090913,0.0942044023069687,-0.17671431601047516,0.23686286324155706,0.26666666666666666,-0.5944570135746606,-0.23246606334841624,-0.8269230769230769,0.7050692439646877,0.739608384586419,0.7732504916112297,0.7524781389900004,0.7895761683611564
mobile_B,100,2,angeeks,4.605170185988092,0.05909090909090908,0.1261488417157437,-0.4450944662094116,0.15664922575177329,0.1,-0.6353726362625138,-0.28565072302558403,-0.9210233592880979,0.8421957455751179,0.8502048988931957,0.8357072806239201,0.8524932284126465,0.8257075141269323
mobile_B,100,2,anzhi,4.605170185988092,0.40909090909090906,0.22433395007544799,-0.15278543531894684,0.09114540216391723,0.11666666666666667,-0.5518518518518519,-0.2520697167755991,-0.803921568627451,0.78053698793831,0.7302340453340304,0.6984040666193659,0.7317697636207476,0.7131474289555249
mobile_B,100,2,appchina,4.605170185988092,0.3390909090909091,0.2367254616150598,-0.39401787519454956,0.1458991686410786,0.15,-0.6277037037037037,-0.16340740740740745,-0.7911111111111111,0.6607615514522159,0.7542536549610609,0.755003337769967,0.75623321106282,0.7520489881226634
mobile_B,100,2,play2013-2014,4.605170185988092,0.13090909090909092,0.06417243714063015,-0.5766822099685669,0.12431841698983195,0.2,-0.6683994528043775,-0.28508891928864577,-0.9534883720930233,0.8197259522144315,0.8457408515012201,0.8473599821526089,0.847057507195756,0.8005933846947672
mobile_B,100,2,play2016-2016,4.605170185988092,0.3109090909090909,0.0990337934849499,-0.2396446168422699,0.08597664098576273,0.08333333333333333,-0.6178571428571429,-0.1901785714285713,-0.8080357142857142,0.6714924487840489,0.5593146872290916,0.6840337029094614,0.5582394184118873,0.5537695244178796
mobile_B,100,2,play2017-2017,4.605170185988092,0.2509090909090909,0.12648703052807486,-0.09753835946321487,0.09754829008585848,0.06666666666666667,-0.6352,-0.3068000000000001,-0.9420000000000001,0.8011814300330922,0.8658049990399613,0.8691330080098416,0.8652458845150452,0.864618759419558
mobile_B,100,2,play2018-2018,4.605170185988092,0.08090909090909093,0.13871244528687954,-0.15583081543445587,0.06706143956505854,0.08333333333333333,-0.6368742368742368,-0.26178266178266174,-0.8986568986568986,0.8200159033190675,0.8509987160003016,0.8614371279503401,0.8521331996250472,0.848564145504825
mobile_B,100,2,play2019-2021,4.605170185988092,0.3109090909090909,0.29440516740446965,-0.3794310390949249,0.039435126604380186,0.05,-0.7217864923747277,-0.051633986928104614,-0.7734204793028323,0.7726027397260273,0.76,0.7804892367906067,0.7571232876712328,0.7523091976516634
mobile_B,100,2,slideme,4.605170185988092,0.010909090909090924,0.12355916547896328,-0.391300231218338,0.12817323789894763,0.15,-0.6708133971291865,-0.18205741626794258,-0.8528708133971291,0.8622983963961194,0.874744391998893,0.9147806768038622,0.8764164142617733,0.8868367645023908
mobile_B,100,3,1mobile,4.605170185988092,0.16636363636363632,0.11776220299722362,-0.4893952012062073,0.09828619380630055,0.05,-0.7468860164512339,-0.1720329024676851,-0.918918918918919,0.8893478235227045,0.9155064423413399,0.9265628133195456,0.9139435307254662,0.901925821659006
mobile_B,100,3,PlayDrone,4.605170185988092,0.07636363636363636,0.10457226121735819,-0.06652570515871048,0.09721292755975695,0.36666666666666664,-0.5230255839822024,-0.32458286985539486,-0.8476084538375973,0.7759244480345513,0.7303612967768358,0.7647637301354762,0.7372289950416595,0.7495673795259225
mobile_B,100,3,angeeks,4.605170185988092,0.11636363636363639,0.12764720451976197,-0.35937753319740295,0.2079017605914783,0.2,-0.5992213570634038,-0.2973303670745272,-0.896551724137931,0.8388929648650851,0.7826771011657292,0.8012961604304231,0.7795875112089345,0.844778674492541
mobile_B,100,3,anzhi,4.605170185988092,0.43636363636363634,0.2477834396071137,0.04139034450054169,0.08019510169979185,0.08333333333333333,-0.5594827586206896,-0.19051724137931036,-0.75,0.7204331991566034,0.7636258782627088,0.7454387623133037,0.7632447194075954,0.7549181610076694
mobile_B,100,3,appchina,4.605170185988092,0.3763636363636363,0.26105741689193185,-0.29295313358306885,0.1267120245726613,0.11666666666666667,-0.6288409703504044,-0.29568733153638804,-0.9245283018867925,0.7191746232147085,0.7651057929681775,0.7570774762994443,0.76931271206502,0.7543957344635952
mobile_B,100,3,play2013-2014,4.605170185988092,0.26363636363636367,0.07918397365845975,-0.41059085726737976,0.13041703410625183,0.1,-0.6476268412438626,-0.1854337152209491,-0.8330605564648117,0.789417785219603,0.8078015247638217,0.8329602291163778,0.8065022441965412,0.7405129389503582
mobile_B,100,3,play2016-2016,4.605170185988092,0.2836363636363637,0.10346034932264048,-0.2193295955657959,0.12967169779467186,0.13333333333333333,-0.6256172839506172,-0.15216049382716057,-0.7777777777777778,0.7372512896094325,0.7520203881110292,0.7406104151314173,0.7473900761483665,0.7286293294030951
mobile_B,100,3,play2017-2017,4.605170185988092,0.19363636363636366,0.11126185828103297,0.017231011763215065,0.05790616830069902,0.08333333333333333,-0.6664484451718494,-0.19279869067103117,-0.8592471358428806,0.839289329823851,0.8691224427375686,0.8899578402611146,0.8716719868925716,0.8764336249764861
mobile_B,100,3,play2018-2018,4.605170185988092,0.013636363636363669,0.15296905899298596,-0.27681124210357666,0.1068185149684384,0.15,-0.6169683257918552,-0.2947963800904977,-0.9117647058823529,0.811969102349472,0.8632463107912721,0.883566662407028,0.8641010514877793,0.846955336215421
mobile_B,100,3,play2019-2021,4.605170185988092,0.30363636363636365,0.29591409045544015,-0.37670302391052246,0.12168219964526908,0.11666666666666667,-0.7716363636363636,0.3134545454545454,-0.4581818181818182,0.6766639678105665,0.7409617154575253,0.7568634371124239,0.7421969611341654,0.7609282527175021
mobile_B,100,3,slideme,4.605170185988092,0.11363636363636365,0.15082777051574958,-0.44158706068992615,0.08683519620132492,0.11666666666666667,-0.7114774114774115,-0.2543345543345543,-0.9658119658119658,0.870196070795771,0.9192176638953251,0.9299655367121633,0.9192176638953251,0.9218150664927276
mobile_B,100,4,1mobile,4.605170185988092,0.31545454545454543,0.1541645582081249,-0.45716941356658936,0.08986202954091706,0.11666666666666667,-0.7413875598086126,-0.16889952153110033,-0.9102870813397129,0.913348592500755,0.9386454309920048,0.9177514981005516,0.9386454309920048,0.9394560742612814
mobile_B,100,4,PlayDrone,4.605170185988092,0.024545454545454537,0.11028920553980337,-0.15355199575424194,0.08432193186753269,0.18333333333333332,-0.6229910714285715,-0.29553571428571423,-0.9185267857142857,0.793598636972131,0.7822515357874185,0.7772169045086803,0.7880745643972464,0.7931224238191237
mobile_B,100,4,angeeks,4.605170185988092,0.10545454545454547,0.12646573040249898,-0.37614890933036804,0.09765615611648347,0.11666666666666667,-0.6181312569521691,-0.31067853170189097,-0.92880978865406,0.840724208059012,0.8596451920535888,0.8506687118679122,0.8607108797812324,0.8704801626969081
mobile_B,100,4,anzhi,4.605170185988092,0.4154545454545454,0.26282655663797005,-0.22605782747268677,0.09313240415291242,0.11666666666666667,-0.6110512129380055,-0.1652291105121293,-0.7762803234501348,0.776631616522891,0.7445766862838459,0.7672574798845093,0.7476122456940799,0.7311687638505247
mobile_B,100,4,appchina,4.605170185988092,0.4354545454545454,0.2396309961628088,-0.5325854420661926,0.1380358109679231,0.15,-0.7034722222222223,-0.04131944444444435,-0.7447916666666666,0.693659882117752,0.7542771348062273,0.768559762678552,0.7550326500676356,0.7565546142411237
mobile_B,100,4,play2013-2014,4.605170185988092,0.19454545454545455,0.06632881534094459,-0.5194498896598816,0.22861245142616732,0.18333333333333332,-0.6570105820105819,-0.15648148148148155,-0.8134920634920635,0.8067911747491766,0.8697665879192942,0.8423632461769994,0.8705941284687811,0.8320586334879541
mobile_B,100,4,play2016-2016,4.605170185988092,0.27454545454545454,0.08120114075634055,-0.20164184272289276,0.10291388864767204,0.08333333333333333,-0.5800539083557952,-0.053369272237196785,-0.633423180592992,0.6636717357728407,0.6863639063799454,0.6591521127876123,0.684920894222011,0.6535805512652965
mobile_B,100,4,play2017-2017,4.605170185988092,0.24454545454545454,0.11295656703862456,-0.115811288356781,0.0596164531597565,0.06666666666666667,-0.6461988304093567,-0.3362573099415205,-0.9824561403508771,0.8355619990138454,0.8592111636187509,0.8578675643873115,0.8600016872260985,0.858260280806785
mobile_B,100,4,play2018-2018,4.605170185988092,0.11454545454545456,0.13305449105029243,-0.18040993809700012,0.053930509945438146,0.1,-0.6091249999999999,-0.378375,-0.9874999999999999,0.833267733665348,0.873090748438661,0.8389615170927298,0.8737320186624362,0.8794880548359674
mobile_B,100,4,play2019-2021,4.605170185988092,0.3245454545454546,0.28227352835553643,-0.3871457576751709,0.06103549502571025,0.03333333333333333,-0.62,-0.26363636363636367,-0.8836363636363637,0.756934481109517,0.6863376109251289,0.6951352356660822,0.692328896328179,0.7697406876029544
mobile_B,100,4,slideme,4.605170185988092,0.09454545454545454,0.1381878072571695,-0.4369696080684662,0.0757948570025639,0.18333333333333332,-0.6601851851851852,-0.28888888888888886,-0.9490740740740741,0.9061554428381401,0.9025047141541565,0.9020588794199763,0.9037362412477525,0.904774086038795
mobile_B,300,0,1mobile,5.703782474656201,0.1936363636363636,0.12079353677997784,-0.5088225603103638,0.04633118441890592,0.09,-0.8384125636672326,-0.15012733446519522,-0.9885398981324278,0.9460815673730507,0.9436825269892043,0.9319872051179529,0.9461415433826469,0.9437225109956018
mobile_B,300,0,PlayDrone,5.703782474656201,0.05363636363636365,0.10368942682659987,-0.2291959673166275,0.12981879205460722,0.19,-0.6093737373737375,-0.3316363636363636,-0.9410101010101011,0.7964955175224124,0.8550635394971173,0.8425548612997675,0.8562558483503879,0.8511787255878536
mobile_B,300,0,angeeks,5.703782474656201,0.06696969696969696,0.11740309660632697,-0.48617976903915405,0.16790705024277824,0.14,-0.7097639055622249,-0.2478191276510604,-0.9575830332132853,0.8653571865194181,0.8357512531072986,0.8822512123558417,0.8671069521985411,0.8594482252740536
mobile_B,300,0,anzhi,5.703782474656201,0.406969696969697,0.21806943058223538,-0.03154124692082405,0.10903471859667571,0.15,-0.5855481727574751,-0.2840531561461793,-0.8696013289036544,0.7887657535414588,0.7959288540450865,0.7718598651233151,0.8037376528204337,0.7874517702635477
mobile_B,300,0,appchina,5.703782474656201,0.4203030303030303,0.28634213071725945,-0.26045313477516174,0.17239777546952292,0.25,-0.640034965034965,-0.19271561771561774,-0.8327505827505828,0.7746925555424349,0.7872133845412748,0.7984943140816215,0.7903895139931509,0.7843746426971515
mobile_B,300,0,play2013-2014,5.703782474656201,0.1796969696969697,0.061973233647855896,-0.5756291747093201,0.05941676245594382,0.06,-0.7668997668997669,-0.17599067599067608,-0.942890442890443,0.8675649633358822,0.8915046755377727,0.8977437125976528,0.8902308579712963,0.8674160424512922
mobile_B,300,0,play2016-2016,5.703782474656201,0.3463636363636364,0.08498246418479893,-0.2667101323604584,0.0895053599696971,0.08,-0.6214962121212121,-0.07263257575757576,-0.6941287878787878,0.7205687954505502,0.7870206016052028,0.7565049934919921,0.7857472405221383,0.7689412857742117
mobile_B,300,0,play2017-2017,5.703782474656201,0.15969696969696967,0.11589348516817877,-0.08293373882770538,0.049130403647868436,0.06,-0.6913536498936924,-0.2512402551381998,-0.9425939050318922,0.8549857304692201,0.8606762204164744,0.8602489354196166,0.8487107504085656,0.8572687436368249
mobile_B,300,0,play2018-2018,5.703782474656201,0.04303030303030303,0.1443098358270143,-0.22208663821220398,0.04216950674111846,0.05,-0.6005514705882352,-0.2877757352941178,-0.888327205882353,0.882082404505496,0.881363091246383,0.8978117634619993,0.8980677697478392,0.8900159158624876
mobile_B,300,0,play2019-2021,5.703782474656201,0.333030303030303,0.2626989684027027,-0.4318241477012634,0.03671368889625456,0.03,-0.786820652173913,-0.06915760869565224,-0.8559782608695652,0.8036876648165677,0.7424977720844181,0.8018459455579772,0.7677018185474792,0.762839023899723
mobile_B,300,0,slideme,5.703782474656201,0.07969696969696971,0.14643578969043214,-0.47753965854644775,0.036184518759072845,0.03,-0.7802331228751821,-0.18868382710053433,-0.9689169499757164,0.9251194100822564,0.9366079729739321,0.9385827637845012,0.9384000113554907,0.9211165995982995
mobile_B,300,1,1mobile,5.703782474656201,0.20030303030303032,0.11978141268322529,-0.48574158549308777,0.015959841910600465,0.06,-0.7762499999999999,-0.17708333333333348,-0.9533333333333334,0.946755328005328,0.9488261738261738,0.940232683982684,0.9597132034632034,0.9617861305361306
mobile_B,300,1,PlayDrone,5.703782474656201,0.07030303030303031,0.1369396182866407,-0.022003179416060448,0.08553465049060885,0.11,-0.56424,-0.36016000000000015,-0.9244000000000001,0.8453483692327506,0.8461114330789787,0.8533597346984771,0.8575082906725908,0.8499782671689365
mobile_B,300,1,angeeks,5.703782474656201,0.08696969696969703,0.125745545155164,-0.4070337116718292,0.09180178694478817,0.08,-0.6500606060606061,-0.2881212121212121,-0.9381818181818182,0.8701955312938117,0.8686343964402061,0.8877066556495472,0.8842931547115118,0.8811065432207466
mobile_B,300,1,anzhi,5.703782474656201,0.4603030303030303,0.2613436034742791,-0.09022296965122223,0.20287586406127073,0.23,-0.6154365904365905,-0.2556652806652806,-0.8711018711018711,0.8172784876413909,0.77469103477168,0.7637288786482335,0.7786185588604944,0.7307856793743891
mobile_B,300,1,appchina,5.703782474656201,0.38696969696969696,0.26703460552900926,-0.2727772295475006,0.10942376965296902,0.14,-0.6102990033222592,-0.2493355481727575,-0.8596345514950167,0.7820437089987002,0.8230916837068878,0.8197572550099581,0.8263875307710695,0.8348679510359168
mobile_B,300,1,play2013-2014,5.703782474656201,0.21303030303030301,0.06769320869329587,-0.5311250686645508,0.07604021229407415,0.08,-0.7516266666666667,-0.16837333333333337,-0.92,0.8653270363263416,0.8991389863031827,0.9138490041685965,0.9104951035532323,0.8961241977105803
mobile_B,300,1,play2016-2016,5.703782474656201,0.2863636363636364,0.07907338612123171,-0.2116067111492157,0.08439012454249532,0.09,-0.5863837312113175,-0.18815207780725018,-0.7745358090185677,0.7222802992904918,0.7998204450639332,0.8246858998557753,0.7798661323576386,0.7572620534115437
mobile_B,300,1,play2017-2017,5.703782474656201,0.21303030303030301,0.12482340950475546,-0.2035207748413086,0.05458283777587461,0.06,-0.6866943866943866,-0.19999999999999996,-0.8866943866943866,0.8782605150541962,0.8890694989123945,0.8754968810953534,0.886934117296065,0.8832202140942702
mobile_B,300,1,play2018-2018,5.703782474656201,0.0696969696969697,0.1394947377464021,-0.2681673765182495,0.0741934114399539,0.08,-0.6800841514726508,-0.26241234221598875,-0.9424964936886395,0.8780390796120096,0.877353071520196,0.8753120513182939,0.8887107298892291,0.8656104302987084
mobile_B,300,1,play2019-2021,5.703782474656201,0.3496969696969697,0.29166481605863637,-0.40434640645980835,0.02223356461207923,0.01,-0.6419270833333333,-0.10286458333333348,-0.7447916666666667,0.7482170059548539,0.7754717931286274,0.7381579609975955,0.7726627513187546,0.7758809532802055
mobile_B,300,1,slideme,5.703782474656201,0.073030303030303,0.1387489687759339,-0.39753058552742004,0.06686778444231684,0.08,-0.7120863970588236,-0.24793198529411753,-0.9600183823529411,0.9054246801358483,0.9304953220229215,0.9394715639901776,0.9283924489316018,0.9294101546989866
mobile_B,300,2,1mobile,5.703782474656201,0.21272727272727265,0.12021390597497628,-0.4880541265010834,0.05528287933209091,0.05,-0.8651960784313726,-0.10093582887700536,-0.966131907308378,0.9258155965088739,0.9369078712566108,0.9322681775412868,0.9381833814606924,0.9394953927516952
mobile_B,300,2,PlayDrone,5.703782474656201,0.09272727272727266,0.11059175327527482,-0.24995309114456177,0.18603721225964837,0.2,-0.6205128205128205,-0.29709962168978565,-0.9176124422026062,0.8583481862683571,0.8183983933726622,0.8498841052675621,0.8403004058407598,0.8365064223254257
mobile_B,300,2,angeeks,5.703782474656201,0.07272727272727275,0.12237536837347451,-0.4314681589603424,0.08923730496467332,0.14,-0.7159663865546217,-0.2172068827531013,-0.933173269307723,0.8777961985709616,0.8319186942511558,0.8890130995189838,0.8728459347125578,0.879766380236305
mobile_B,300,2,anzhi,5.703782474656201,0.4093939393939394,0.22720388122451274,-0.3248203992843628,0.07774965991079416,0.14,-0.6181893687707641,-0.2007475083056477,-0.8189368770764118,0.836679394301505,0.7820587027148138,0.7498109526121215,0.8004173046043541,0.7927013704768662
mobile_B,300,2,appchina,5.703782474656201,0.386060606060606,0.20984630953460826,-0.4959787428379059,0.07909112234440249,0.13,-0.7155701754385964,-0.1764254385964914,-0.8919956140350878,0.7967977540171056,0.8049577894491696,0.775916216712093,0.7976364287737276,0.7972104570342758
mobile_B,300,2,play2013-2014,5.703782474656201,0.13060606060606061,0.061221407980756926,-0.5702126622200012,0.03546953644828023,0.13,-0.7373967945604663,-0.15332685769791154,-0.8907236522583778,0.8802325772371855,0.8775917381908165,0.8900746469870894,0.8910179993129301,0.8792457697987652
mobile_B,300,2,play2016-2016,5.703782474656201,0.31727272727272726,0.0974494441967404,-0.26921209692955017,0.06151702178311793,0.06,-0.6716312056737589,-0.09964539007092199,-0.7712765957446809,0.7475323569223282,0.7348587854177122,0.677912123009536,0.7280984319630119,0.7263129077884747
mobile_B,300,2,play2017-2017,5.703782474656201,0.26727272727272733,0.11880386146142563,-0.16658134758472443,0.05427133438988146,0.07,-0.6915989159891598,-0.2704607046070461,-0.9620596205962059,0.8618763552797057,0.912472274420022,0.8808445409868897,0.9130653942302236,0.8946042818102535
mobile_B,300,2,play2018-2018,5.703782474656201,0.08393939393939398,0.12535125452310303,-0.2295341044664383,0.0496823074057318,0.06,-0.7239120879120879,-0.2211428571428572,-0.9450549450549451,0.8587004160223912,0.8832575523867281,0.8833105454254435,0.8924557650072366,0.8624484568346014
mobile_B,300,2,play2019-2021,5.703782474656201,0.3106060606060606,0.2592848786507007,-0.45767679810523987,0.06610268223649535,0.03,-0.7923076923076924,-0.14049513704686112,-0.9328028293545535,0.824853228962818,0.7817808219178082,0.7752446183953033,0.7944618395303327,0.7943052837573386
mobile_B,300,2,slideme,5.703782474656201,0.06393939393939396,0.12415836743524544,-0.44242972135543823,0.059234172682907094,0.11,-0.7655525846702317,-0.2023618538324421,-0.9679144385026738,0.9220799188204364,0.9149805507295399,0.9329730477698682,0.9236942851432173,0.9240825018065528
mobile_B,300,3,1mobile,5.703782474656201,0.16848484848484846,0.10903643484062653,-0.49504992365837097,0.06933488563651298,0.11,-0.8083092186854073,-0.16109962794543187,-0.9694088466308391,0.9313360830092832,0.9422764643203989,0.944631644340294,0.9475883978878086,0.9536080650171233
mobile_B,300,3,PlayDrone,5.703782474656201,0.10515151515151511,0.11066725631321772,-0.07820554822683334,0.10761305677630409,0.12,-0.583974358974359,-0.3358974358974357,-0.9198717948717947,0.8421700145852591,0.8370052788601159,0.8415095500261434,0.8368652538984407,0.837341176889568
mobile_B,300,3,angeeks,5.703782474656201,0.05848484848484847,0.12250272563916265,-0.3968013823032379,0.07858959559763364,0.06,-0.7042016806722688,-0.24697879151660673,-0.9511804721888756,0.8675959892394228,0.8559142414608298,0.8533789842667319,0.8634303415668052,0.8452107279693486
mobile_B,300,3,anzhi,5.703782474656201,0.4484848484848485,0.2577666325538428,-0.06959059834480286,0.06323927509181658,0.07,-0.6111702127659574,-0.27712765957446817,-0.8882978723404256,0.8199454039512735,0.7753415557890979,0.7677872296360924,0.7835375727892235,0.7827229283575579
mobile_B,300,3,appchina,5.703782474656201,0.38848484848484843,0.2558757575392424,-0.3685879409313202,0.08818280699952538,0.11,-0.6962121212121213,-0.21003787878787872,-0.90625,0.7983215159337624,0.8047649107776939,0.7995874243329464,0.8128563537779983,0.8081241334220108
mobile_B,300,3,play2013-2014,5.703782474656201,0.22151515151515153,0.07024450425193307,-0.4881724715232849,0.08411637839313613,0.16,-0.69312,-0.14794666666666667,-0.8410666666666666,0.8591430285730299,0.8304303799348942,0.8852535707424165,0.8438349508498504,0.8486133860338819
mobile_B,300,3,play2016-2016,5.703782474656201,0.3015151515151515,0.08102669133081175,-0.3446454405784607,0.10179273161487305,0.09,-0.6846590909090909,-0.12499999999999989,-0.8096590909090908,0.7441599115696389,0.814087447801523,0.7773949889462048,0.8172807663964627,0.7766642102677475
mobile_B,300,3,play2017-2017,5.703782474656201,0.23151515151515153,0.11420888464608137,-0.06881874799728394,0.05674068464594167,0.07,-0.6703053931124108,-0.24132553606237805,-0.9116309291747888,0.8574017912145193,0.9004647479390406,0.8829094384110259,0.8988094468831804,0.9029999325099548
mobile_B,300,3,play2018-2018,5.703782474656201,0.051515151515151514,0.1501242468708175,-0.3265625834465027,0.05694747659785272,0.06,-0.6744724025974026,-0.21107954545454555,-0.8855519480519481,0.8898942350479316,0.9002167593472947,0.8902678241096083,0.8999998928392795,0.8970381044768803
mobile_B,300,3,play2019-2021,5.703782474656201,0.32151515151515153,0.27284564034412284,-0.40751662850379944,0.0639230118622749,0.06,-0.7286684782608696,-0.08519021739130439,-0.813858695652174,0.8128204891619013,0.8079886909471448,0.7714933901092691,0.8065912063425424,0.8246677754274919
mobile_B,300,3,slideme,5.703782474656201,0.041515151515151505,0.1404705381159197,-0.45217350125312805,0.049128386648859594,0.1,-0.738238941711451,-0.23654402645721373,-0.9747829681686647,0.9303043283553029,0.9416012772834361,0.9445472069160226,0.9441986798808388,0.9435016258104714
mobile_B,300,4,1mobile,5.703782474656201,0.22060606060606064,0.1348215653617676,-0.4915986955165863,0.025676686054819417,0.04,-0.7937602627257798,-0.1713464696223318,-0.9651067323481116,0.9252618695659085,0.9477850364789471,0.9510713207127304,0.9564001080857693,0.954198655285871
mobile_B,300,4,PlayDrone,5.703782474656201,0.053939393939393954,0.11153776344772415,-0.08616704493761063,0.13915889369221346,0.18,-0.6261304521808724,-0.30064025610244094,-0.9267707082833133,0.8665095163261742,0.8492018138429873,0.85178130175511,0.8518659618712002,0.8621521659761576
mobile_B,300,4,angeeks,5.703782474656201,0.09060606060606063,0.12248136646870023,-0.43130528926849365,0.08707619331627134,0.1,-0.6672019269369731,-0.28101164191087913,-0.9482135688478522,0.8640889088047063,0.8564366389760206,0.9004170831753473,0.8961514597911138,0.8822084726483058
mobile_B,300,4,anzhi,5.703782474656201,0.4272727272727273,0.24008259415063926,-0.30826011300086975,0.08936082677218787,0.12,-0.6474509803921569,-0.26784313725490194,-0.9152941176470588,0.8185638044609176,0.7325472033362563,0.7619091133045728,0.7482770174406395,0.7112937452139374
mobile_B,300,4,appchina,5.703782474656201,0.423939393939394,0.23482596796431054,-0.4601900279521942,0.11300274877271499,0.19,-0.7074723846653672,-0.15932423651721883,-0.866796621182586,0.8007530223890551,0.7904463072469549,0.7759511292055741,0.7915678811328486,0.7626818320774942
mobile_B,300,4,play2013-2014,5.703782474656201,0.17939393939393938,0.06851683134710906,-0.5329012274742126,0.055970773051065355,0.09,-0.6771139705882352,-0.2107536764705884,-0.8878676470588236,0.8859011772884328,0.8908292277516695,0.9015632486114393,0.9036110522224579,0.8756533681999243
mobile_B,300,4,play2016-2016,5.703782474656201,0.31272727272727274,0.08266809534751551,-0.18657758831977844,0.08331442437766509,0.08,-0.6352941176470589,-0.22934089298369953,-0.8646350106307584,0.7683185814423191,0.7835085739178647,0.7490470674428735,0.7951219753673122,0.7481213615302365
mobile_B,300,4,play2017-2017,5.703782474656201,0.24606060606060606,0.10959052599034513,-0.0538875013589859,0.040552241171599085,0.04,-0.6753830439223698,-0.222982635342186,-0.8983656792645558,0.8521822669628039,0.8862798700835903,0.889626686680659,0.8756892536788075,0.8815054565764728
mobile_B,300,4,play2018-2018,5.703782474656201,0.05606060606060603,0.12101587596767449,-0.2390410602092743,0.07534819614453575,0.08,-0.6712347354138399,-0.29303482587064666,-0.9642695612844866,0.8431331204691046,0.8913776599661292,0.8777556880936603,0.8929681172225904,0.8896626972173692
mobile_B,300,4,play2019-2021,5.703782474656201,0.33606060606060606,0.26937488141493593,-0.3950366973876953,0.05442150680062521,0.04,-0.692849846782431,-0.1866189989785496,-0.8794688457609806,0.8009126414793559,0.8028322440087146,0.8043101386896222,0.7984516977522716,0.8204972368351134
mobile_B,300,4,slideme,5.703782474656201,0.08606060606060606,0.1379777242875867,-0.46402624249458313,0.039421468594133494,0.07,-0.7478243021346469,-0.24191297208538587,-0.9897372742200328,0.9349373638742307,0.9395967022847203,0.9445081931268363,0.939359167385362,0.9334536843490082
mobile_B,1000,0,1mobile,6.907755278982137,0.17736363636363633,0.11003809906723694,-0.510466992855072,0.034680407769931254,0.05105105105105105,-0.8833540517442312,-0.10215600963406113,-0.9855100613782923,0.9606957217113155,0.9643942423030787,0.9701119552179128,0.96437425029988,0.963154738104758
mobile_B,1000,0,PlayDrone,6.907755278982137,0.05636363636363634,0.10589609269124745,-0.1263335645198822,0.06653297745545789,0.10510510510510511,-0.654332299256908,-0.29729456749152294,-0.9516268667484309,0.8936868000845182,0.8901642065863744,0.8792160946602674,0.8961498988801352,0.8882640586797066
mobile_B,1000,0,angeeks,6.907755278982137,0.08736363636363637,0.12274741123408084,-0.4633508026599884,0.09837653571459094,0.13213213213213212,-0.7725947311439915,-0.19485384337784173,-0.9674485745218332,0.9080443375850686,0.8871541220098618,0.9025581727046742,0.9198495252455275,0.9053878519907086
mobile_B,1000,0,anzhi,6.907755278982137,0.42136363636363633,0.22252238723539464,-0.11340334266424179,0.13865068615174725,0.1921921921921922,-0.6444692239072257,-0.24553969669937548,-0.8900089206066012,0.8344169319196296,0.8269144657305595,0.8368054790900483,0.8633079063170015,0.8203756061009029
mobile_B,1000,0,appchina,6.907755278982137,0.42036363636363633,0.26418907621408894,-0.35151392221450806,0.11717808017905808,0.16816816816816818,-0.7187715748125223,-0.16243304368527567,-0.881204618497798,0.8207815771371162,0.8376729814380584,0.8380239582689017,0.8535536286974401,0.8226803196185271
mobile_B,1000,0,play2013-2014,6.907755278982137,0.17663636363636365,0.06233964493652877,-0.5383938550949097,0.030928320606754184,0.05105105105105105,-0.7958198051948051,-0.17019074675324686,-0.966010551948052,0.913437865820923,0.9192197701654348,0.9158000298521773,0.9327833007328064,0.923046322895158
mobile_B,1000,0,play2016-2016,6.907755278982137,0.3406363636363636,0.08382367269335644,-0.3462081551551819,0.0467987175538329,0.05105105105105105,-0.6993288590604025,-0.1631831255992332,-0.8625119846596357,0.8212810907307055,0.8105820653136186,0.8239233229107898,0.8316339320108317,0.8096475902601363
mobile_B,1000,0,play2017-2017,6.907755278982137,0.20163636363636364,0.11732887927626712,-0.1374422162771225,0.031068512277347637,0.05105105105105105,-0.6857515871390538,-0.27293159942658196,-0.9586831865656358,0.9056890371037603,0.915015174764034,0.9044595217313722,0.9231119833139062,0.9111757564378662
mobile_B,1000,0,play2018-2018,6.907755278982137,0.05863636363636365,0.14069006960769592,-0.26112714409828186,0.05298137296020716,0.06606606606606606,-0.6285020576131687,-0.32104526748971196,-0.9495473251028806,0.9042859853196228,0.91871196636174,0.9032392845670878,0.9099908465677045,0.9267618076190584
mobile_B,1000,0,play2019-2021,6.907755278982137,0.32163636363636366,0.2610701509272675,-0.37912729382514954,0.019578785617609222,0.036036036036036036,-0.7153535353535354,-0.17393939393939373,-0.8892929292929291,0.8482980765237085,0.8319426622334244,0.8058448991845428,0.850643672683314,0.8451221582690827
mobile_B,1000,0,slideme,6.907755278982137,0.06363636363636366,0.13790622719987733,-0.46155935525894165,0.015964847283211285,0.04804804804804805,-0.8418577981651376,-0.12459862385321108,-0.9664564220183487,0.9494645176400451,0.9485862414035386,0.9660169196811946,0.9537618611649314,0.9537441182106585
mobile_B,1000,1,1mobile,6.907755278982137,0.16272727272727272,0.11211499197127461,-0.4818772077560425,0.016268259455374755,0.03303303303303303,-0.8539638490962274,-0.1299857496437412,-0.9839495987399686,0.9581668331668332,0.9626144688644689,0.965488677988678,0.9720924908424908,0.9690809190809191
mobile_B,1000,1,PlayDrone,6.907755278982137,0.07572727272727275,0.11355438722426814,-0.08859752863645554,0.10964029497692633,0.15315315315315314,-0.6572763347763348,-0.2722691197691197,-0.9295454545454546,0.892909462635629,0.8863042918316753,0.878870858688303,0.9049285231333912,0.8892800798480311
mobile_B,1000,1,angeeks,6.907755278982137,0.07372727272727275,0.12151573812484062,-0.4252942204475403,0.09202667738993815,0.11411411411411411,-0.7134802683789048,-0.23316860255392846,-0.9466488709328332,0.8936633502428055,0.8736158050511686,0.9118314380727266,0.9002634626716063,0.9035211887652472
mobile_B,1000,1,anzhi,6.907755278982137,0.43972727272727274,0.24106927236345077,-0.13503780961036682,0.07930039251987805,0.11711711711711711,-0.6159975761248295,-0.2976518709286473,-0.9136494470534768,0.8396915584415584,0.8441820276497696,0.8286290322580645,0.8682533863985478,0.8204074151654797
mobile_B,1000,1,appchina,6.907755278982137,0.4127272727272727,0.2485455989043669,-0.3561978340148926,0.08517260153204757,0.10810810810810811,-0.7245551601423488,-0.1734054202025732,-0.897960580344922,0.8187893881884327,0.8503686763262658,0.8308106710587643,0.862115896563973,0.8345910058675124
mobile_B,1000,1,play2013-2014,6.907755278982137,0.18927272727272726,0.060974466121395676,-0.547295093536377,0.02885671719903538,0.06306306306306306,-0.8081447028423773,-0.14446511627906966,-0.9526098191214469,0.9195918524890272,0.9108521361300426,0.9313132733408325,0.9283853305101568,0.9261838593705198
mobile_B,1000,1,play2016-2016,6.907755278982137,0.30327272727272725,0.08251192527362528,-0.17474274337291718,0.054424940932214394,0.06306306306306306,-0.6847333820306793,-0.17848794740686624,-0.8632213294375456,0.8257978337253535,0.8364767546534251,0.8136694059683867,0.8622399841256013,0.8376891134535529
mobile_B,1000,1,play2017-2017,6.907755278982137,0.20327272727272724,0.11473404191874481,-0.18441231548786163,0.012750784572338247,0.036036036036036036,-0.7119515205925262,-0.25494332847042966,-0.9668948490629559,0.8996744510588794,0.9174160041272271,0.8969607917181912,0.9263776179842493,0.9261576169396671
mobile_B,1000,1,play2018-2018,6.907755278982137,0.06227272727272726,0.1437690669063345,-0.23941847681999207,0.03402034955425021,0.057057057057057055,-0.6576982387793198,-0.2904796688580473,-0.9481779076373671,0.8950925712390975,0.9125358281143225,0.9137478997312294,0.9170974365296387,0.9152575426350575
mobile_B,1000,1,play2019-2021,6.907755278982137,0.34827272727272723,0.2772333447026284,-0.4893069565296173,0.032400761237026704,0.03903903903903904,-0.7583872707659115,-0.19266450916936362,-0.9510517799352751,0.8383817401266509,0.7917075826818245,0.7938304943913586,0.8236094849617908,0.8282518789893114
mobile_B,1000,1,slideme,6.907755278982137,0.058272727272727254,0.13188880731644625,-0.42380616068840027,0.02042891382998056,0.042042042042042045,-0.8366291230893002,-0.15440064360418337,-0.9910297666934835,0.9380799284522006,0.9459035415389716,0.9427212835428496,0.9526786092896491,0.944548527988836
mobile_B,1000,2,1mobile,6.907755278982137,0.19181818181818183,0.1172814548818093,-0.5033261775970459,0.01764947407469341,0.036036036036036036,-0.866390977443609,-0.11157894736842111,-0.9779699248120302,0.9474810194348009,0.9407344018688557,0.9535077544531326,0.9613270984069304,0.952232244249051
mobile_B,1000,2,PlayDrone,6.907755278982137,0.10281818181818186,0.10646352731363418,-0.20986603200435638,0.10884978776165205,0.14714714714714713,-0.7009788711583924,-0.250465425531915,-0.9514442966903074,0.8861938831011256,0.8686473369315091,0.8711309150244759,0.8888481653487301,0.8868423915317352
mobile_B,1000,2,angeeks,6.907755278982137,0.07981818181818184,0.12223925819167425,-0.4447759985923767,0.07757926335534636,0.13513513513513514,-0.756080343497562,-0.19246779710355866,-0.9485481406011207,0.8991237799467613,0.865362163171905,0.887194694811563,0.9010939616121048,0.897623523093448
mobile_B,1000,2,anzhi,6.907755278982137,0.4298181818181818,0.23440328250381715,-0.1868656575679779,0.06611120735526982,0.11711711711711711,-0.6376125020454918,-0.29521354933726063,-0.9328260513827524,0.8471563538593674,0.828583031479891,0.8278711863773853,0.8469953134919153,0.8124393181224094
mobile_B,1000,2,appchina,6.907755278982137,0.3908181818181818,0.22573848831544163,-0.4815301299095154,0.06973555457059379,0.13513513513513514,-0.7213364154392001,-0.1749650575206967,-0.8963014729598968,0.8156857801848562,0.840873932954519,0.8401638275413835,0.8432613878808981,0.8050897903587633
mobile_B,1000,2,play2013-2014,6.907755278982137,0.16918181818181816,0.0641860927949981,-0.5706617832183838,0.028966112295252443,0.05405405405405406,-0.8171284865112026,-0.15424782807498838,-0.971376314586191,0.9005815457428361,0.9196302825335083,0.9170318721009965,0.9280325167421941,0.9195351603185704
mobile_B,1000,2,play2016-2016,6.907755278982137,0.3251818181818182,0.08504210094615594,-0.2791849672794342,0.03537168992568968,0.07207207207207207,-0.7753924914675767,-0.15336177474402746,-0.9287542662116042,0.78849142978814,0.8074858177061945,0.8132621557086583,0.8304071420966981,0.8015193685267143
mobile_B,1000,2,play2017-2017,6.907755278982137,0.24618181818181817,0.11618474529187217,-0.2046864926815033,0.040924968091453476,0.04504504504504504,-0.6720026350461134,-0.2993961352657004,-0.9713987703118138,0.8973923394546605,0.9243410583572027,0.9175212138496576,0.927840221000537,0.9290828229722423
mobile_B,1000,2,play2018-2018,6.907755278982137,0.04018181818181815,0.13602946267973148,-0.260733425617218,0.03958833600560867,0.042042042042042045,-0.7031937734836285,-0.2605743424584006,-0.9637681159420292,0.9079834012824857,0.9172556960081371,0.9118163391056993,0.9195352077908419,0.9222333916166634
mobile_B,1000,2,play2019-2021,6.907755278982137,0.34718181818181815,0.2674299105260618,-0.42473432421684265,0.02144433377200096,0.036036036036036036,-0.7762979482604817,-0.13396074933095448,-0.9102586975914362,0.8486497064579257,0.8397651663405088,0.8268493150684931,0.854481409001957,0.8529158512720156
mobile_B,1000,2,slideme,6.907755278982137,0.06718181818181818,0.1300539043418396,-0.4567500948905945,0.01836832928717543,0.02702702702702703,-0.8072724416869551,-0.17564595931830684,-0.982918401005262,0.9427937762334527,0.9490705862455989,0.9474100951707385,0.9538983102965821,0.9461378207592135
mobile_B,1000,3,1mobile,6.907755278982137,0.17881818181818182,0.1113697716043236,-0.5026274919509888,0.027403594950882865,0.057057057057057055,-0.8876828904150493,-0.10432965064198263,-0.992012541057032,0.9558256301777591,0.9603138405161737,0.9593210476029457,0.9692057263508864,0.9661113579441126
mobile_B,1000,3,PlayDrone,6.907755278982137,0.06281818181818183,0.10663502150997961,-0.1447015255689621,0.05114745413308969,0.09309309309309309,-0.6284420551306106,-0.33064294992062326,-0.9590850050512338,0.8847246526490619,0.8797938314552721,0.8866275352207296,0.8954094475570096,0.889859440839049
mobile_B,1000,3,angeeks,6.907755278982137,0.06581818181818183,0.12032644587568464,-0.4363628625869751,0.056405035322099416,0.1021021021021021,-0.7456306826381873,-0.20789796507432534,-0.9535286477125127,0.8924920518464172,0.8779489687780223,0.892231189369854,0.8993559957609848,0.8981739626640581
mobile_B,1000,3,anzhi,6.907755278982137,0.44281818181818183,0.23639165047330668,-0.11358736455440521,0.1291257683617973,0.14114114114114115,-0.6861276127612761,-0.2194829482948295,-0.9056105610561056,0.8099410856197357,0.8380928617539036,0.8281248967235761,0.8586324769376861,0.8018166736068424
mobile_B,1000,3,appchina,6.907755278982137,0.4128181818181818,0.2444456495049201,-0.3360079824924469,0.08792807891339771,0.13213213213213212,-0.7185418255784388,-0.20028604118993143,-0.9188278667683702,0.8141572071107304,0.8181984195871989,0.807931372659535,0.8439099998872744,0.8296783938857639
mobile_B,1000,3,play2013-2014,6.907755278982137,0.20818181818181816,0.06492173071195628,-0.5491085648536682,0.04609439708047677,0.09009009009009009,-0.7512936282467533,-0.1576450892857142,-0.9089387175324675,0.9082347646016278,0.9111424451123179,0.9213232942975156,0.9202875502382296,0.9010210224811329
mobile_B,1000,3,play2016-2016,6.907755278982137,0.30618181818181817,0.07773809491185568,-0.38532745838165283,0.05863166444399069,0.12012012012012012,-0.729199372056515,-0.17634746206174778,-0.9055468341182628,0.8468987963645296,0.8510685335298452,0.8368582657823631,0.8642839597150578,0.842563252272169
mobile_B,1000,3,play2017-2017,6.907755278982137,0.21018181818181816,0.11517794346114973,-0.17872869968414307,0.023334224460300368,0.04804804804804805,-0.7215154807170017,-0.238886474741988,-0.9604019554589897,0.9065309542374415,0.9220619213985086,0.9247866524793976,0.930091800821081,0.9169039587937375
mobile_B,1000,3,play2018-2018,6.907755278982137,0.04818181818181816,0.14213190740223192,-0.27506914734840393,0.03929409024318031,0.08708708708708708,-0.6867179255238957,-0.23477310417608932,-0.921491029699985,0.902352472505908,0.9004865364610333,0.906852285108598,0.9205371109630507,0.9093635965923963
mobile_B,1000,3,play2019-2021,6.907755278982137,0.3361818181818182,0.2742384137513155,-0.38421836495399475,0.02224731703173998,0.02702702702702703,-0.7857238734419942,-0.19673058485139017,-0.9824544582933844,0.8425944080624289,0.8155128095707127,0.8191155133478041,0.8402019605536423,0.8296026068950776
mobile_B,1000,3,slideme,6.907755278982137,0.054181818181818164,0.13340379345684839,-0.4509514272212982,0.01989244258852661,0.036036036036036036,-0.8287206572769954,-0.1544953051643192,-0.9832159624413146,0.9477365213497148,0.9687260265970911,0.9677758523335735,0.9772678595767051,0.9622325201035846
mobile_B,1000,4,1mobile,6.907755278982137,0.19763636363636367,0.1189913676592812,-0.4968508780002594,0.01919343673715542,0.036036036036036036,-0.9077815188926299,-0.08428731762065111,-0.992068836513281,0.9525098151415446,0.963509131658004,0.9639541907078029,0.966533148951727,0.9618322127382257
mobile_B,1000,4,PlayDrone,6.907755278982137,0.05763636363636365,0.11117839569323085,-0.1351279467344284,0.06944664933815475,0.1021021021021021,-0.6895121598147076,-0.26966560509554127,-0.9591777649102489,0.8802376832759232,0.8919022598959738,0.8877168754067654,0.9072230952796694,0.9010085136329243
mobile_B,1000,4,angeeks,6.907755278982137,0.09063636363636368,0.11951959256471789,-0.45003241300582886,0.10361350919810143,0.14414414414414414,-0.7382312581250903,-0.23788097645529405,-0.9761122345803843,0.8943762710695943,0.8653298174255742,0.877589535003964,0.9079688164259534,0.9040622522491468
mobile_B,1000,4,anzhi,6.907755278982137,0.44463636363636366,0.22774023737382076,-0.21071931719779968,0.11045358771162242,0.12912912912912913,-0.6765492293173954,-0.26321170179301656,-0.9397609311104119,0.8463551644588656,0.8194254961340103,0.8080025372477915,0.8357949660106054,0.7894306101738934
mobile_B,1000,4,appchina,6.907755278982137,0.42763636363636365,0.25592694146509154,-0.42728713154792786,0.12089619168587401,0.12912912912912913,-0.6981603773584906,-0.19496630727762798,-0.8931266846361186,0.8076357554868339,0.8332933161718752,0.8391885219409941,0.824544427577466,0.78479601525288
mobile_B,1000,4,play2013-2014,6.907755278982137,0.19436363636363635,0.062669296852919,-0.569385290145874,0.04676525630260457,0.10510510510510511,-0.7865203475080019,-0.143909465020576,-0.9304298125285779,0.9062826810893714,0.9131963216963719,0.9113282270953851,0.9113953432543527,0.9105716910465691
mobile_B,1000,4,play2016-2016,6.907755278982137,0.32236363636363635,0.08106781913310135,-0.2778972089290619,0.052483972222326994,0.06006006006006006,-0.7156684666993945,-0.19375715922107672,-0.9094256259204713,0.8278434517444854,0.8053294919013109,0.8366005306720525,0.8170889271712012,0.801426181141341
mobile_B,1000,4,play2017-2017,6.907755278982137,0.23036363636363633,0.11215937621479377,-0.12571176886558533,0.01822598952306688,0.05405405405405406,-0.6546642246642246,-0.2930158730158732,-0.9476800976800978,0.8923258848119107,0.8986388012549471,0.9163434028732297,0.9200203921637075,0.9182338960814174
mobile_B,1000,4,play2018-2018,6.907755278982137,0.05036363636363633,0.13664246616742315,-0.26995354890823364,0.10131461221831048,0.08108108108108109,-0.6796131687242798,-0.2742139917695473,-0.9538271604938271,0.9038456131895496,0.9042459050411337,0.8968485383992342,0.9065037385116907,0.9128401309315822
mobile_B,1000,4,play2019-2021,6.907755278982137,0.3383636363636363,0.2617108318235366,-0.42096811532974243,0.026812606404264493,0.03303303303303303,-0.7565741417092768,-0.15549671292914546,-0.9120708546384223,0.8178702375259046,0.8003912269514852,0.8105737552473564,0.8243098730006908,0.8318421542058558
mobile_B,1000,4,slideme,6.907755278982137,0.08236363636363636,0.13300918326054267,-0.44584769010543823,0.011812576573613426,0.03003003003003003,-0.8520938544013672,-0.1364074275503071,-0.9885012819516743,0.9464815599830436,0.9605472804081214,0.9526099603864876,0.9624914121997925,0.9605618979403897
iot,100,0,dev0,4.605170185988092,0.010000000000000009,1.9999999999694205,-0.4083718955516815,0.056059995541969936,0.23333333333333334,-0.2968571428571428,-0.6911428571428572,-0.988,0.9268097643097644,0.7487654320987654,0.9268097643097644,0.7932659932659933,0.7592732884399551
iot,100,0,dev1,4.605170185988092,0.0,1.9999999999669298,-0.7252470254898071,0.0942267899653719,0.08333333333333333,-0.725067385444744,-0.27493261455525597,-1.0,0.8726348379049592,0.8962892430367624,0.919637388215117,0.9277282193489471,0.9154945262993774
iot,100,0,dev2,4.605170185988092,0.030000000000000027,1.9999999999201967,-0.39239302277565,0.018819653987884523,0.0,-0.6825396825396827,-0.3057644110275688,-0.9883040935672515,0.7367371616754141,0.7820700833590615,0.7346274570340641,0.7994108263867449,0.7843341566327056
iot,100,0,dev3,4.605170185988092,0.010000000000000009,1.999999999914533,-0.6636011004447937,0.0724905550479889,0.1,-0.7010336602173337,-0.22475483699973486,-0.9257884972170686,0.9001441477682238,0.827437521999296,0.8343013023583246,0.8588776587720621,0.823469268031042
iot,100,0,dev4,4.605170185988092,0.010000000000000009,1.9999999999533835,-0.7010373473167419,0.0692333790260212,0.03333333333333333,-0.7495361781076066,-0.25046382189239336,-1.0,0.954539751953545,0.9165710803641838,0.9381855330131192,0.9376657824933687,0.9306043443974479
iot,100,0,dev5,4.605170185988092,0.030000000000000027,1.999999999980187,-0.354734867811203,0.08279818997252733,0.11666666666666667,-0.5427689594356261,-0.4572310405643739,-1.0,0.9889639470118923,0.8258081815444829,0.9177846981785338,0.8482142857142857,0.8705357142857143
iot,100,0,dev6,4.605170185988092,0.030000000000000027,1.9999999999324367,-0.515748918056488,0.045070524982535665,0.03333333333333333,-0.7759103641456582,-0.22408963585434183,-1.0,1.0,0.935558667911609,0.9323568316215375,0.9852941176470589,0.981088546529723
iot,100,0,dev7,4.605170185988092,0.020000000000000018,1.9999999999733695,-0.825966477394104,0.11036412647614877,0.08333333333333333,-0.8348214285714286,-0.07383241758241765,-0.9086538461538463,0.9124351106689388,0.819418039972813,0.7976831923088289,0.8949112973926063,0.8176695987943143
iot,100,1,dev0,4.605170185988092,0.012500000000000067,1.9999999999869398,-0.3474292755126953,0.08409477521975836,0.26666666666666666,-0.41346153846153844,-0.5408653846153847,-0.9543269230769231,0.913087150621118,0.6643924689440994,0.913087150621118,0.6788334627329193,0.633981948757764
iot,100,1,dev1,4.605170185988092,0.04749999999999999,1.999999999974786,-0.5799254775047302,0.018392672017216682,0.016666666666666666,-0.7142857142857144,-0.2857142857142856,-1.0,0.9605845810767761,0.9143198470850589,0.9320245301051291,0.9291812679197197,0.9245938196877986
iot,100,1,dev2,4.605170185988092,0.007499999999999951,1.9999999999480882,-0.4867286682128906,0.030655914545059205,0.016666666666666666,-0.6307397959183673,-0.29336734693877553,-0.9241071428571428,0.8293637387387387,0.7596002252252252,0.7511120495495496,0.7937922297297297,0.7629082207207207
iot,100,1,dev3,4.605170185988092,0.012500000000000067,1.9999999999496407,-0.46400290727615356,0.08182434203724066,0.18333333333333332,-0.7788376220053239,-0.1342058562555456,-0.9130434782608695,0.9224642825450351,0.8868488774514154,0.902227349365516,0.8815156624367735,0.8794214215990771
iot,100,1,dev4,4.605170185988092,0.012500000000000067,1.999999999966743,-0.7045831680297852,0.06579428931581788,0.016666666666666666,-0.7292250233426704,-0.27077497665732964,-1.0,0.9504132231404958,0.9480371900826446,0.9353305785123966,0.9721074380165289,0.9659090909090909
iot,100,1,dev5,4.605170185988092,0.0025000000000000577,1.9999999999822906,-0.5373471975326538,0.06767403026266644,0.11666666666666667,-0.6067019400352734,-0.39329805996472655,-1.0,0.9707069576892622,0.8552604399765897,0.939460185217062,0.9481185664612525,0.94218852205047
iot,100,1,dev6,4.605170185988092,0.02749999999999997,1.9999999999395635,-0.5434344410896301,0.07427466216249741,0.016666666666666666,-0.7838961038961038,-0.21610389610389624,-1.0,1.0,0.9273243801652893,0.9221160468319559,0.975206611570248,0.9695118801652892
iot,100,1,dev7,4.605170185988092,0.04250000000000009,1.9999999999804068,-0.8072019219398499,0.07828300582865874,0.1,-0.7995642701525053,-0.17647058823529427,-0.9760348583877996,0.8994344259332876,0.8784377145748257,0.8580824690108778,0.9123360196595713,0.8305536482237722
iot,100,2,dev0,4.605170185988092,0.006249999999999978,1.9999999999321236,-0.44008734822273254,0.03881244013706843,0.16666666666666666,-0.39122063919907585,-0.5926068540623797,-0.9838274932614555,0.9444170288686013,0.7102084005542164,0.9444170288686013,0.7185311367130411,0.7199688727769659
iot,100,2,dev1,4.605170185988092,0.016249999999999987,1.9999999999119091,-0.34530889987945557,0.09919760494182507,0.11666666666666667,-0.6628677445003976,-0.33713225549960235,-1.0,0.9129414349632471,0.8894115532118888,0.9228887024608501,0.9207414509427931,0.8939058005752636
iot,100,2,dev2,4.605170185988092,0.003750000000000031,1.9999999998838103,-0.48147499561309814,0.021780891219774882,0.06666666666666667,-0.6323880201431222,-0.28968990193479993,-0.9220779220779222,0.8421276524756439,0.7586372280795409,0.7428725143467236,0.7922352529027092,0.7654519217936742
iot,100,2,dev3,4.605170185988092,0.01375000000000004,1.9999999998714668,-0.6518834233283997,0.0115255872408549,0.03333333333333333,-0.7094430992736079,-0.29055690072639206,-1.0,0.6619447359216509,0.6,0.5864506820566632,0.6328086743616649,0.6203086743616649
iot,100,2,dev4,4.605170185988092,0.01375000000000004,1.9999999999444236,-0.7590226531028748,0.04993392752367072,0.06666666666666667,-0.5724587912087912,-0.384271978021978,-0.9567307692307692,0.9435107376283847,0.8963585434173669,0.9176003734827265,0.9201680672268908,0.9318394024276377
iot,100,2,dev5,4.605170185988092,0.036250000000000004,1.9999999999552522,-0.30039331316947937,0.08938130437309155,0.08333333333333333,-0.5586419753086419,-0.4228395061728396,-0.9814814814814815,0.9353569544575346,0.9124846140320029,0.8950501142957623,0.962889045190786,0.9407947951468261
iot,100,2,dev6,4.605170185988092,0.01375000000000004,1.9999999999007283,-0.4136505722999573,0.05382689677841578,0.016666666666666666,-0.7826278659611994,-0.21737213403880062,-1.0,1.0,0.9743176340303563,0.9917228519314703,0.9917228519314703,0.9839709139469741
iot,100,2,dev7,4.605170185988092,0.01375000000000004,1.9999999999673166,-0.8461498022079468,0.04256836511194706,0.05,-0.7953246753246753,-0.13558441558441559,-0.9309090909090909,0.9220238095238096,0.8773809523809524,0.9125,0.8833333333333333,0.8863095238095238
iot,100,3,dev0,4.605170185988092,0.015000000000000013,1.9999999999639937,-0.4520794749259949,0.0775153713921706,0.16666666666666666,-0.44820947246823245,-0.5167500962649212,-0.9649595687331536,0.9287133182844244,0.7207223476297968,0.9287133182844244,0.8338871331828442,0.7500677200902934
iot,100,3,dev1,4.605170185988092,0.025000000000000022,1.9999999999553904,-0.7921949625015259,0.07507795346900821,0.08333333333333333,-0.7791895604395604,-0.22081043956043955,-1.0,0.9546068840768039,0.9194484006112711,0.8755054941627769,0.924677471333673,0.9241212978075328
iot,100,3,dev2,4.605170185988092,0.05499999999999994,1.999999999875675,-0.7493610978126526,0.08033115609238545,0.1,-0.6683375104427736,-0.26733500417710954,-0.9356725146198831,0.821070125130344,0.7604275286757038,0.7065302398331594,0.7746676225234619,0.7576903023983316
iot,100,3,dev3,4.605170185988092,0.0050000000000000044,1.9999999999064388,-0.5500136613845825,0.04462531718115012,0.05,-0.798469387755102,-0.1747448979591837,-0.9732142857142857,0.9132917964693665,0.8208439535542339,0.856277730576796,0.859539318417823,0.8050127442650807
iot,100,3,dev4,4.605170185988092,0.03500000000000003,1.9999999999499707,-0.5101606249809265,0.0748142319576194,0.11666666666666667,-0.6565267616480555,-0.3326915671929149,-0.9892183288409704,0.9679466807909605,0.8758121468926554,0.9011917372881356,0.9072740112994351,0.897166313559322
iot,100,3,dev5,4.605170185988092,0.0050000000000000044,1.9999999999645002,-0.3022992014884949,0.08200830060547257,0.16666666666666666,-0.5422390109890111,-0.45776098901098894,-1.0,0.98308727160589,0.8479637267751137,0.9693258037159818,0.8743639657697941,0.8831528024053659
iot,100,3,dev6,4.605170185988092,0.0050000000000000044,1.9999999999079003,-0.4564529359340668,0.034658769972672115,0.0,-0.7106493506493506,-0.28935064935064936,-1.0,1.0,0.9015151515151515,0.9426549477919342,0.9507575757575757,0.9015151515151515
iot,100,3,dev7,4.605170185988092,0.015000000000000013,1.9999999999611788,-0.7822718620300293,0.08109621393183866,0.1,-0.8145604395604396,-0.15899725274725274,-0.9735576923076923,0.8872033806479576,0.7686787694914252,0.8276825027827304,0.8041204109575547,0.809405135984397
iot,100,4,dev0,4.605170185988092,0.05125000000000002,1.999999999974486,-0.4373231828212738,0.20696831302096447,0.36666666666666664,-0.27999999999999997,-0.72,-1.0,0.9381343961255171,0.691822217737867,0.9381343961255171,0.7295832912925033,0.7002522449803249
iot,100,4,dev1,4.605170185988092,0.0012499999999999734,1.9999999999685185,-0.6433292627334595,0.06272679120302199,0.03333333333333333,-0.6599832915622389,-0.3341687552213869,-0.9941520467836258,0.9793975203409531,0.9453022084463386,0.9458446338628439,0.9703990701278574,0.9497965904688106
iot,100,4,dev2,4.605170185988092,0.02124999999999999,1.9999999999624487,-0.6948633193969727,0.061549922140936054,0.16666666666666666,-0.631497043261749,-0.3488951136009961,-0.9803921568627452,0.8375635009888703,0.7706644821033855,0.7768837010896963,0.7945040136502889,0.7789729320975685
iot,100,4,dev3,4.605170185988092,0.028750000000000053,1.9999999999685318,-0.5185196995735168,0.030284574379523595,0.03333333333333333,-0.7319223985890654,-0.25264550264550256,-0.9845679012345679,0.7203125531119345,0.6794843468506747,0.6549466331282505,0.6800112172405588,0.6721294061660832
iot,100,4,dev4,4.605170185988092,0.028750000000000053,1.999999999966846,-0.5181441903114319,0.04908831800566986,0.05,-0.595679012345679,-0.404320987654321,-1.0,0.9356361469373856,0.9371131826501511,0.9011748180309028,0.941024986166092,0.9424722257693781
iot,100,4,dev5,4.605170185988092,0.028750000000000053,1.9999999999857332,-0.33350086212158203,0.0759461989374055,0.1,-0.5806878306878307,-0.4007936507936508,-0.9814814814814815,0.963702393496914,0.887588438958302,0.9078023859701942,0.9466778940237844,0.9164816348035526
iot,100,4,dev6,4.605170185988092,0.011249999999999982,1.9999999999694809,-0.41726022958755493,0.04525520621640453,0.0,-0.7328571428571429,-0.2671428571428571,-1.0,1.0,0.9945421633876983,0.9862091347911943,1.0,0.9950586923133182
iot,100,4,dev7,4.605170185988092,0.0012499999999999734,1.9999999999873994,-0.635128378868103,0.14676761999726295,0.16666666666666666,-0.7482829670329672,-0.2180631868131867,-0.9663461538461539,0.8732051332211745,0.9321374075668062,0.9304256817559372,0.9263273211001994,0.9254959114206346
iot,300,0,dev0,5.703782474656201,0.007499999999999951,1.9999999997464162,-0.46297749876976013,0.057127020806074146,0.2,-0.2817987660180351,-0.7098955861414334,-0.9916943521594686,0.9584034792368126,0.7234427609427609,0.9584034792368126,0.8155162738496071,0.7539842873176207
iot,300,0,dev1,5.703782474656201,0.01416666666666666,1.9999999997338582,-0.7048055529594421,0.0808206929313019,0.03,-0.6961914490004377,-0.3038085509995623,-1.0,0.9876939182341609,0.9192643079081888,0.9304845589299835,0.9826434131836558,0.9425066541935341
iot,300,0,dev2,5.703782474656201,0.019166666666666665,1.9999999993814326,-0.5633830428123474,0.08616208285093307,0.1,-0.7131885012069343,-0.2729866140004389,-0.9861751152073732,0.7700036019347536,0.7447257383966245,0.7321575589173613,0.804247710198621,0.7231269939281671
iot,300,0,dev3,5.703782474656201,0.01416666666666666,1.9999999993687034,-0.590609610080719,0.1207509256899357,0.12,-0.7125645438898449,-0.2683000911207859,-0.9808646350106308,0.9291999798863579,0.8406370996128124,0.8710715542816916,0.9062578568914366,0.8597618209550628
iot,300,0,dev4,5.703782474656201,0.029166666666666674,1.9999999995668087,-0.6766995191574097,0.021649851398542523,0.02,-0.6910795507286736,-0.30307249605495223,-0.9941520467836258,0.9734031113341459,0.9442074700695391,0.9430156283604559,0.9411158505986092,0.9405961000788587
iot,300,0,dev5,5.703782474656201,0.03416666666666657,1.9999999998362605,-0.2338312864303589,0.05002766179357422,0.05,-0.6156427841821099,-0.38435721581789006,-1.0,0.9989462592202318,0.839450361282553,0.8772721285563752,0.9486442495860304,0.9300391389432485
iot,300,0,dev6,5.703782474656201,0.0025000000000000577,1.999999999189169,-0.5155770182609558,0.012774071056337565,0.01,-0.7872931666035115,-0.21270683339648855,-1.0,1.0,0.9905306567071273,0.9889433551198257,0.9963235294117647,0.9926470588235294
iot,300,0,dev7,5.703782474656201,0.019166666666666665,1.9999999997465965,-0.8345023989677429,0.04884117491310462,0.05,-0.8514285714285714,-0.09053221288515412,-0.9419607843137255,0.9183945862350891,0.8925275071661463,0.9172814941045518,0.9149371053694382,0.9184339877264355
iot,300,1,dev0,5.703782474656201,0.012916666666666687,1.9999999997752025,-0.4327852427959442,0.04282983593642711,0.12,-0.4188888888888888,-0.568888888888889,-0.9877777777777779,0.9453610248447204,0.6569293478260869,0.9453610248447204,0.891115100931677,0.7277756211180124
iot,300,1,dev1,5.703782474656201,0.040416666666666656,1.9999999997448061,-0.655441403388977,0.03413649300113321,0.04,-0.7090190915075708,-0.2909809084924292,-1.0,0.9965116279069768,0.9696320484230647,0.986237655304237,0.995412551768079,0.9879181267919719
iot,300,1,dev2,5.703782474656201,0.019583333333333286,1.9999999994295083,-0.5811665654182434,0.10525714252144099,0.13,-0.6958730158730161,-0.2941269841269839,-0.99,0.7718046171171171,0.7647522522522523,0.7383023648648648,0.7744791666666666,0.7737612612612612
iot,300,1,dev3,5.703782474656201,0.01375000000000004,1.999999999520146,-0.5990679860115051,0.15578531239181756,0.22,-0.730646689055369,-0.23499526392835612,-0.9656419529837251,0.8896973999467566,0.901703789156092,0.9112742923063271,0.8846082172331173,0.9075117579199574
iot,300,1,dev4,5.703782474656201,0.01375000000000004,1.9999999997792075,-0.6681117415428162,0.03032153181135072,0.01,-0.6553334306143295,-0.34466656938567053,-1.0,0.9769628099173553,0.9599173553719009,0.9261363636363636,0.9826446280991736,0.9484504132231405
iot,300,1,dev5,5.703782474656201,0.012916666666666687,1.9999999998655589,-0.3971323072910309,0.0354138408054132,0.04,-0.5707521645021646,-0.4292478354978354,-1.0,0.9989327641408752,0.9162133783178985,0.8825911453850656,0.9780011705167487,0.9627026887458258
iot,300,1,dev6,5.703782474656201,0.016249999999999987,1.9999999994815756,-0.5370768308639526,0.01423753184380985,0.0,-0.7639979068550496,-0.23600209314495035,-1.0,1.0,0.9963541666666667,0.9947916666666667,0.9994791666666667,0.9989583333333334
iot,300,1,dev7,5.703782474656201,0.006249999999999978,1.9999999998567632,-0.8120225667953491,0.0371440912783146,0.08,-0.8434311224489798,-0.1506164965986393,-0.9940476190476191,0.9138538542156048,0.9055780419934227,0.9169708358931734,0.9147573271656246,0.9129413465360847
iot,300,2,dev0,5.703782474656201,0.021250000000000102,1.99999999965108,-0.5500760078430176,0.06080161578953266,0.17,-0.3592063492063492,-0.6407936507936508,-1.0,0.9712168087004385,0.7461328221382884,0.9712168087004385,0.8443259248011843,0.8049234156433276
iot,300,2,dev1,5.703782474656201,0.004583333333333384,1.999999999539317,-0.6642845273017883,0.0755905457714107,0.03,-0.7033512200060746,-0.29664877999392536,-1.0,0.9832414509427931,0.893955736657079,0.9112635826142538,0.9480165388302972,0.900107861936721
iot,300,2,dev2,5.703782474656201,0.018749999999999933,1.9999999992453592,-0.6115430593490601,0.014639478698372843,0.07,-0.6835854341736695,-0.2003361344537815,-0.883921568627451,0.8539928933671426,0.7560431402642467,0.75907930735353,0.8162826971840385,0.7585329640998265
iot,300,2,dev3,5.703782474656201,0.011250000000000093,1.999999999127075,-0.6881777048110962,0.014971821457147599,0.05,-0.729483282674772,-0.2492401215805472,-0.9787234042553192,0.9257126617698496,0.8748819517313746,0.8440188877229801,0.9084295208114725,0.8665486183980413
iot,300,2,dev4,5.703782474656201,0.025416666666666643,1.999999999662542,-0.6691281795501709,0.030314848959678786,0.08,-0.5680952380952381,-0.39301587301587304,-0.9611111111111111,0.9461367880485527,0.9480042016806722,0.875,0.9678454715219421,0.9729225023342671
iot,300,2,dev5,5.703782474656201,0.002083333333333326,1.9999999997324163,-0.30698108673095703,0.036700562896876364,0.04,-0.6061398918541776,-0.3938601081458224,-1.0,0.9793388429752066,0.9328160717425708,0.9451732020397398,0.973936170212766,0.9825698962546159
iot,300,2,dev6,5.703782474656201,0.002083333333333326,1.999999999198091,-0.4383433759212494,0.02544084798051699,0.01,-0.6861471861471861,-0.31385281385281394,-1.0,1.0,0.990672431763403,0.9763655462184874,1.0,0.9945484007556511
iot,300,2,dev7,5.703782474656201,0.011250000000000093,1.999999999806085,-0.7813008427619934,0.04420339229633101,0.06,-0.8297748447204968,-0.11859472049689457,-0.9483695652173914,0.9226190476190477,0.8702380952380953,0.8601190476190477,0.8672619047619048,0.8523809523809524
iot,300,3,dev0,5.703782474656201,0.03125,1.9999999997811333,-0.3696412444114685,0.03681596402078867,0.22,-0.39408866995073893,-0.5953012504736643,-0.9893899204244032,0.9652776523702031,0.6859999999999999,0.9652776523702031,0.8879322799097065,0.7272460496613995
iot,300,3,dev1,5.703782474656201,0.04208333333333336,1.9999999996995155,-0.7018271684646606,0.03712688270257786,0.01,-0.7477760334903193,-0.2522239665096807,-1.0,0.9949944382647387,0.9727422993357104,0.9787510525713929,0.9931024086991778,0.9804195731498133
iot,300,3,dev2,5.703782474656201,0.0279166666666667,1.9999999994858721,-0.6640142798423767,0.04493909896555124,0.11,-0.7114994934143869,-0.237082066869301,-0.9485815602836879,0.8407194994786236,0.7495763816475496,0.727483055265902,0.7748305526590198,0.7536822210636079
iot,300,3,dev3,5.703782474656201,0.0012499999999999734,1.9999999991112456,-0.5306877493858337,0.01661936640739441,0.04,-0.7654158437568576,-0.1946456001755541,-0.9600614439324117,0.9069055036344755,0.8433257811762485,0.9135466817709808,0.9201689795147739,0.8286604361370716
iot,300,3,dev4,5.703782474656201,0.025416666666666643,1.9999999996207907,-0.6733421683311462,0.023473914619535206,0.02,-0.6278893520272829,-0.3721106479727171,-1.0,0.911087570621469,0.949267302259887,0.958642302259887,0.975829802259887,0.9576006355932203
iot,300,3,dev5,5.703782474656201,0.02458333333333329,1.9999999997942506,-0.36499831080436707,0.07549229926429689,0.1,-0.5738016136687233,-0.4261983863312767,-1.0,0.9968487394957983,0.8488021355331123,0.9249961452470896,0.9682753835479145,0.9270969855832241
iot,300,3,dev6,5.703782474656201,0.008750000000000036,1.9999999993017368,-0.5111857056617737,0.01686035765924317,0.01,-0.7155067155067155,-0.2844932844932845,-1.0,1.0,0.9989462592202318,0.994631510042469,0.9989462592202318,0.9989462592202318
iot,300,3,dev7,5.703782474656201,0.008750000000000036,1.999999999797717,-0.826235830783844,0.038360093887895345,0.01,-0.8160173160173159,-0.1603084415584417,-0.9763257575757576,0.9309488864153508,0.880529753051153,0.916606743565244,0.9137058087648617,0.9089776298032881
iot,300,4,dev0,5.703782474656201,0.012083333333333335,1.9999999998283502,-0.5633118748664856,0.11343309186398984,0.25,-0.29833074534161497,-0.701669254658385,-1.0,0.9552063363939058,0.6887296942790838,0.9552063363939058,0.9243668650993845,0.7073050146302089
iot,300,4,dev1,5.703782474656201,0.008750000000000036,1.9999999997623576,-0.6799085736274719,0.0577452100533992,0.06,-0.6826475155279503,-0.3146350931677018,-0.9972826086956521,0.9865071677644324,0.9750871755133669,0.9479368461836497,0.997191011235955,0.9863231305695467
iot,300,4,dev2,5.703782474656201,0.018750000000000044,1.9999999994789763,-0.6502306461334229,0.09686133217066525,0.11,-0.7157738095238094,-0.2566964285714287,-0.9724702380952381,0.8614175747469655,0.77588028851747,0.7633836817000814,0.841218443401714,0.8002578818784659
iot,300,4,dev3,5.703782474656201,0.004583333333333273,1.9999999996639037,-0.6753712892532349,0.07596871167421342,0.13,-0.7571951857666145,-0.23303680446537578,-0.9902319902319903,0.8036133111254631,0.7001512627893538,0.7381836568204221,0.7241833508956796,0.7844632720350794
iot,300,4,dev4,5.703782474656201,0.0012499999999999734,1.9999999998556754,-0.6175046563148499,0.015069015790941193,0.01,-0.6950793650793651,-0.30380952380952386,-0.9988888888888889,0.963967990465245,0.960456306133742,0.9429957859788023,0.9575618269271697,0.9635976673902864
iot,300,4,dev5,5.703782474656201,0.02791666666666659,1.9999999998421725,-0.3330187499523163,0.036561403372325,0.03,-0.6866666666666666,-0.31333333333333335,-1.0,0.993677555321391,0.8946870766220081,0.8994006849315068,0.9789816348035526,0.9461510236339004
iot,300,4,dev6,5.703782474656201,0.0012499999999999734,1.9999999996023696,-0.49480724334716797,0.008261545753139218,0.0,-0.7694805194805194,-0.23051948051948057,-1.0,1.0,0.9901173846266365,0.9950586923133182,1.0,0.995575221238938
iot,300,4,dev7,5.703782474656201,0.004583333333333273,1.9999999998829914,-0.7615187764167786,0.0539780833851546,0.14,-0.8035872173803209,-0.16104585070102295,-0.9646330680813439,0.9187272584999413,0.8963378848937752,0.9291541140107202,0.9403341288782816,0.934524042411675
iot,1000,0,dev0,6.907755278982137,0.009624999999999995,1.9999999991724982,-0.47400131821632385,0.09583311139496865,0.10510510510510511,-0.3242878520656299,-0.6691651969429746,-0.9934530490086045,0.9684203142536476,0.8013608305274972,0.9684203142536476,0.9687429854096521,0.8712682379349046
iot,1000,0,dev1,6.907755278982137,0.001375000000000015,1.9999999989050057,-0.6939923167228699,0.07659692598724258,0.07207207207207207,-0.6674860388525607,-0.33251396114743925,-1.0,0.9928335170893055,0.9509538605459222,0.959311973093671,0.9933847850055126,0.9671188177252124
iot,1000,0,dev2,6.907755278982137,0.0006249999999999867,1.9999999970186317,-0.5917903184890747,0.056850077690662915,0.08408408408408409,-0.7073304473304473,-0.25691197691197687,-0.9642424242424241,0.8884815272203355,0.7723448595245446,0.7429247710198621,0.8628177421014717,0.8107311927549655
iot,1000,0,dev3,6.907755278982137,0.0006249999999999867,1.999999996956069,-0.6651613712310791,0.09541220565860693,0.11411411411411411,-0.7131910642548941,-0.27602185048993555,-0.9892129147448296,0.9482408943866176,0.8646854729220093,0.884287893263606,0.926832436600124,0.893024756541124
iot,1000,0,dev4,6.907755278982137,0.015375000000000028,1.9999999980669614,-0.6481844186782837,0.011747320772345488,0.021021021021021023,-0.5505899873983274,-0.4490892427540383,-0.9996792301523657,0.9932432432432432,0.963680192128468,0.9416356011183598,0.9942827442827442,0.9726682916338089
iot,1000,0,dev5,6.907755278982137,0.0006249999999999867,1.9999999990732895,-0.37072813510894775,0.025929139517434707,0.021021021021021023,-0.5759873232569478,-0.4240126767430522,-1.0,1.0,0.9550513698630136,0.9542469516784585,0.9994731296101159,0.9763190576546741
iot,1000,0,dev6,6.907755278982137,0.005375000000000019,1.9999999962793191,-0.5135760307312012,0.008298849051601241,0.0,-0.7095761381475667,-0.2904238618524333,-1.0,0.9978835978835978,0.992619825708061,0.9910325241207594,0.9941798941798942,0.9931489262371616
iot,1000,0,dev7,6.907755278982137,0.010624999999999996,1.9999999990364234,-0.7996619343757629,0.07991018283704673,0.10510510510510511,-0.8125392256584499,-0.18738502824247416,-0.9999242539009241,0.9828751268235503,0.9149371053694382,0.9185127907091284,0.952122262827648,0.8961819954885293
iot,1000,1,dev0,6.907755278982137,0.005750000000000033,1.9999999986581884,-0.46658197045326233,0.07902765644619147,0.10810810810810811,-0.4093314093314094,-0.5778552722997166,-0.987186681631126,0.956148097826087,0.7816236413043478,0.956148097826087,0.9715401785714286,0.8596564440993789
iot,1000,1,dev1,6.907755278982137,0.01824999999999999,1.999999998527194,-0.6683241128921509,0.05249253965287774,0.06306306306306306,-0.6972258674886318,-0.3027741325113682,-1.0,0.9988372093023256,0.9792609111181905,0.9657534246575342,0.9965116279069768,0.9861102261866836
iot,1000,1,dev2,6.907755278982137,0.011750000000000038,1.9999999956412289,-0.6006030440330505,0.1443925590447343,0.15915915915915915,-0.6704450589585724,-0.29221016383178544,-0.9626552227903579,0.878392454954955,0.8007882882882883,0.7477336711711712,0.8275760135135135,0.824535472972973
iot,1000,1,dev3,6.907755278982137,0.0012499999999999734,1.9999999962122876,-0.6526550650596619,0.10702427520833394,0.12012012012012012,-0.6936927688580462,-0.28690510409395154,-0.9805978729519977,0.9220250244032301,0.8778019345106043,0.9015218741680717,0.9172641760582128,0.9128449729345993
iot,1000,1,dev4,6.907755278982137,0.010249999999999981,1.999999998035082,-0.6712139248847961,0.013854476582028551,0.018018018018018018,-0.5796492510047498,-0.417006267389899,-0.9966555183946488,0.9801652892561984,0.9409090909090909,0.9382231404958677,0.9590909090909091,0.9771694214876032
iot,1000,1,dev5,6.907755278982137,0.004249999999999976,1.9999999986353023,-0.4010160267353058,0.011968861540177993,0.009009009009009009,-0.579076479076479,-0.42092352092352103,-1.0,0.9989327641408752,0.962939374117809,0.9479980720900609,0.9978655282817503,0.9865993045753434
iot,1000,1,dev6,6.907755278982137,0.0012499999999999734,1.9999999946840636,-0.4813522696495056,0.00800575703961859,0.0,-0.7660467104911549,-0.23395328950884509,-1.0,0.9989583333333334,0.996875,0.9973958333333333,0.9984375,0.9973958333333333
iot,1000,1,dev7,6.907755278982137,0.017750000000000044,1.9999999986179438,-0.8001533150672913,0.035234371534417254,0.04804804804804805,-0.815677055987781,-0.18415588754713386,-0.9998329435349148,0.9828520834086227,0.9002385168588052,0.9053792779444183,0.9804307759025694,0.9172780166961801
iot,1000,2,dev0,6.907755278982137,0.014125000000000054,1.9999999987038453,-0.42109063267707825,0.06244844472309849,0.10810810810810811,-0.36764804282368685,-0.6303613248578122,-0.998009367681499,0.9738502856492113,0.7650037011027389,0.9738502856492113,0.9719285592271338,0.8364302389583769
iot,1000,2,dev1,6.907755278982137,0.005874999999999964,1.9999999979359153,-0.6311439275741577,0.06625687113469089,0.057057057057057055,-0.6228261358019144,-0.37717386419808563,-1.0,0.9893935762224353,0.9558764781080218,0.9670521732182806,0.9899528603387664,0.9709471875998721
iot,1000,2,dev2,6.907755278982137,0.011874999999999969,1.999999995118693,-0.5258198380470276,0.041378182412178305,0.06006006006006006,-0.637868525336556,-0.30635732553891115,-0.9442258508754672,0.8860019351394635,0.8005138128920326,0.7932945749366075,0.8943347123982384,0.7980073068196984
iot,1000,2,dev3,6.907755278982137,0.0068749999999999645,1.9999999949222622,-0.6221926808357239,0.07775554065305919,0.0960960960960961,-0.6908196806845456,-0.28763174371282474,-0.9784514243973703,0.947656523259881,0.8737102133613152,0.8820741518013291,0.9382126617698496,0.8868266876530255
iot,1000,2,dev4,6.907755278982137,0.01012500000000005,1.99999999750669,-0.6863925457000732,0.01971502881532104,0.042042042042042045,-0.5936613055818354,-0.40495010223700667,-0.9986114078188421,0.9907796451914099,0.970063025210084,0.9400093370681606,0.9831932773109244,0.98109243697479
iot,1000,2,dev5,6.907755278982137,0.003874999999999962,1.9999999984105372,-0.41794025897979736,0.02048981609994087,0.018018018018018018,-0.5416738816738816,-0.45832611832611836,-1.0,0.999468085106383,0.9790926674872515,0.9737735185510814,0.9978723404255319,0.9858844733602954
iot,1000,2,dev6,6.907755278982137,0.0021250000000000435,1.9999999937332933,-0.5079800486564636,0.007554787970235474,0.003003003003003003,-0.7263383074193885,-0.27366169258061146,-1.0,1.0,0.9984243697478992,0.9973739495798319,1.0,1.0
iot,1000,2,dev7,6.907755278982137,0.0021250000000000435,1.9999999983638044,-0.8257770538330078,0.03151863112134516,0.0990990990990991,-0.7897413024085639,-0.21016949152542364,-0.9999107939339875,0.9904761904761905,0.9029761904761905,0.9148809523809525,0.9940476190476191,0.9232142857142858
iot,1000,3,dev0,6.907755278982137,0.00462499999999999,1.999999998685366,-0.4349270761013031,0.10162352199048118,0.15015015015015015,-0.4284545433293592,-0.5643453257591697,-0.9927998690885289,0.979683972911964,0.7830474040632054,0.979683972911964,0.9762483069977427,0.8358465011286682
iot,1000,3,dev1,6.907755278982137,0.009375000000000022,1.9999999983492929,-0.6662895679473877,0.05890342248701588,0.06306306306306306,-0.6802682913794024,-0.31973170862059763,-1.0,0.9949944382647387,0.988429511502916,0.988429511502916,0.9922135706340378,0.988429511502916
iot,1000,3,dev2,6.907755278982137,0.00462499999999999,1.9999999971120173,-0.5999956130981445,0.048210370575298776,0.06906906906906907,-0.697565445931459,-0.2806480616938133,-0.9782135076252723,0.8842218456725756,0.7809893117831075,0.7446558915537018,0.8792361835245046,0.7908628779979145
iot,1000,3,dev3,6.907755278982137,0.00462499999999999,1.999999995175453,-0.6316757202148438,0.059826943436050196,0.06606606606606606,-0.7082641196013288,-0.2621470099667774,-0.9704111295681063,0.9450816576984802,0.9102945341263098,0.9102945341263098,0.9488530161427358,0.9179552534692721
iot,1000,3,dev4,6.907755278982137,0.0036249999999999893,1.9999999983175036,-0.6890536546707153,0.01603042448327828,0.03003003003003003,-0.5628565807593942,-0.43547117843793026,-0.9983277591973244,0.9921168785310734,0.9606550141242938,0.9607256355932203,0.9900335451977401,0.967046257062147
iot,1000,3,dev5,6.907755278982137,0.003375000000000017,1.9999999991040682,-0.4099638760089874,0.02938490865677636,0.018018018018018018,-0.5506346868644366,-0.4493653131355634,-1.0,0.9947478991596639,0.9323490864235602,0.9558100763241076,0.9942226890756303,0.9790253257266209
iot,1000,3,dev6,6.907755278982137,0.009375000000000022,1.9999999970134916,-0.5322425961494446,0.0056298190436838745,0.0,-0.738037518037518,-0.26196248196248195,-1.0,0.9994731296101159,0.9989462592202318,0.9984193888303478,0.9957850368809273,0.9952581664910432
iot,1000,3,dev7,6.907755278982137,0.00462499999999999,1.9999999990287356,-0.8255746364593506,0.03639553968630596,0.06906906906906907,-0.7855024793800304,-0.21231716129675327,-0.9978196406767836,0.9922920832553512,0.8883952757611875,0.9030575557284843,0.9714339187738257,0.9255065554231228
iot,1000,4,dev0,6.907755278982137,0.00024999999999997247,1.99999999901139,-0.4737476706504822,0.07660782105057268,0.0990990990990991,-0.3877069222337765,-0.6082600264185942,-0.9959669486523707,0.9602815053980426,0.7660528705478762,0.9602815053980426,0.9625012612249016,0.8787054787609727
iot,1000,4,dev1,6.907755278982137,0.005249999999999977,1.9999999986283519,-0.6587170958518982,0.05589427614609736,0.06606606606606606,-0.6445747990666321,-0.3548580502981592,-0.9994328493647913,0.9949438202247192,0.9591631150716777,0.9853932584269662,0.9988764044943821,0.9677741185586981
iot,1000,4,dev2,6.907755278982137,0.005249999999999977,1.999999997181753,-0.5887501835823059,0.0879092693857446,0.08408408408408409,-0.7018470418470419,-0.2385569985569984,-0.9404040404040404,0.861931399542405,0.7976548260751541,0.7545129328731531,0.8682233295846744,0.7908539186411758
iot,1000,4,dev3,6.907755278982137,0.012750000000000039,1.999999997255637,-0.652542233467102,0.0837193071386321,0.0990990990990991,-0.7326578569902645,-0.24277474288155776,-0.9754325998718223,0.9525816649104321,0.8812927019953092,0.9047001937523369,0.9457323498419389,0.91485094666712
iot,1000,4,dev4,6.907755278982137,0.006249999999999978,1.9999999984642254,-0.690447986125946,0.010410939664377162,0.012012012012012012,-0.6581153266675798,-0.3416929187782496,-0.9998082454458294,0.9933171583024731,0.9747158728131784,0.9618737496275487,0.9857106372110842,0.9803515940918572
iot,1000,4,dev5,6.907755278982137,0.0022499999999999742,1.9999999987209796,-0.3818129897117615,0.02115639327161256,0.006006006006006006,-0.5449116101290014,-0.45508838987099864,-1.0,0.9950088438958302,0.9605411711576095,0.9556064654523558,0.9955357142857143,0.9453748306488032
iot,1000,4,dev6,6.907755278982137,0.003249999999999975,1.999999996223038,-0.5301637649536133,0.01029642316329641,0.0,-0.7624153340265872,-0.23758466597341277,-1.0,1.0,0.995575221238938,0.995575221238938,1.0,0.995575221238938
iot,1000,4,dev7,6.907755278982137,0.009750000000000036,1.999999999011908,-0.799182116985321,0.062414128427021764,0.13213213213213212,-0.7683036997495174,-0.23104956268221588,-0.9993532624317333,0.9892601431980907,0.9166242810751595,0.9351207011228921,0.9846433741539184,0.9258089127117649
iot,99999,0,dev0,7.793586803371584,0.0010151926478445539,1.999999989944084,-0.41754984855651855,0.11257683981222288,0.10726072607260725,-0.42233326007919153,-0.5758045425278848,-0.9981378026070763,0.9767536475869809,0.8638047138047138,0.9767536475869809,0.9834876543209876,0.9390011223344557
iot,99999,0,dev1,7.789040401657477,0.0031908176531828536,1.999999987090186,-0.6523154973983765,0.07708228283253814,0.08609271523178808,-0.6535049234669007,-0.3464950765330993,-1.0,0.9994487320837927,0.9855779403739713,0.9743743944405465,0.9994487320837927,0.9806165291281057
iot,99999,0,dev2,7.851661177889265,0.00034787847414186057,1.9999999565641056,-0.5193762183189392,0.0726496415795008,0.07309486780715396,-0.679341388296612,-0.295316571902393,-0.974657960199005,0.9048703303488732,0.7927987033034887,0.7967479674796748,0.8976407327364413,0.8275573736750026
iot,99999,0,dev3,7.853216388156072,0.007515635058240933,1.9999999502183847,-0.6506701111793518,0.1007173400970974,0.11645962732919254,-0.6867439199118859,-0.3026038454812374,-0.9893477653931233,0.9373920986909372,0.8530195605169206,0.8999052982685507,0.9259817971539197,0.915489180536699
iot,99999,0,dev4,7.857867559331803,0.001430330829085169,1.9999999839846871,-0.6886233687400818,0.011386043504117052,0.017027863777089782,-0.5922206832871654,-0.40775623268698047,-0.9999769159741458,0.9963617463617463,0.9728833608143953,0.9754821134131479,0.9984407484407485,0.9763065452720625
iot,99999,0,dev5,7.841885928984623,0.0058648068094308,1.9999999849318713,-0.4119243323802948,0.017706652416729505,0.015698587127158554,-0.5838621390285138,-0.4161378609714862,-1.0,0.9952581664910432,0.9653112298660244,0.9742398012945959,0.994204425711275,0.9778996688243263
iot,99999,0,dev6,7.860185057472165,0.007089363798636339,1.999999947808527,-0.5467114448547363,0.0006622333993736616,0.0,-0.7565708636395735,-0.2434291363604265,-1.0,0.9984126984126984,0.998941798941799,0.9957944288826641,0.998941798941799,0.9994708994708994
iot,99999,0,dev7,7.741967899820685,0.007478658051553677,1.9999999805974018,-0.8140936493873596,0.09377911326948757,0.0954861111111111,-0.798565362750215,-0.20133589132305452,-0.9999012540732695,0.983948817462741,0.9114796245037875,0.9173208955958982,0.985140712575971,0.9250682138318935
iot,99999,1,dev0,7.793586803371584,0.0007778561502993497,1.9999999902100598,-0.42081332206726074,0.10117370846393908,0.11386138613861387,-0.3886394260600743,-0.605629252137772,-0.9942686781978463,0.9811432453416149,0.845797748447205,0.9811432453416149,0.9854910714285714,0.9196671195652174
iot,99999,1,dev1,7.789040401657477,0.012371897434886758,1.9999999861577717,-0.6407625675201416,0.09140856168129258,0.11092715231788079,-0.6620528641707663,-0.33794713582923375,-1.0,0.9965753424657534,0.977516725071679,0.9850748646065626,0.9965753424657534,0.987273016884358
iot,99999,1,dev2,7.851661177889265,0.0013370442444868846,1.9999999717496033,-0.546919047832489,0.10460300560646675,0.09953343701399689,-0.6616507020977102,-0.30571291241803134,-0.9673636145157415,0.8926942567567568,0.7912162162162162,0.7474239864864864,0.900267454954955,0.7924408783783784
iot,99999,1,dev3,7.853216388156072,0.001949336473800467,1.99999995787964,-0.6197779178619385,0.07980664561340667,0.08540372670807453,-0.6707975562808602,-0.316361201774207,-0.9871587580550673,0.935881622149259,0.9111278729257255,0.9033720827047653,0.9300736533853935,0.9196512556571124
iot,99999,1,dev4,7.857867559331803,0.00294703037152233,1.9999999849826606,-0.7050741910934448,0.009975498856559399,0.007739938080495356,-0.5904316967537523,-0.40735796993803186,-0.9977896666917841,0.993801652892562,0.9883264462809918,0.972004132231405,0.993801652892562,0.9927685950413223
iot,99999,1,dev5,7.841885928984623,0.004429244560969159,1.9999999881882367,-0.42969778180122375,0.008351237676538443,0.0031397174254317113,-0.5862604938705258,-0.4137395061294742,-1.0,0.9989327641408752,0.9742055978242159,0.9761033841704823,0.9983991462113126,0.9903346300822804
iot,99999,1,dev6,7.860185057472165,0.005424256615387257,1.999999946888299,-0.5338937640190125,0.00043764458127198844,0.0,-0.779242158922255,-0.220757841077745,-1.0,0.9916666666666667,0.9942708333333333,0.9932291666666666,0.9942708333333333,0.9927083333333333
iot,99999,1,dev7,7.741967899820685,0.010736896577174249,1.9999999808684115,-0.8155620694160461,0.06957450986408276,0.0920138888888889,-0.757281284606866,-0.24271871539313405,-1.0,0.9870893715442159,0.9230241046583065,0.9166726898196669,0.9858787177911893,0.9244425571898378
iot,99999,2,dev0,7.793586803371584,0.006026174819269481,1.999999989853726,-0.43971675634384155,0.11657109974461635,0.11221122112211221,-0.3938279817338464,-0.6052281471360252,-0.9990561288698717,0.9796913849716249,0.8226744737791105,0.9796913849716249,0.9876060508284776,0.9326589101675935
iot,99999,2,dev1,7.789040401657477,0.0025442776102866382,1.9999999838788387,-0.6435181498527527,0.09562961791365018,0.1076158940397351,-0.6454233345868328,-0.35457666541316724,-1.0,0.9944171460530521,0.9865871684244167,0.9804450303611377,0.9944171460530521,0.9832414509427931
iot,99999,2,dev2,7.851661177889265,0.0018650362200822723,1.99999996758213,-0.5532596111297607,0.1657841453621306,0.17107309486780714,-0.6552739577003008,-0.3091449278624322,-0.964418885562733,0.9039561924462832,0.8281270852795943,0.8163327438943013,0.8986595822767918,0.8415104097157347
iot,99999,2,dev3,7.853216388156072,0.0012609710245774508,1.9999999592123867,-0.6633824110031128,0.09376774073313998,0.09937888198757763,-0.6809440559440559,-0.30426864801864795,-0.9852127039627039,0.9502492130115425,0.9099728926197972,0.8893581671913255,0.9523478488982162,0.9297569080097936
iot,99999,2,dev4,7.857867559331803,0.0021668710024032034,1.9999999788985674,-0.6864601969718933,0.029731002823339958,0.03560371517027864,-0.5992575980202615,-0.40066506844018246,-0.9999226664604439,0.9947478991596639,0.9659780578898226,0.9580415499533146,0.9789915966386555,0.986577964519141
iot,99999,2,dev5,7.841885928984623,0.0003789453881313243,1.9999999895277578,-0.39430686831474304,0.016670290946129686,0.015698587127158554,-0.5816090743081893,-0.4183909256918107,-1.0,0.9930851063829786,0.9774969228064005,0.9774969228064005,0.9978723404255319,0.986293300509935
iot,99999,2,dev6,7.860185057472165,0.006281798962072038,1.9999999563510977,-0.5276214480400085,0.0005049572015762354,0.0,-0.7231915838187615,-0.2768084161812385,-1.0,0.9936974789915967,0.9957983193277311,0.9952731092436975,0.9889705882352942,0.993172268907563
iot,99999,2,dev7,7.741967899820685,0.009734112918834747,1.9999999839145974,-0.8265482187271118,0.0929781095856482,0.09895833333333333,-0.7898357010867747,-0.21006019460070413,-0.9998958956874788,0.993452380952381,0.9178571428571428,0.9273809523809524,0.9976190476190476,0.9345238095238095
iot,99999,3,dev0,7.793586803371584,0.0038579546420605126,1.9999999896121317,-0.44977006316185,0.12205671692934048,0.12211221122112212,-0.39576606762107824,-0.6022083460249772,-0.9979744136460554,0.9853273137697517,0.8139367945823928,0.9853273137697517,0.9887133182844243,0.9160812641083522
iot,99999,3,dev1,7.789040401657477,0.002034647788776711,1.9999999876225694,-0.6582470536231995,0.09135181040203905,0.1076158940397351,-0.665284908259977,-0.334715091740023,-1.0,1.0,0.9827586206896552,0.9886530204900564,1.0,0.9925462351730375
iot,99999,3,dev2,7.851661177889265,0.004257092090660386,1.9999999729437405,-0.5914139747619629,0.09917198111481304,0.09642301710730948,-0.677472841623785,-0.30588907947398525,-0.9833619210977702,0.8884254431699687,0.8067648592283629,0.7630995828988529,0.8924335245046924,0.8234489051094891
iot,99999,3,dev3,7.853216388156072,0.0009790466085133342,1.999999977385715,-0.6352025866508484,0.09195884139233097,0.10093167701863354,-0.6808416287196865,-0.3061857990045538,-0.9870274277242402,0.9371566128575475,0.897314264136694,0.9041914471821013,0.9372840555083546,0.9136646842254319
iot,99999,3,dev4,7.857867559331803,0.003055856109916766,1.999999990523647,-0.6825469732284546,0.013963436328989498,0.020123839009287926,-0.5775883524141364,-0.4224116475858636,-1.0,0.9973958333333333,0.9607256355932203,0.9606550141242938,0.9921168785310734,0.9796168785310735
iot,99999,3,dev5,7.841885928984623,0.002428023303069571,1.999999991141194,-0.400638222694397,0.018691341778204227,0.02040816326530612,-0.5563254234786139,-0.4436745765213861,-1.0,0.993172268907563,0.9728625395112174,0.9762595405134531,0.9936974789915967,0.991736373448462
iot,99999,3,dev6,7.860185057472165,0.006787667000467068,1.999999974336622,-0.5219044089317322,0.0006044904523736802,0.0,-0.7498688020433851,-0.25013119795661487,-1.0,0.9973656480505795,0.994204425711275,0.9957850368809273,0.9920969441517387,0.9957850368809273
iot,99999,3,dev7,7.741967899820685,0.012027197400770184,1.9999999916858795,-0.8134177923202515,0.08852620316482943,0.0920138888888889,-0.7781300398947458,-0.2199091757915287,-0.9980392156862745,0.9934839783685813,0.9190299352830504,0.9119573675863631,0.9893517469636226,0.90202326658064
iot,99999,4,dev0,7.793586803371584,0.0020279740096338372,1.9999999890266562,-0.45997563004493713,0.10714859365087567,0.10561056105610561,-0.40560766394099723,-0.5925124258457592,-0.9981200897867565,0.9753708001210776,0.8156543234789628,0.9753708001210776,0.9770356169912219,0.9277519927353446
iot,99999,4,dev1,7.789040401657477,0.0013282755154546688,1.999999984910609,-0.6378394365310669,0.08622408606418845,0.09271523178807947,-0.708040593286495,-0.29192628864759995,-0.999966881934095,0.9904494382022472,0.9846377373111197,0.9775184037194886,0.9921348314606742,0.9906334753971329
iot,99999,4,dev2,7.851661177889265,0.0004157662125973127,1.999999961494837,-0.5705808401107788,0.10047537121997094,0.09020217729393468,-0.6918487476718651,-0.26879534650988235,-0.9606440941817475,0.8785482995307713,0.8308983208593477,0.773170589832086,0.865562104936596,0.836594020242758
iot,99999,4,dev3,7.853216388156072,0.0017626683377095498,1.9999999687490957,-0.6619948148727417,0.05604618866580845,0.05434782608695652,-0.7112187247780468,-0.2729330932720764,-0.9841518180501232,0.9617211665930181,0.8773454230259357,0.8968183826778613,0.9441942282198579,0.9253883544648016
iot,99999,4,dev4,7.857867559331803,0.005391676607089058,1.9999999858261848,-0.6832754015922546,0.0112816192890552,0.01238390092879257,-0.6118061411415778,-0.38819385885842217,-1.0,0.9912229174647766,0.9862341974205082,0.9642446686246967,0.985587196186098,0.9866343166049462
iot,99999,4,dev5,7.841885928984623,0.0003379815036081979,1.9999999882153177,-0.4016997516155243,0.019924057295258757,0.015698587127158554,-0.5514937450791707,-0.4485062549208293,-1.0,0.9984193888303478,0.976041509860003,0.969220419990968,0.9989462592202318,0.9984193888303478
iot,99999,4,dev6,7.860185057472165,0.0025639503889915982,1.999999962170561,-0.5142961740493774,0.0013623879836362545,0.0,-0.7304780735823743,-0.26952192641762573,-1.0,0.9984504132231404,0.9940256344620786,0.9984504132231404,0.9979338842975207,0.9984504132231404
iot,99999,4,dev7,7.741967899820685,0.007472777067948577,1.9999999880927568,-0.8134190440177917,0.07378790738718838,0.09027777777777778,-0.7830507799270873,-0.2167260991692731,-0.9997768790963604,0.9874701670644391,0.9375855862905434,0.9380257443561955,0.9886634844868736,0.9418404475918463
